# Blender 5.1.1
# www.blender.org
o Torus.001
v 1.250000 0.000000 0.000000
v 1.248796 -0.000000 0.024504
v 1.245196 -0.000000 0.048773
v 1.239235 -0.000000 0.072571
v 1.230970 -0.000000 0.095671
v 1.220480 -0.000000 0.117849
v 1.207867 -0.000000 0.138893
v 1.193253 -0.000000 0.158598
v 1.176777 -0.000000 0.176777
v 1.158598 -0.000000 0.193253
v 1.138893 -0.000000 0.207867
v 1.117849 -0.000000 0.220480
v 1.095671 -0.000000 0.230970
v 1.072571 -0.000000 0.239235
v 1.048773 -0.000000 0.245196
v 1.024504 -0.000000 0.248796
v 1.000000 -0.000000 0.250000
v 0.975496 -0.000000 0.248796
v 0.951227 -0.000000 0.245196
v 0.927429 -0.000000 0.239235
v 0.904329 -0.000000 0.230970
v 0.882151 -0.000000 0.220480
v 0.861107 -0.000000 0.207867
v 0.841402 -0.000000 0.193253
v 0.823223 -0.000000 0.176777
v 0.806747 -0.000000 0.158598
v 0.792133 -0.000000 0.138893
v 0.779520 -0.000000 0.117849
v 0.769030 -0.000000 0.095671
v 0.760765 -0.000000 0.072571
v 0.754804 -0.000000 0.048773
v 0.751204 -0.000000 0.024504
v 0.750000 -0.000000 0.000000
v 0.751204 0.000000 -0.024504
v 0.754804 0.000000 -0.048773
v 0.760765 0.000000 -0.072571
v 0.769030 0.000000 -0.095671
v 0.779520 0.000000 -0.117849
v 0.792133 0.000000 -0.138893
v 0.806747 0.000000 -0.158598
v 0.823223 0.000000 -0.176777
v 0.841402 0.000000 -0.193253
v 0.861107 0.000000 -0.207867
v 0.882151 0.000000 -0.220480
v 0.904329 0.000000 -0.230970
v 0.927429 0.000000 -0.239235
v 0.951227 0.000000 -0.245196
v 0.975496 0.000000 -0.248796
v 1.000000 0.000000 -0.250000
v 1.024504 0.000000 -0.248796
v 1.048773 0.000000 -0.245196
v 1.072571 0.000000 -0.239235
v 1.095671 0.000000 -0.230970
v 1.117849 0.000000 -0.220480
v 1.138893 0.000000 -0.207867
v 1.158598 0.000000 -0.193253
v 1.176777 0.000000 -0.176777
v 1.193253 0.000000 -0.158598
v 1.207867 0.000000 -0.138893
v 1.220480 0.000000 -0.117849
v 1.230970 0.000000 -0.095671
v 1.239235 0.000000 -0.072571
v 1.245196 0.000000 -0.048773
v 1.248796 0.000000 -0.024504
v 1.248494 0.061334 0.000000
v 1.247292 0.061275 0.024504
v 1.243696 0.061099 0.048773
v 1.237742 0.060806 0.072571
v 1.229487 0.060401 0.095671
v 1.219010 0.059886 0.117849
v 1.206412 0.059267 0.138893
v 1.191815 0.058550 0.158598
v 1.175359 0.057742 0.176777
v 1.157203 0.056850 0.193253
v 1.137521 0.055883 0.207867
v 1.116503 0.054850 0.220480
v 1.094351 0.053762 0.230970
v 1.071279 0.052628 0.239235
v 1.047509 0.051461 0.245196
v 1.023270 0.050270 0.248796
v 0.998795 0.049068 0.250000
v 0.974321 0.047865 0.248796
v 0.950082 0.046674 0.245196
v 0.926312 0.045507 0.239235
v 0.903240 0.044373 0.230970
v 0.881088 0.043285 0.220480
v 0.860070 0.042252 0.207867
v 0.840388 0.041286 0.193253
v 0.822232 0.040394 0.176777
v 0.805776 0.039585 0.158598
v 0.791178 0.038868 0.138893
v 0.778581 0.038249 0.117849
v 0.768104 0.037734 0.095671
v 0.759849 0.037329 0.072571
v 0.753894 0.037036 0.048773
v 0.750299 0.036860 0.024504
v 0.749097 0.036801 0.000000
v 0.750299 0.036860 -0.024504
v 0.753894 0.037036 -0.048773
v 0.759849 0.037329 -0.072571
v 0.768104 0.037734 -0.095671
v 0.778581 0.038249 -0.117849
v 0.791178 0.038868 -0.138893
v 0.805776 0.039585 -0.158598
v 0.822232 0.040394 -0.176777
v 0.840388 0.041286 -0.193253
v 0.860070 0.042252 -0.207867
v 0.881088 0.043285 -0.220480
v 0.903240 0.044373 -0.230970
v 0.926312 0.045507 -0.239235
v 0.950082 0.046674 -0.245196
v 0.974321 0.047865 -0.248796
v 0.998795 0.049068 -0.250000
v 1.023270 0.050270 -0.248796
v 1.047509 0.051461 -0.245196
v 1.071279 0.052628 -0.239235
v 1.094351 0.053762 -0.230970
v 1.116503 0.054850 -0.220480
v 1.137521 0.055883 -0.207867
v 1.157203 0.056850 -0.193253
v 1.175359 0.057742 -0.176777
v 1.191815 0.058550 -0.158598
v 1.206412 0.059267 -0.138893
v 1.219010 0.059886 -0.117849
v 1.229487 0.060401 -0.095671
v 1.237742 0.060806 -0.072571
v 1.243696 0.061099 -0.048773
v 1.247292 0.061275 -0.024504
v 1.243981 0.122521 0.000000
v 1.242783 0.122403 0.024504
v 1.239200 0.122051 0.048773
v 1.233268 0.121466 0.072571
v 1.225042 0.120656 0.095671
v 1.214603 0.119628 0.117849
v 1.202051 0.118392 0.138893
v 1.187507 0.116959 0.158598
v 1.171110 0.115344 0.176777
v 1.153019 0.113563 0.193253
v 1.133408 0.111631 0.207867
v 1.112466 0.109568 0.220480
v 1.090395 0.107395 0.230970
v 1.067406 0.105130 0.239235
v 1.043722 0.102798 0.245196
v 1.019571 0.100419 0.248796
v 0.995185 0.098017 0.250000
v 0.970798 0.095615 0.248796
v 0.946647 0.093237 0.245196
v 0.922963 0.090904 0.239235
v 0.899975 0.088640 0.230970
v 0.877903 0.086466 0.220480
v 0.856961 0.084403 0.207867
v 0.837350 0.082472 0.193253
v 0.819259 0.080690 0.176777
v 0.802863 0.079075 0.158598
v 0.788318 0.077643 0.138893
v 0.775766 0.076406 0.117849
v 0.765327 0.075378 0.095671
v 0.757102 0.074568 0.072571
v 0.751169 0.073984 0.048773
v 0.747587 0.073631 0.024504
v 0.746389 0.073513 0.000000
v 0.747587 0.073631 -0.024504
v 0.751169 0.073984 -0.048773
v 0.757102 0.074568 -0.072571
v 0.765327 0.075378 -0.095671
v 0.775766 0.076406 -0.117849
v 0.788318 0.077643 -0.138893
v 0.802863 0.079075 -0.158598
v 0.819259 0.080690 -0.176777
v 0.837350 0.082472 -0.193253
v 0.856961 0.084403 -0.207867
v 0.877903 0.086466 -0.220480
v 0.899975 0.088640 -0.230970
v 0.922963 0.090904 -0.239235
v 0.946647 0.093237 -0.245196
v 0.970798 0.095615 -0.248796
v 0.995185 0.098017 -0.250000
v 1.019571 0.100419 -0.248796
v 1.043722 0.102798 -0.245196
v 1.067406 0.105130 -0.239235
v 1.090395 0.107395 -0.230970
v 1.112466 0.109568 -0.220480
v 1.133408 0.111631 -0.207867
v 1.153019 0.113563 -0.193253
v 1.171110 0.115344 -0.176777
v 1.187507 0.116959 -0.158598
v 1.202051 0.118392 -0.138893
v 1.214603 0.119628 -0.117849
v 1.225042 0.120656 -0.095671
v 1.233268 0.121466 -0.072571
v 1.239200 0.122051 -0.048773
v 1.242783 0.122403 -0.024504
v 1.236471 0.183413 0.000000
v 1.235280 0.183236 0.024504
v 1.231719 0.182708 0.048773
v 1.225822 0.181833 0.072571
v 1.217646 0.180621 0.095671
v 1.207271 0.179082 0.117849
v 1.194794 0.177231 0.138893
v 1.180337 0.175086 0.158598
v 1.164040 0.172669 0.176777
v 1.146058 0.170002 0.193253
v 1.126566 0.167110 0.207867
v 1.105750 0.164022 0.220480
v 1.083812 0.160768 0.230970
v 1.060962 0.157379 0.239235
v 1.037421 0.153887 0.245196
v 1.013416 0.150326 0.248796
v 0.989177 0.146730 0.250000
v 0.964937 0.143135 0.248796
v 0.940932 0.139574 0.245196
v 0.917391 0.136082 0.239235
v 0.894541 0.132693 0.230970
v 0.872603 0.129438 0.220480
v 0.851787 0.126351 0.207867
v 0.832295 0.123459 0.193253
v 0.814313 0.120792 0.176777
v 0.798016 0.118374 0.158598
v 0.783559 0.116230 0.138893
v 0.771083 0.114379 0.117849
v 0.760706 0.112840 0.095671
v 0.752531 0.111627 0.072571
v 0.746634 0.110753 0.048773
v 0.743073 0.110224 0.024504
v 0.741882 0.110048 0.000000
v 0.743073 0.110224 -0.024504
v 0.746634 0.110753 -0.048773
v 0.752531 0.111627 -0.072571
v 0.760706 0.112840 -0.095671
v 0.771083 0.114379 -0.117849
v 0.783559 0.116230 -0.138893
v 0.798016 0.118374 -0.158598
v 0.814313 0.120792 -0.176777
v 0.832295 0.123459 -0.193253
v 0.851787 0.126351 -0.207867
v 0.872603 0.129438 -0.220480
v 0.894541 0.132693 -0.230970
v 0.917391 0.136082 -0.239235
v 0.940932 0.139574 -0.245196
v 0.964937 0.143135 -0.248796
v 0.989177 0.146730 -0.250000
v 1.013416 0.150326 -0.248796
v 1.037421 0.153887 -0.245196
v 1.060962 0.157379 -0.239235
v 1.083812 0.160768 -0.230970
v 1.105750 0.164023 -0.220480
v 1.126566 0.167110 -0.207867
v 1.146058 0.170002 -0.193253
v 1.164040 0.172669 -0.176777
v 1.180337 0.175086 -0.158598
v 1.194794 0.177231 -0.138893
v 1.207271 0.179082 -0.117849
v 1.217646 0.180621 -0.095671
v 1.225822 0.181833 -0.072571
v 1.231719 0.182708 -0.048773
v 1.235280 0.183236 -0.024504
v 1.225982 0.243863 0.000000
v 1.224801 0.243628 0.024504
v 1.221270 0.242926 0.048773
v 1.215423 0.241763 0.072571
v 1.207317 0.240150 0.095671
v 1.197029 0.238104 0.117849
v 1.184659 0.235643 0.138893
v 1.170325 0.232792 0.158598
v 1.154165 0.229578 0.176777
v 1.136336 0.226031 0.193253
v 1.117009 0.222187 0.207867
v 1.096370 0.218082 0.220480
v 1.074618 0.213755 0.230970
v 1.051962 0.209248 0.239235
v 1.028621 0.204605 0.245196
v 1.004819 0.199871 0.248796
v 0.980785 0.195090 0.250000
v 0.956752 0.190310 0.248796
v 0.932950 0.185575 0.245196
v 0.909609 0.180932 0.239235
v 0.886953 0.176426 0.230970
v 0.865201 0.172099 0.220480
v 0.844562 0.167994 0.207867
v 0.825234 0.164149 0.193253
v 0.807405 0.160603 0.176777
v 0.791246 0.157389 0.158598
v 0.776912 0.154537 0.138893
v 0.764541 0.152077 0.117849
v 0.754253 0.150030 0.095671
v 0.746147 0.148418 0.072571
v 0.740300 0.147255 0.048773
v 0.736770 0.146553 0.024504
v 0.735589 0.146318 0.000000
v 0.736770 0.146553 -0.024504
v 0.740300 0.147255 -0.048773
v 0.746147 0.148418 -0.072571
v 0.754253 0.150030 -0.095671
v 0.764541 0.152077 -0.117849
v 0.776912 0.154537 -0.138893
v 0.791246 0.157389 -0.158598
v 0.807405 0.160603 -0.176777
v 0.825234 0.164149 -0.193253
v 0.844562 0.167994 -0.207867
v 0.865201 0.172099 -0.220480
v 0.886953 0.176426 -0.230970
v 0.909609 0.180932 -0.239235
v 0.932950 0.185575 -0.245196
v 0.956752 0.190310 -0.248796
v 0.980785 0.195090 -0.250000
v 1.004819 0.199871 -0.248796
v 1.028621 0.204605 -0.245196
v 1.051962 0.209248 -0.239235
v 1.074618 0.213755 -0.230970
v 1.096370 0.218082 -0.220480
v 1.117009 0.222187 -0.207867
v 1.136336 0.226031 -0.193253
v 1.154165 0.229578 -0.176777
v 1.170325 0.232792 -0.158598
v 1.184659 0.235643 -0.138893
v 1.197029 0.238104 -0.117849
v 1.207317 0.240150 -0.095671
v 1.215423 0.241763 -0.072571
v 1.221270 0.242926 -0.048773
v 1.224801 0.243628 -0.024504
v 1.212539 0.303725 0.000000
v 1.211371 0.303433 0.024504
v 1.207879 0.302558 0.048773
v 1.202097 0.301110 0.072571
v 1.194079 0.299101 0.095671
v 1.183904 0.296553 0.117849
v 1.171669 0.293488 0.138893
v 1.157492 0.289937 0.158598
v 1.141510 0.285933 0.176777
v 1.123877 0.281516 0.193253
v 1.104761 0.276728 0.207867
v 1.084349 0.271615 0.220480
v 1.062835 0.266226 0.230970
v 1.040428 0.260614 0.239235
v 1.017342 0.254831 0.245196
v 0.993801 0.248934 0.248796
v 0.970031 0.242980 0.250000
v 0.946261 0.237026 0.248796
v 0.922720 0.231129 0.245196
v 0.899635 0.225347 0.239235
v 0.877228 0.219734 0.230970
v 0.855714 0.214345 0.220480
v 0.835301 0.209232 0.207867
v 0.816186 0.204444 0.193253
v 0.798552 0.200027 0.176777
v 0.782570 0.196024 0.158598
v 0.768393 0.192473 0.138893
v 0.756158 0.189408 0.117849
v 0.745983 0.186859 0.095671
v 0.737966 0.184851 0.072571
v 0.732183 0.183402 0.048773
v 0.728691 0.182528 0.024504
v 0.727523 0.182235 0.000000
v 0.728691 0.182528 -0.024504
v 0.732183 0.183402 -0.048773
v 0.737966 0.184851 -0.072571
v 0.745983 0.186859 -0.095671
v 0.756158 0.189408 -0.117849
v 0.768393 0.192473 -0.138893
v 0.782570 0.196024 -0.158598
v 0.798552 0.200027 -0.176777
v 0.816186 0.204444 -0.193253
v 0.835301 0.209232 -0.207867
v 0.855714 0.214345 -0.220480
v 0.877228 0.219734 -0.230970
v 0.899635 0.225347 -0.239235
v 0.922720 0.231129 -0.245196
v 0.946261 0.237026 -0.248796
v 0.970031 0.242980 -0.250000
v 0.993801 0.248934 -0.248796
v 1.017342 0.254831 -0.245196
v 1.040428 0.260614 -0.239235
v 1.062835 0.266226 -0.230970
v 1.084349 0.271615 -0.220480
v 1.104761 0.276728 -0.207867
v 1.123877 0.281516 -0.193253
v 1.141510 0.285933 -0.176777
v 1.157492 0.289937 -0.158598
v 1.171669 0.293488 -0.138893
v 1.183904 0.296553 -0.117849
v 1.194079 0.299101 -0.095671
v 1.202097 0.301110 -0.072571
v 1.207879 0.302558 -0.048773
v 1.211371 0.303433 -0.024504
v 1.196175 0.362856 0.000000
v 1.195023 0.362507 0.024504
v 1.191579 0.361462 0.048773
v 1.185874 0.359731 0.072571
v 1.177965 0.357332 0.095671
v 1.167927 0.354287 0.117849
v 1.155857 0.350626 0.138893
v 1.141871 0.346383 0.158598
v 1.126105 0.341600 0.176777
v 1.108709 0.336323 0.193253
v 1.089852 0.330603 0.207867
v 1.069715 0.324495 0.220480
v 1.048492 0.318057 0.230970
v 1.026386 0.311351 0.239235
v 1.003613 0.304443 0.245196
v 0.980389 0.297398 0.248796
v 0.956940 0.290285 0.250000
v 0.933491 0.283172 0.248796
v 0.910268 0.276127 0.245196
v 0.887494 0.269218 0.239235
v 0.865389 0.262513 0.230970
v 0.844166 0.256075 0.220480
v 0.824028 0.249966 0.207867
v 0.805171 0.244246 0.193253
v 0.787776 0.238969 0.176777
v 0.772009 0.234186 0.158598
v 0.758024 0.229944 0.138893
v 0.745954 0.226283 0.117849
v 0.735916 0.223238 0.095671
v 0.728007 0.220838 0.072571
v 0.722302 0.219108 0.048773
v 0.718857 0.218063 0.024504
v 0.717705 0.217714 0.000000
v 0.718857 0.218063 -0.024504
v 0.722302 0.219108 -0.048773
v 0.728007 0.220838 -0.072571
v 0.735916 0.223238 -0.095671
v 0.745954 0.226283 -0.117849
v 0.758024 0.229944 -0.138893
v 0.772009 0.234186 -0.158598
v 0.787776 0.238969 -0.176777
v 0.805171 0.244246 -0.193253
v 0.824028 0.249966 -0.207867
v 0.844166 0.256075 -0.220480
v 0.865389 0.262513 -0.230970
v 0.887494 0.269218 -0.239235
v 0.910268 0.276127 -0.245196
v 0.933491 0.283172 -0.248796
v 0.956940 0.290285 -0.250000
v 0.980389 0.297398 -0.248796
v 1.003613 0.304443 -0.245196
v 1.026386 0.311351 -0.239235
v 1.048492 0.318057 -0.230970
v 1.069715 0.324495 -0.220480
v 1.089852 0.330603 -0.207867
v 1.108709 0.336323 -0.193253
v 1.126105 0.341600 -0.176777
v 1.141871 0.346383 -0.158598
v 1.155857 0.350626 -0.138893
v 1.167927 0.354287 -0.117849
v 1.177965 0.357332 -0.095671
v 1.185874 0.359731 -0.072571
v 1.191579 0.361462 -0.048773
v 1.195023 0.362507 -0.024504
v 1.176930 0.421112 0.000000
v 1.175797 0.420707 0.024504
v 1.172407 0.419494 0.048773
v 1.166794 0.417486 0.072571
v 1.159012 0.414701 0.095671
v 1.149136 0.411167 0.117849
v 1.137260 0.406918 0.138893
v 1.123500 0.401995 0.158598
v 1.107987 0.396444 0.176777
v 1.090871 0.390320 0.193253
v 1.072317 0.383681 0.207867
v 1.052504 0.376592 0.220480
v 1.031622 0.369120 0.230970
v 1.009873 0.361338 0.239235
v 0.987466 0.353321 0.245196
v 0.964616 0.345145 0.248796
v 0.941544 0.336890 0.250000
v 0.918472 0.328635 0.248796
v 0.895623 0.320459 0.245196
v 0.873215 0.312441 0.239235
v 0.851466 0.304659 0.230970
v 0.830584 0.297188 0.220480
v 0.810771 0.290098 0.207867
v 0.792217 0.283460 0.193253
v 0.775101 0.277336 0.176777
v 0.759588 0.271785 0.158598
v 0.745828 0.266861 0.138893
v 0.733952 0.262612 0.117849
v 0.724076 0.259078 0.095671
v 0.716294 0.256294 0.072571
v 0.710681 0.254286 0.048773
v 0.707291 0.253073 0.024504
v 0.706158 0.252667 0.000000
v 0.707291 0.253073 -0.024504
v 0.710681 0.254286 -0.048773
v 0.716294 0.256294 -0.072571
v 0.724076 0.259078 -0.095671
v 0.733952 0.262612 -0.117849
v 0.745828 0.266861 -0.138893
v 0.759588 0.271785 -0.158598
v 0.775101 0.277336 -0.176777
v 0.792217 0.283460 -0.193253
v 0.810771 0.290098 -0.207867
v 0.830584 0.297188 -0.220480
v 0.851466 0.304659 -0.230970
v 0.873215 0.312441 -0.239235
v 0.895623 0.320459 -0.245196
v 0.918472 0.328635 -0.248796
v 0.941544 0.336890 -0.250000
v 0.964616 0.345145 -0.248796
v 0.987466 0.353321 -0.245196
v 1.009873 0.361338 -0.239235
v 1.031622 0.369120 -0.230970
v 1.052504 0.376592 -0.220480
v 1.072317 0.383681 -0.207867
v 1.090871 0.390320 -0.193253
v 1.107987 0.396444 -0.176777
v 1.123500 0.401995 -0.158598
v 1.137260 0.406918 -0.138893
v 1.149136 0.411167 -0.117849
v 1.159012 0.414701 -0.095671
v 1.166794 0.417486 -0.072571
v 1.172407 0.419494 -0.048773
v 1.175797 0.420707 -0.024504
v 1.154849 0.478354 0.000000
v 1.153737 0.477894 0.024504
v 1.150411 0.476516 0.048773
v 1.144904 0.474235 0.072571
v 1.137268 0.471072 0.095671
v 1.127577 0.467058 0.117849
v 1.115924 0.462231 0.138893
v 1.102422 0.456638 0.158598
v 1.087200 0.450333 0.176777
v 1.070405 0.443376 0.193253
v 1.052199 0.435835 0.207867
v 1.032758 0.427782 0.220480
v 1.012268 0.419295 0.230970
v 0.990927 0.410455 0.239235
v 0.968940 0.401348 0.245196
v 0.946519 0.392061 0.248796
v 0.923880 0.382683 0.250000
v 0.901241 0.373306 0.248796
v 0.878820 0.364019 0.245196
v 0.856833 0.354912 0.239235
v 0.835491 0.346072 0.230970
v 0.815001 0.337584 0.220480
v 0.795560 0.329531 0.207867
v 0.777354 0.321990 0.193253
v 0.760559 0.315034 0.176777
v 0.745337 0.308729 0.158598
v 0.731835 0.303136 0.138893
v 0.720182 0.298309 0.117849
v 0.710491 0.294295 0.095671
v 0.702855 0.291132 0.072571
v 0.697348 0.288851 0.048773
v 0.694022 0.287473 0.024504
v 0.692910 0.287013 0.000000
v 0.694022 0.287473 -0.024504
v 0.697348 0.288851 -0.048773
v 0.702855 0.291132 -0.072571
v 0.710491 0.294295 -0.095671
v 0.720182 0.298309 -0.117849
v 0.731835 0.303136 -0.138893
v 0.745337 0.308729 -0.158598
v 0.760559 0.315034 -0.176777
v 0.777354 0.321990 -0.193253
v 0.795560 0.329531 -0.207867
v 0.815001 0.337584 -0.220480
v 0.835491 0.346072 -0.230970
v 0.856833 0.354912 -0.239235
v 0.878820 0.364019 -0.245196
v 0.901241 0.373306 -0.248796
v 0.923880 0.382683 -0.250000
v 0.946519 0.392061 -0.248796
v 0.968940 0.401348 -0.245196
v 0.990927 0.410455 -0.239235
v 1.012268 0.419295 -0.230970
v 1.032758 0.427782 -0.220480
v 1.052199 0.435835 -0.207867
v 1.070405 0.443376 -0.193253
v 1.087200 0.450333 -0.176777
v 1.102422 0.456638 -0.158598
v 1.115924 0.462231 -0.138893
v 1.127577 0.467058 -0.117849
v 1.137268 0.471072 -0.095671
v 1.144904 0.474235 -0.072571
v 1.150411 0.476516 -0.048773
v 1.153737 0.477894 -0.024504
v 1.129987 0.534444 0.000000
v 1.128898 0.533929 0.024504
v 1.125644 0.532390 0.048773
v 1.120255 0.529841 0.072571
v 1.112784 0.526308 0.095671
v 1.103301 0.521823 0.117849
v 1.091899 0.516430 0.138893
v 1.078688 0.510181 0.158598
v 1.063793 0.503137 0.176777
v 1.047360 0.495365 0.193253
v 1.029547 0.486939 0.207867
v 1.010524 0.477942 0.220480
v 0.990475 0.468460 0.230970
v 0.969593 0.458583 0.239235
v 0.948079 0.448408 0.245196
v 0.926141 0.438032 0.248796
v 0.903989 0.427555 0.250000
v 0.881838 0.417078 0.248796
v 0.859899 0.406702 0.245196
v 0.838386 0.396527 0.239235
v 0.817504 0.386651 0.230970
v 0.797455 0.377168 0.220480
v 0.778432 0.368171 0.207867
v 0.760618 0.359746 0.193253
v 0.744185 0.351973 0.176777
v 0.729291 0.344929 0.158598
v 0.716079 0.338680 0.138893
v 0.704677 0.333288 0.117849
v 0.695195 0.328803 0.095671
v 0.687723 0.325269 0.072571
v 0.682334 0.322720 0.048773
v 0.679080 0.321181 0.024504
v 0.677992 0.320666 0.000000
v 0.679080 0.321181 -0.024504
v 0.682334 0.322720 -0.048773
v 0.687723 0.325269 -0.072571
v 0.695195 0.328803 -0.095671
v 0.704677 0.333288 -0.117849
v 0.716079 0.338680 -0.138893
v 0.729291 0.344929 -0.158598
v 0.744185 0.351973 -0.176777
v 0.760618 0.359746 -0.193253
v 0.778432 0.368171 -0.207867
v 0.797455 0.377168 -0.220480
v 0.817504 0.386651 -0.230970
v 0.838386 0.396527 -0.239235
v 0.859899 0.406702 -0.245196
v 0.881838 0.417078 -0.248796
v 0.903989 0.427555 -0.250000
v 0.926141 0.438032 -0.248796
v 0.948079 0.448408 -0.245196
v 0.969593 0.458583 -0.239235
v 0.990475 0.468460 -0.230970
v 1.010524 0.477942 -0.220480
v 1.029547 0.486939 -0.207867
v 1.047360 0.495365 -0.193253
v 1.063793 0.503137 -0.176777
v 1.078688 0.510181 -0.158598
v 1.091899 0.516430 -0.138893
v 1.103301 0.521823 -0.117849
v 1.112784 0.526308 -0.095671
v 1.120255 0.529841 -0.072571
v 1.125644 0.532390 -0.048773
v 1.128898 0.533929 -0.024504
v 1.102402 0.589246 0.000000
v 1.101340 0.588678 0.024504
v 1.098165 0.586981 0.048773
v 1.092908 0.584171 0.072571
v 1.085619 0.580275 0.095671
v 1.076368 0.575330 0.117849
v 1.065244 0.569385 0.138893
v 1.052355 0.562495 0.158598
v 1.037824 0.554729 0.176777
v 1.021793 0.546159 0.193253
v 1.004414 0.536870 0.207867
v 0.985855 0.526950 0.220480
v 0.966295 0.516496 0.230970
v 0.945923 0.505607 0.239235
v 0.924935 0.494388 0.245196
v 0.903532 0.482948 0.248796
v 0.881921 0.471397 0.250000
v 0.860310 0.459845 0.248796
v 0.838908 0.448405 0.245196
v 0.817919 0.437187 0.239235
v 0.797547 0.426298 0.230970
v 0.777988 0.415843 0.220480
v 0.759429 0.405923 0.207867
v 0.742050 0.396634 0.193253
v 0.726018 0.388065 0.176777
v 0.711488 0.380298 0.158598
v 0.698599 0.373409 0.138893
v 0.687475 0.367463 0.117849
v 0.678224 0.362518 0.095671
v 0.670935 0.358622 0.072571
v 0.665677 0.355812 0.048773
v 0.662503 0.354115 0.024504
v 0.661441 0.353548 0.000000
v 0.662503 0.354115 -0.024504
v 0.665677 0.355812 -0.048773
v 0.670935 0.358622 -0.072571
v 0.678224 0.362518 -0.095671
v 0.687475 0.367463 -0.117849
v 0.698599 0.373409 -0.138893
v 0.711488 0.380298 -0.158598
v 0.726018 0.388065 -0.176777
v 0.742050 0.396634 -0.193253
v 0.759429 0.405923 -0.207867
v 0.777988 0.415843 -0.220480
v 0.797547 0.426298 -0.230970
v 0.817919 0.437187 -0.239235
v 0.838908 0.448405 -0.245196
v 0.860310 0.459845 -0.248796
v 0.881921 0.471397 -0.250000
v 0.903532 0.482948 -0.248796
v 0.924935 0.494388 -0.245196
v 0.945923 0.505607 -0.239235
v 0.966295 0.516496 -0.230970
v 0.985855 0.526950 -0.220480
v 1.004414 0.536870 -0.207867
v 1.021793 0.546159 -0.193253
v 1.037824 0.554729 -0.176777
v 1.052355 0.562495 -0.158598
v 1.065244 0.569385 -0.138893
v 1.076368 0.575330 -0.117849
v 1.085619 0.580275 -0.095671
v 1.092908 0.584171 -0.072571
v 1.098165 0.586981 -0.048773
v 1.101340 0.588678 -0.024504
v 1.072161 0.642628 0.000000
v 1.071128 0.642009 0.024504
v 1.068041 0.640159 0.048773
v 1.062927 0.637094 0.072571
v 1.055838 0.632845 0.095671
v 1.046841 0.627452 0.117849
v 1.036022 0.620968 0.138893
v 1.023487 0.613454 0.158598
v 1.009355 0.604984 0.176777
v 0.993763 0.595638 0.193253
v 0.976861 0.585508 0.207867
v 0.958811 0.574689 0.220480
v 0.939788 0.563287 0.230970
v 0.919975 0.551412 0.239235
v 0.899562 0.539177 0.245196
v 0.878747 0.526700 0.248796
v 0.857729 0.514103 0.250000
v 0.836711 0.501505 0.248796
v 0.815895 0.489029 0.245196
v 0.795482 0.476794 0.239235
v 0.775669 0.464918 0.230970
v 0.756646 0.453516 0.220480
v 0.738597 0.442698 0.207867
v 0.721694 0.432567 0.193253
v 0.706102 0.423221 0.176777
v 0.691970 0.414751 0.158598
v 0.679435 0.407237 0.138893
v 0.668616 0.400753 0.117849
v 0.659619 0.395360 0.095671
v 0.652530 0.391111 0.072571
v 0.647417 0.388047 0.048773
v 0.644329 0.386196 0.024504
v 0.643296 0.385577 0.000000
v 0.644329 0.386196 -0.024504
v 0.647417 0.388047 -0.048773
v 0.652530 0.391111 -0.072571
v 0.659619 0.395360 -0.095671
v 0.668616 0.400753 -0.117849
v 0.679435 0.407237 -0.138893
v 0.691970 0.414751 -0.158598
v 0.706102 0.423221 -0.176777
v 0.721694 0.432567 -0.193253
v 0.738597 0.442698 -0.207867
v 0.756646 0.453516 -0.220480
v 0.775669 0.464918 -0.230970
v 0.795482 0.476794 -0.239235
v 0.815895 0.489029 -0.245196
v 0.836711 0.501505 -0.248796
v 0.857729 0.514103 -0.250000
v 0.878747 0.526700 -0.248796
v 0.899562 0.539177 -0.245196
v 0.919975 0.551412 -0.239235
v 0.939788 0.563287 -0.230970
v 0.958811 0.574689 -0.220480
v 0.976861 0.585508 -0.207867
v 0.993763 0.595638 -0.193253
v 1.009355 0.604984 -0.176777
v 1.023487 0.613454 -0.158598
v 1.036022 0.620968 -0.138893
v 1.046841 0.627452 -0.117849
v 1.055838 0.632845 -0.095671
v 1.062927 0.637094 -0.072571
v 1.068041 0.640159 -0.048773
v 1.071128 0.642009 -0.024504
v 1.039337 0.694463 0.000000
v 1.038336 0.693794 0.024504
v 1.035343 0.691794 0.048773
v 1.030386 0.688482 0.072571
v 1.023514 0.683890 0.095671
v 1.014792 0.678063 0.117849
v 1.004305 0.671055 0.138893
v 0.992153 0.662936 0.158598
v 0.978454 0.653782 0.176777
v 0.963339 0.643683 0.193253
v 0.946954 0.632735 0.207867
v 0.929458 0.621044 0.220480
v 0.911017 0.608722 0.230970
v 0.891810 0.595889 0.239235
v 0.872023 0.582667 0.245196
v 0.851844 0.569184 0.248796
v 0.831470 0.555570 0.250000
v 0.811095 0.541956 0.248796
v 0.790917 0.528474 0.245196
v 0.771129 0.515252 0.239235
v 0.751922 0.502418 0.230970
v 0.733482 0.490097 0.220480
v 0.715985 0.478406 0.207867
v 0.699600 0.467458 0.193253
v 0.684485 0.457358 0.176777
v 0.670786 0.448205 0.158598
v 0.658634 0.440085 0.138893
v 0.648147 0.433078 0.117849
v 0.639425 0.427250 0.095671
v 0.632553 0.422658 0.072571
v 0.627596 0.419346 0.048773
v 0.624603 0.417347 0.024504
v 0.623602 0.416678 0.000000
v 0.624603 0.417347 -0.024504
v 0.627596 0.419346 -0.048773
v 0.632553 0.422658 -0.072571
v 0.639425 0.427250 -0.095671
v 0.648147 0.433078 -0.117849
v 0.658634 0.440085 -0.138893
v 0.670786 0.448205 -0.158598
v 0.684485 0.457358 -0.176777
v 0.699600 0.467458 -0.193253
v 0.715985 0.478406 -0.207867
v 0.733482 0.490097 -0.220480
v 0.751922 0.502418 -0.230970
v 0.771129 0.515252 -0.239235
v 0.790917 0.528474 -0.245196
v 0.811095 0.541956 -0.248796
v 0.831470 0.555570 -0.250000
v 0.851844 0.569184 -0.248796
v 0.872023 0.582667 -0.245196
v 0.891810 0.595889 -0.239235
v 0.911017 0.608722 -0.230970
v 0.929458 0.621044 -0.220480
v 0.946954 0.632735 -0.207867
v 0.963339 0.643683 -0.193253
v 0.978454 0.653782 -0.176777
v 0.992153 0.662936 -0.158598
v 1.004305 0.671055 -0.138893
v 1.014792 0.678063 -0.117849
v 1.023514 0.683890 -0.095671
v 1.030386 0.688482 -0.072571
v 1.035343 0.691794 -0.048773
v 1.038336 0.693794 -0.024504
v 1.004009 0.744624 0.000000
v 1.003042 0.743907 0.024504
v 1.000151 0.741763 0.048773
v 0.995363 0.738212 0.072571
v 0.988724 0.733288 0.095671
v 0.980299 0.727039 0.117849
v 0.970168 0.719526 0.138893
v 0.958429 0.710820 0.158598
v 0.945196 0.701005 0.176777
v 0.930595 0.690176 0.193253
v 0.914767 0.678438 0.207867
v 0.897865 0.665902 0.220480
v 0.880051 0.652690 0.230970
v 0.861497 0.638930 0.239235
v 0.842382 0.624753 0.245196
v 0.822890 0.610297 0.248796
v 0.803207 0.595699 0.250000
v 0.783525 0.581102 0.248796
v 0.764033 0.566646 0.245196
v 0.744918 0.552469 0.239235
v 0.726364 0.538708 0.230970
v 0.708550 0.525497 0.220480
v 0.691648 0.512961 0.207867
v 0.675820 0.501222 0.193253
v 0.661219 0.490394 0.176777
v 0.647986 0.480579 0.158598
v 0.636247 0.471873 0.138893
v 0.626116 0.464359 0.117849
v 0.617691 0.458111 0.095671
v 0.611052 0.453187 0.072571
v 0.606264 0.449636 0.048773
v 0.603373 0.447492 0.024504
v 0.602406 0.446775 0.000000
v 0.603373 0.447492 -0.024504
v 0.606264 0.449636 -0.048773
v 0.611052 0.453187 -0.072571
v 0.617691 0.458111 -0.095671
v 0.626116 0.464359 -0.117849
v 0.636247 0.471873 -0.138893
v 0.647986 0.480579 -0.158598
v 0.661219 0.490394 -0.176777
v 0.675820 0.501222 -0.193253
v 0.691648 0.512961 -0.207867
v 0.708550 0.525497 -0.220480
v 0.726364 0.538708 -0.230970
v 0.744918 0.552469 -0.239235
v 0.764033 0.566646 -0.245196
v 0.783525 0.581102 -0.248796
v 0.803207 0.595699 -0.250000
v 0.822890 0.610297 -0.248796
v 0.842382 0.624753 -0.245196
v 0.861497 0.638930 -0.239235
v 0.880051 0.652690 -0.230970
v 0.897865 0.665902 -0.220480
v 0.914767 0.678438 -0.207867
v 0.930595 0.690176 -0.193253
v 0.945196 0.701005 -0.176777
v 0.958429 0.710820 -0.158598
v 0.970168 0.719526 -0.138893
v 0.980299 0.727039 -0.117849
v 0.988724 0.733288 -0.095671
v 0.995363 0.738212 -0.072571
v 1.000151 0.741763 -0.048773
v 1.003042 0.743907 -0.024504
v 0.966263 0.792992 0.000000
v 0.965333 0.792228 0.024504
v 0.962550 0.789944 0.048773
v 0.957942 0.786162 0.072571
v 0.951553 0.780919 0.095671
v 0.943444 0.774265 0.117849
v 0.933694 0.766263 0.138893
v 0.922397 0.756991 0.158598
v 0.909661 0.746539 0.176777
v 0.895609 0.735007 0.193253
v 0.880376 0.722506 0.207867
v 0.864109 0.709156 0.220480
v 0.846965 0.695086 0.230970
v 0.829109 0.680432 0.239235
v 0.810712 0.665334 0.245196
v 0.791952 0.649939 0.248796
v 0.773010 0.634393 0.250000
v 0.754068 0.618848 0.248796
v 0.735309 0.603452 0.245196
v 0.716912 0.588355 0.239235
v 0.699056 0.573700 0.230970
v 0.681912 0.559631 0.220480
v 0.665645 0.546281 0.207867
v 0.650412 0.533780 0.193253
v 0.636360 0.522247 0.176777
v 0.623624 0.511795 0.158598
v 0.612327 0.502524 0.138893
v 0.602577 0.494522 0.117849
v 0.594468 0.487868 0.095671
v 0.588079 0.482624 0.072571
v 0.583471 0.478842 0.048773
v 0.580688 0.476559 0.024504
v 0.579758 0.475795 0.000000
v 0.580688 0.476559 -0.024504
v 0.583471 0.478842 -0.048773
v 0.588079 0.482624 -0.072571
v 0.594468 0.487868 -0.095671
v 0.602577 0.494522 -0.117849
v 0.612327 0.502524 -0.138893
v 0.623624 0.511795 -0.158598
v 0.636360 0.522247 -0.176777
v 0.650412 0.533780 -0.193253
v 0.665645 0.546281 -0.207867
v 0.681912 0.559631 -0.220480
v 0.699056 0.573700 -0.230970
v 0.716912 0.588355 -0.239235
v 0.735309 0.603452 -0.245196
v 0.754068 0.618848 -0.248796
v 0.773010 0.634393 -0.250000
v 0.791952 0.649939 -0.248796
v 0.810712 0.665334 -0.245196
v 0.829109 0.680432 -0.239235
v 0.846965 0.695086 -0.230970
v 0.864109 0.709156 -0.220480
v 0.880376 0.722506 -0.207867
v 0.895609 0.735007 -0.193253
v 0.909661 0.746539 -0.176777
v 0.922397 0.756991 -0.158598
v 0.933694 0.766263 -0.138893
v 0.943444 0.774265 -0.117849
v 0.951553 0.780919 -0.095671
v 0.957942 0.786162 -0.072571
v 0.962550 0.789944 -0.048773
v 0.965333 0.792228 -0.024504
v 0.926189 0.839449 0.000000
v 0.925297 0.838640 0.024504
v 0.922630 0.836223 0.048773
v 0.918213 0.832219 0.072571
v 0.912089 0.826669 0.095671
v 0.904316 0.819624 0.117849
v 0.894971 0.811154 0.138893
v 0.884142 0.801339 0.158598
v 0.871934 0.790275 0.176777
v 0.858465 0.778067 0.193253
v 0.843864 0.764833 0.207867
v 0.828272 0.750702 0.220480
v 0.811839 0.735808 0.230970
v 0.794723 0.720295 0.239235
v 0.777089 0.704313 0.245196
v 0.759108 0.688015 0.248796
v 0.740951 0.671559 0.250000
v 0.722795 0.655103 0.248796
v 0.704813 0.638805 0.245196
v 0.687180 0.622823 0.239235
v 0.670064 0.607310 0.230970
v 0.653631 0.592416 0.220480
v 0.638039 0.578284 0.207867
v 0.623438 0.565051 0.193253
v 0.609968 0.552843 0.176777
v 0.597760 0.541778 0.158598
v 0.586932 0.531964 0.138893
v 0.577586 0.523493 0.117849
v 0.569814 0.516449 0.095671
v 0.563690 0.510898 0.072571
v 0.559273 0.506895 0.048773
v 0.556605 0.504478 0.024504
v 0.555713 0.503669 0.000000
v 0.556605 0.504478 -0.024504
v 0.559273 0.506895 -0.048773
v 0.563690 0.510898 -0.072571
v 0.569814 0.516449 -0.095671
v 0.577586 0.523493 -0.117849
v 0.586932 0.531964 -0.138893
v 0.597760 0.541778 -0.158598
v 0.609968 0.552843 -0.176777
v 0.623438 0.565051 -0.193253
v 0.638039 0.578284 -0.207867
v 0.653631 0.592416 -0.220480
v 0.670064 0.607310 -0.230970
v 0.687180 0.622823 -0.239235
v 0.704813 0.638805 -0.245196
v 0.722795 0.655103 -0.248796
v 0.740951 0.671559 -0.250000
v 0.759108 0.688015 -0.248796
v 0.777089 0.704313 -0.245196
v 0.794723 0.720295 -0.239235
v 0.811839 0.735808 -0.230970
v 0.828272 0.750702 -0.220480
v 0.843864 0.764833 -0.207867
v 0.858465 0.778067 -0.193253
v 0.871934 0.790275 -0.176777
v 0.884142 0.801339 -0.158598
v 0.894971 0.811154 -0.138893
v 0.904316 0.819624 -0.117849
v 0.912089 0.826669 -0.095671
v 0.918213 0.832219 -0.072571
v 0.922630 0.836223 -0.048773
v 0.925297 0.838640 -0.024504
v 0.883883 0.883884 0.000000
v 0.883032 0.883032 0.024504
v 0.880487 0.880487 0.048773
v 0.876271 0.876272 0.072571
v 0.870427 0.870427 0.095671
v 0.863010 0.863010 0.117849
v 0.854091 0.854091 0.138893
v 0.843757 0.843757 0.158598
v 0.832107 0.832107 0.176777
v 0.819253 0.819253 0.193253
v 0.805319 0.805319 0.207867
v 0.790439 0.790439 0.220480
v 0.774756 0.774756 0.230970
v 0.758422 0.758422 0.239235
v 0.741594 0.741594 0.245196
v 0.724434 0.724434 0.248796
v 0.707107 0.707107 0.250000
v 0.689780 0.689780 0.248796
v 0.672619 0.672619 0.245196
v 0.655791 0.655791 0.239235
v 0.639457 0.639457 0.230970
v 0.623775 0.623775 0.220480
v 0.608895 0.608895 0.207867
v 0.594961 0.594961 0.193253
v 0.582107 0.582107 0.176777
v 0.570457 0.570457 0.158598
v 0.560122 0.560122 0.138893
v 0.551204 0.551204 0.117849
v 0.543786 0.543786 0.095671
v 0.537942 0.537942 0.072571
v 0.533727 0.533727 0.048773
v 0.531181 0.531181 0.024504
v 0.530330 0.530330 0.000000
v 0.531181 0.531181 -0.024504
v 0.533727 0.533727 -0.048773
v 0.537942 0.537942 -0.072571
v 0.543786 0.543786 -0.095671
v 0.551204 0.551204 -0.117849
v 0.560122 0.560122 -0.138893
v 0.570457 0.570457 -0.158598
v 0.582107 0.582107 -0.176777
v 0.594961 0.594961 -0.193253
v 0.608895 0.608895 -0.207867
v 0.623775 0.623775 -0.220480
v 0.639457 0.639457 -0.230970
v 0.655791 0.655791 -0.239235
v 0.672619 0.672619 -0.245196
v 0.689780 0.689780 -0.248796
v 0.707107 0.707107 -0.250000
v 0.724434 0.724434 -0.248796
v 0.741594 0.741594 -0.245196
v 0.758422 0.758422 -0.239235
v 0.774756 0.774756 -0.230970
v 0.790439 0.790439 -0.220480
v 0.805319 0.805319 -0.207867
v 0.819253 0.819253 -0.193253
v 0.832107 0.832107 -0.176777
v 0.843757 0.843757 -0.158598
v 0.854091 0.854091 -0.138893
v 0.863010 0.863010 -0.117849
v 0.870427 0.870427 -0.095671
v 0.876271 0.876272 -0.072571
v 0.880487 0.880487 -0.048773
v 0.883032 0.883032 -0.024504
v 0.839449 0.926189 0.000000
v 0.838640 0.925297 0.024504
v 0.836223 0.922630 0.048773
v 0.832219 0.918213 0.072571
v 0.826669 0.912089 0.095671
v 0.819625 0.904316 0.117849
v 0.811154 0.894971 0.138893
v 0.801339 0.884142 0.158598
v 0.790275 0.871934 0.176777
v 0.778067 0.858465 0.193253
v 0.764834 0.843864 0.207867
v 0.750702 0.828272 0.220480
v 0.735808 0.811839 0.230970
v 0.720295 0.794723 0.239235
v 0.704313 0.777089 0.245196
v 0.688015 0.759108 0.248796
v 0.671559 0.740951 0.250000
v 0.655103 0.722795 0.248796
v 0.638805 0.704813 0.245196
v 0.622823 0.687179 0.239235
v 0.607310 0.670064 0.230970
v 0.592416 0.653631 0.220480
v 0.578284 0.638039 0.207867
v 0.565051 0.623438 0.193253
v 0.552843 0.609968 0.176777
v 0.541778 0.597760 0.158598
v 0.531964 0.586932 0.138893
v 0.523493 0.577586 0.117849
v 0.516449 0.569814 0.095671
v 0.510898 0.563690 0.072571
v 0.506895 0.559273 0.048773
v 0.504478 0.556605 0.024504
v 0.503669 0.555713 0.000000
v 0.504478 0.556605 -0.024504
v 0.506895 0.559273 -0.048773
v 0.510898 0.563690 -0.072571
v 0.516449 0.569814 -0.095671
v 0.523493 0.577586 -0.117849
v 0.531964 0.586932 -0.138893
v 0.541778 0.597760 -0.158598
v 0.552843 0.609968 -0.176777
v 0.565051 0.623438 -0.193253
v 0.578284 0.638039 -0.207867
v 0.592416 0.653631 -0.220480
v 0.607310 0.670064 -0.230970
v 0.622823 0.687179 -0.239235
v 0.638805 0.704813 -0.245196
v 0.655103 0.722795 -0.248796
v 0.671559 0.740951 -0.250000
v 0.688015 0.759108 -0.248796
v 0.704313 0.777089 -0.245196
v 0.720295 0.794723 -0.239235
v 0.735808 0.811839 -0.230970
v 0.750702 0.828272 -0.220480
v 0.764834 0.843864 -0.207867
v 0.778067 0.858465 -0.193253
v 0.790275 0.871934 -0.176777
v 0.801339 0.884142 -0.158598
v 0.811154 0.894971 -0.138893
v 0.819625 0.904316 -0.117849
v 0.826669 0.912089 -0.095671
v 0.832219 0.918213 -0.072571
v 0.836223 0.922630 -0.048773
v 0.838640 0.925297 -0.024504
v 0.792992 0.966263 0.000000
v 0.792228 0.965332 0.024504
v 0.789944 0.962550 0.048773
v 0.786162 0.957942 0.072571
v 0.780919 0.951553 0.095671
v 0.774265 0.943444 0.117849
v 0.766263 0.933694 0.138893
v 0.756992 0.922397 0.158598
v 0.746539 0.909661 0.176777
v 0.735007 0.895608 0.193253
v 0.722506 0.880376 0.207867
v 0.709156 0.864109 0.220480
v 0.695086 0.846965 0.230970
v 0.680432 0.829109 0.239235
v 0.665334 0.810712 0.245196
v 0.649939 0.791952 0.248796
v 0.634393 0.773010 0.250000
v 0.618848 0.754068 0.248796
v 0.603452 0.735309 0.245196
v 0.588355 0.716912 0.239235
v 0.573700 0.699056 0.230970
v 0.559631 0.681912 0.220480
v 0.546281 0.665645 0.207867
v 0.533780 0.650412 0.193253
v 0.522247 0.636360 0.176777
v 0.511795 0.623624 0.158598
v 0.502524 0.612327 0.138893
v 0.494522 0.602577 0.117849
v 0.487868 0.594468 0.095671
v 0.482624 0.588079 0.072571
v 0.478842 0.583471 0.048773
v 0.476559 0.580688 0.024504
v 0.475795 0.579758 0.000000
v 0.476559 0.580688 -0.024504
v 0.478842 0.583471 -0.048773
v 0.482624 0.588079 -0.072571
v 0.487868 0.594468 -0.095671
v 0.494522 0.602577 -0.117849
v 0.502524 0.612327 -0.138893
v 0.511795 0.623624 -0.158598
v 0.522247 0.636360 -0.176777
v 0.533780 0.650412 -0.193253
v 0.546281 0.665645 -0.207867
v 0.559631 0.681912 -0.220480
v 0.573700 0.699056 -0.230970
v 0.588355 0.716912 -0.239235
v 0.603452 0.735309 -0.245196
v 0.618848 0.754068 -0.248796
v 0.634393 0.773010 -0.250000
v 0.649939 0.791952 -0.248796
v 0.665334 0.810712 -0.245196
v 0.680432 0.829109 -0.239235
v 0.695086 0.846965 -0.230970
v 0.709156 0.864109 -0.220480
v 0.722506 0.880376 -0.207867
v 0.735007 0.895608 -0.193253
v 0.746539 0.909661 -0.176777
v 0.756992 0.922397 -0.158598
v 0.766263 0.933694 -0.138893
v 0.774265 0.943444 -0.117849
v 0.780919 0.951553 -0.095671
v 0.786162 0.957942 -0.072571
v 0.789944 0.962550 -0.048773
v 0.792228 0.965332 -0.024504
v 0.744624 1.004009 0.000000
v 0.743907 1.003042 0.024504
v 0.741763 1.000151 0.048773
v 0.738211 0.995363 0.072571
v 0.733288 0.988724 0.095671
v 0.727039 0.980299 0.117849
v 0.719526 0.970168 0.138893
v 0.710820 0.958429 0.158598
v 0.701005 0.945196 0.176777
v 0.690176 0.930595 0.193253
v 0.678437 0.914767 0.207867
v 0.665902 0.897865 0.220480
v 0.652690 0.880051 0.230970
v 0.638930 0.861497 0.239235
v 0.624753 0.842382 0.245196
v 0.610296 0.822890 0.248796
v 0.595699 0.803208 0.250000
v 0.581102 0.783525 0.248796
v 0.566646 0.764033 0.245196
v 0.552469 0.744918 0.239235
v 0.538708 0.726364 0.230970
v 0.525497 0.708550 0.220480
v 0.512961 0.691648 0.207867
v 0.501222 0.675820 0.193253
v 0.490394 0.661219 0.176777
v 0.480579 0.647986 0.158598
v 0.471873 0.636247 0.138893
v 0.464359 0.626116 0.117849
v 0.458111 0.617691 0.095671
v 0.453187 0.611052 0.072571
v 0.449636 0.606264 0.048773
v 0.447492 0.603373 0.024504
v 0.446774 0.602406 0.000000
v 0.447492 0.603373 -0.024504
v 0.449636 0.606264 -0.048773
v 0.453187 0.611052 -0.072571
v 0.458111 0.617691 -0.095671
v 0.464359 0.626116 -0.117849
v 0.471873 0.636247 -0.138893
v 0.480579 0.647986 -0.158598
v 0.490394 0.661219 -0.176777
v 0.501222 0.675820 -0.193253
v 0.512961 0.691648 -0.207867
v 0.525497 0.708550 -0.220480
v 0.538708 0.726364 -0.230970
v 0.552469 0.744918 -0.239235
v 0.566646 0.764033 -0.245196
v 0.581102 0.783525 -0.248796
v 0.595699 0.803208 -0.250000
v 0.610296 0.822890 -0.248796
v 0.624753 0.842382 -0.245196
v 0.638930 0.861497 -0.239235
v 0.652690 0.880051 -0.230970
v 0.665902 0.897865 -0.220480
v 0.678437 0.914767 -0.207867
v 0.690176 0.930595 -0.193253
v 0.701005 0.945196 -0.176777
v 0.710820 0.958429 -0.158598
v 0.719526 0.970168 -0.138893
v 0.727039 0.980299 -0.117849
v 0.733288 0.988724 -0.095671
v 0.738211 0.995363 -0.072571
v 0.741763 1.000151 -0.048773
v 0.743907 1.003042 -0.024504
v 0.694463 1.039337 0.000000
v 0.693794 1.038336 0.024504
v 0.691794 1.035343 0.048773
v 0.688482 1.030386 0.072571
v 0.683890 1.023514 0.095671
v 0.678062 1.014792 0.117849
v 0.671055 1.004305 0.138893
v 0.662935 0.992153 0.158598
v 0.653782 0.978454 0.176777
v 0.643683 0.963339 0.193253
v 0.632735 0.946955 0.207867
v 0.621044 0.929458 0.220480
v 0.608722 0.911017 0.230970
v 0.595888 0.891810 0.239235
v 0.582667 0.872023 0.245196
v 0.569184 0.851844 0.248796
v 0.555570 0.831470 0.250000
v 0.541956 0.811095 0.248796
v 0.528474 0.790917 0.245196
v 0.515252 0.771129 0.239235
v 0.502418 0.751922 0.230970
v 0.490097 0.733482 0.220480
v 0.478406 0.715985 0.207867
v 0.467458 0.699600 0.193253
v 0.457358 0.684485 0.176777
v 0.448205 0.670786 0.158598
v 0.440085 0.658634 0.138893
v 0.433078 0.648147 0.117849
v 0.427250 0.639425 0.095671
v 0.422658 0.632553 0.072571
v 0.419346 0.627596 0.048773
v 0.417346 0.624603 0.024504
v 0.416678 0.623602 0.000000
v 0.417346 0.624603 -0.024504
v 0.419346 0.627596 -0.048773
v 0.422658 0.632553 -0.072571
v 0.427250 0.639425 -0.095671
v 0.433078 0.648147 -0.117849
v 0.440085 0.658634 -0.138893
v 0.448205 0.670786 -0.158598
v 0.457358 0.684485 -0.176777
v 0.467458 0.699600 -0.193253
v 0.478406 0.715985 -0.207867
v 0.490097 0.733482 -0.220480
v 0.502418 0.751922 -0.230970
v 0.515252 0.771129 -0.239235
v 0.528474 0.790917 -0.245196
v 0.541956 0.811095 -0.248796
v 0.555570 0.831470 -0.250000
v 0.569184 0.851844 -0.248796
v 0.582667 0.872023 -0.245196
v 0.595888 0.891810 -0.239235
v 0.608722 0.911017 -0.230970
v 0.621044 0.929458 -0.220480
v 0.632735 0.946955 -0.207867
v 0.643683 0.963339 -0.193253
v 0.653782 0.978454 -0.176777
v 0.662935 0.992153 -0.158598
v 0.671055 1.004305 -0.138893
v 0.678062 1.014792 -0.117849
v 0.683890 1.023514 -0.095671
v 0.688482 1.030386 -0.072571
v 0.691794 1.035343 -0.048773
v 0.693794 1.038336 -0.024504
v 0.642629 1.072161 0.000000
v 0.642010 1.071128 0.024504
v 0.640159 1.068040 0.048773
v 0.637094 1.062927 0.072571
v 0.632845 1.055838 0.095671
v 0.627452 1.046841 0.117849
v 0.620968 1.036022 0.138893
v 0.613455 1.023487 0.158598
v 0.604984 1.009355 0.176777
v 0.595639 0.993763 0.193253
v 0.585508 0.976861 0.207867
v 0.574690 0.958811 0.220480
v 0.563287 0.939788 0.230970
v 0.551412 0.919975 0.239235
v 0.539177 0.899562 0.245196
v 0.526701 0.878747 0.248796
v 0.514103 0.857729 0.250000
v 0.501505 0.836711 0.248796
v 0.489029 0.815895 0.245196
v 0.476794 0.795482 0.239235
v 0.464918 0.775669 0.230970
v 0.453516 0.756646 0.220480
v 0.442698 0.738596 0.207867
v 0.432567 0.721694 0.193253
v 0.423221 0.706102 0.176777
v 0.414751 0.691970 0.158598
v 0.407238 0.679435 0.138893
v 0.400753 0.668616 0.117849
v 0.395361 0.659619 0.095671
v 0.391111 0.652530 0.072571
v 0.388047 0.647417 0.048773
v 0.386196 0.644329 0.024504
v 0.385577 0.643296 0.000000
v 0.386196 0.644329 -0.024504
v 0.388047 0.647417 -0.048773
v 0.391111 0.652530 -0.072571
v 0.395361 0.659619 -0.095671
v 0.400753 0.668616 -0.117849
v 0.407238 0.679435 -0.138893
v 0.414751 0.691970 -0.158598
v 0.423221 0.706102 -0.176777
v 0.432567 0.721694 -0.193253
v 0.442698 0.738596 -0.207867
v 0.453516 0.756646 -0.220480
v 0.464918 0.775669 -0.230970
v 0.476794 0.795482 -0.239235
v 0.489029 0.815895 -0.245196
v 0.501505 0.836711 -0.248796
v 0.514103 0.857729 -0.250000
v 0.526701 0.878747 -0.248796
v 0.539177 0.899562 -0.245196
v 0.551412 0.919975 -0.239235
v 0.563287 0.939788 -0.230970
v 0.574690 0.958811 -0.220480
v 0.585508 0.976861 -0.207867
v 0.595639 0.993763 -0.193253
v 0.604984 1.009355 -0.176777
v 0.613455 1.023487 -0.158598
v 0.620968 1.036022 -0.138893
v 0.627452 1.046841 -0.117849
v 0.632845 1.055838 -0.095671
v 0.637094 1.062927 -0.072571
v 0.640159 1.068040 -0.048773
v 0.642010 1.071128 -0.024504
v 0.589246 1.102401 0.000000
v 0.588679 1.101340 0.024504
v 0.586982 1.098165 0.048773
v 0.584171 1.092908 0.072571
v 0.580275 1.085618 0.095671
v 0.575330 1.076367 0.117849
v 0.569385 1.065244 0.138893
v 0.562495 1.052355 0.158598
v 0.554729 1.037824 0.176777
v 0.546160 1.021792 0.193253
v 0.536870 1.004413 0.207867
v 0.526951 0.985855 0.220480
v 0.516496 0.966295 0.230970
v 0.505607 0.945923 0.239235
v 0.494388 0.924935 0.245196
v 0.482948 0.903532 0.248796
v 0.471397 0.881921 0.250000
v 0.459846 0.860310 0.248796
v 0.448406 0.838908 0.245196
v 0.437187 0.817919 0.239235
v 0.426298 0.797547 0.230970
v 0.415843 0.777988 0.220480
v 0.405923 0.759429 0.207867
v 0.396634 0.742050 0.193253
v 0.388065 0.726018 0.176777
v 0.380298 0.711488 0.158598
v 0.373409 0.698599 0.138893
v 0.367463 0.687475 0.117849
v 0.362518 0.678224 0.095671
v 0.358622 0.670935 0.072571
v 0.355812 0.665677 0.048773
v 0.354115 0.662503 0.024504
v 0.353548 0.661441 0.000000
v 0.354115 0.662503 -0.024504
v 0.355812 0.665677 -0.048773
v 0.358622 0.670935 -0.072571
v 0.362518 0.678224 -0.095671
v 0.367463 0.687475 -0.117849
v 0.373409 0.698599 -0.138893
v 0.380298 0.711488 -0.158598
v 0.388065 0.726018 -0.176777
v 0.396634 0.742050 -0.193253
v 0.405923 0.759429 -0.207867
v 0.415843 0.777988 -0.220480
v 0.426298 0.797547 -0.230970
v 0.437187 0.817919 -0.239235
v 0.448406 0.838908 -0.245196
v 0.459846 0.860310 -0.248796
v 0.471397 0.881921 -0.250000
v 0.482948 0.903532 -0.248796
v 0.494388 0.924935 -0.245196
v 0.505607 0.945923 -0.239235
v 0.516496 0.966295 -0.230970
v 0.526951 0.985855 -0.220480
v 0.536870 1.004413 -0.207867
v 0.546160 1.021792 -0.193253
v 0.554729 1.037824 -0.176777
v 0.562495 1.052355 -0.158598
v 0.569385 1.065244 -0.138893
v 0.575330 1.076367 -0.117849
v 0.580275 1.085618 -0.095671
v 0.584171 1.092908 -0.072571
v 0.586982 1.098165 -0.048773
v 0.588679 1.101340 -0.024504
v 0.534444 1.129987 0.000000
v 0.533929 1.128899 0.024504
v 0.532390 1.125644 0.048773
v 0.529841 1.120255 0.072571
v 0.526307 1.112784 0.095671
v 0.521822 1.103301 0.117849
v 0.516430 1.091899 0.138893
v 0.510181 1.078688 0.158598
v 0.503137 1.063794 0.176777
v 0.495364 1.047361 0.193253
v 0.486939 1.029547 0.207867
v 0.477942 1.010524 0.220480
v 0.468460 0.990475 0.230970
v 0.458583 0.969593 0.239235
v 0.448408 0.948079 0.245196
v 0.438032 0.926141 0.248796
v 0.427555 0.903989 0.250000
v 0.417078 0.881838 0.248796
v 0.406702 0.859899 0.245196
v 0.396527 0.838386 0.239235
v 0.386650 0.817504 0.230970
v 0.377168 0.797455 0.220480
v 0.368171 0.778432 0.207867
v 0.359746 0.760618 0.193253
v 0.351973 0.744185 0.176777
v 0.344929 0.729291 0.158598
v 0.338680 0.716079 0.138893
v 0.333288 0.704677 0.117849
v 0.328803 0.695195 0.095671
v 0.325269 0.687723 0.072571
v 0.322720 0.682334 0.048773
v 0.321181 0.679080 0.024504
v 0.320666 0.677992 0.000000
v 0.321181 0.679080 -0.024504
v 0.322720 0.682334 -0.048773
v 0.325269 0.687723 -0.072571
v 0.328803 0.695195 -0.095671
v 0.333288 0.704677 -0.117849
v 0.338680 0.716079 -0.138893
v 0.344929 0.729291 -0.158598
v 0.351973 0.744185 -0.176777
v 0.359746 0.760618 -0.193253
v 0.368171 0.778432 -0.207867
v 0.377168 0.797455 -0.220480
v 0.386650 0.817504 -0.230970
v 0.396527 0.838386 -0.239235
v 0.406702 0.859899 -0.245196
v 0.417078 0.881838 -0.248796
v 0.427555 0.903989 -0.250000
v 0.438032 0.926141 -0.248796
v 0.448408 0.948079 -0.245196
v 0.458583 0.969593 -0.239235
v 0.468460 0.990475 -0.230970
v 0.477942 1.010524 -0.220480
v 0.486939 1.029547 -0.207867
v 0.495364 1.047361 -0.193253
v 0.503137 1.063794 -0.176777
v 0.510181 1.078688 -0.158598
v 0.516430 1.091899 -0.138893
v 0.521822 1.103301 -0.117849
v 0.526307 1.112784 -0.095671
v 0.529841 1.120255 -0.072571
v 0.532390 1.125644 -0.048773
v 0.533929 1.128899 -0.024504
v 0.478355 1.154849 0.000000
v 0.477894 1.153737 0.024504
v 0.476516 1.150411 0.048773
v 0.474235 1.144904 0.072571
v 0.471072 1.137268 0.095671
v 0.467058 1.127577 0.117849
v 0.462231 1.115924 0.138893
v 0.456638 1.102422 0.158598
v 0.450333 1.087200 0.176777
v 0.443377 1.070405 0.193253
v 0.435836 1.052199 0.207867
v 0.427783 1.032758 0.220480
v 0.419295 1.012268 0.230970
v 0.410455 0.990926 0.239235
v 0.401348 0.968939 0.245196
v 0.392061 0.946518 0.248796
v 0.382684 0.923879 0.250000
v 0.373306 0.901240 0.248796
v 0.364019 0.878819 0.245196
v 0.354912 0.856832 0.239235
v 0.346072 0.835491 0.230970
v 0.337585 0.815001 0.220480
v 0.329532 0.795559 0.207867
v 0.321991 0.777354 0.193253
v 0.315034 0.760559 0.176777
v 0.308729 0.745337 0.158598
v 0.303136 0.731835 0.138893
v 0.298309 0.720182 0.117849
v 0.294295 0.710491 0.095671
v 0.291132 0.702855 0.072571
v 0.288851 0.697348 0.048773
v 0.287473 0.694022 0.024504
v 0.287013 0.692910 0.000000
v 0.287473 0.694022 -0.024504
v 0.288851 0.697348 -0.048773
v 0.291132 0.702855 -0.072571
v 0.294295 0.710491 -0.095671
v 0.298309 0.720182 -0.117849
v 0.303136 0.731835 -0.138893
v 0.308729 0.745337 -0.158598
v 0.315034 0.760559 -0.176777
v 0.321991 0.777354 -0.193253
v 0.329532 0.795559 -0.207867
v 0.337585 0.815001 -0.220480
v 0.346072 0.835491 -0.230970
v 0.354912 0.856832 -0.239235
v 0.364019 0.878819 -0.245196
v 0.373306 0.901240 -0.248796
v 0.382684 0.923879 -0.250000
v 0.392061 0.946518 -0.248796
v 0.401348 0.968939 -0.245196
v 0.410455 0.990926 -0.239235
v 0.419295 1.012268 -0.230970
v 0.427783 1.032758 -0.220480
v 0.435836 1.052199 -0.207867
v 0.443377 1.070405 -0.193253
v 0.450333 1.087200 -0.176777
v 0.456638 1.102422 -0.158598
v 0.462231 1.115924 -0.138893
v 0.467058 1.127577 -0.117849
v 0.471072 1.137268 -0.095671
v 0.474235 1.144904 -0.072571
v 0.476516 1.150411 -0.048773
v 0.477894 1.153737 -0.024504
v 0.421112 1.176930 0.000000
v 0.420707 1.175797 0.024504
v 0.419494 1.172407 0.048773
v 0.417486 1.166794 0.072571
v 0.414701 1.159012 0.095671
v 0.411168 1.149136 0.117849
v 0.406918 1.137260 0.138893
v 0.401995 1.123500 0.158598
v 0.396444 1.107987 0.176777
v 0.390320 1.090871 0.193253
v 0.383681 1.072317 0.207867
v 0.376592 1.052504 0.220480
v 0.369120 1.031622 0.230970
v 0.361338 1.009873 0.239235
v 0.353321 0.987466 0.245196
v 0.345145 0.964616 0.248796
v 0.336890 0.941544 0.250000
v 0.328635 0.918472 0.248796
v 0.320459 0.895623 0.245196
v 0.312441 0.873215 0.239235
v 0.304659 0.851466 0.230970
v 0.297188 0.830584 0.220480
v 0.290098 0.810771 0.207867
v 0.283460 0.792217 0.193253
v 0.277336 0.775101 0.176777
v 0.271785 0.759588 0.158598
v 0.266862 0.745828 0.138893
v 0.262612 0.733952 0.117849
v 0.259079 0.724076 0.095671
v 0.256294 0.716294 0.072571
v 0.254286 0.710681 0.048773
v 0.253073 0.707291 0.024504
v 0.252667 0.706158 0.000000
v 0.253073 0.707291 -0.024504
v 0.254286 0.710681 -0.048773
v 0.256294 0.716294 -0.072571
v 0.259079 0.724076 -0.095671
v 0.262612 0.733952 -0.117849
v 0.266862 0.745828 -0.138893
v 0.271785 0.759588 -0.158598
v 0.277336 0.775101 -0.176777
v 0.283460 0.792217 -0.193253
v 0.290098 0.810771 -0.207867
v 0.297188 0.830584 -0.220480
v 0.304659 0.851466 -0.230970
v 0.312441 0.873215 -0.239235
v 0.320459 0.895623 -0.245196
v 0.328635 0.918472 -0.248796
v 0.336890 0.941544 -0.250000
v 0.345145 0.964616 -0.248796
v 0.353321 0.987466 -0.245196
v 0.361338 1.009873 -0.239235
v 0.369120 1.031622 -0.230970
v 0.376592 1.052504 -0.220480
v 0.383681 1.072317 -0.207867
v 0.390320 1.090871 -0.193253
v 0.396444 1.107987 -0.176777
v 0.401995 1.123500 -0.158598
v 0.406918 1.137260 -0.138893
v 0.411168 1.149136 -0.117849
v 0.414701 1.159012 -0.095671
v 0.417486 1.166794 -0.072571
v 0.419494 1.172407 -0.048773
v 0.420707 1.175797 -0.024504
v 0.362856 1.196175 0.000000
v 0.362506 1.195024 0.024504
v 0.361461 1.191579 0.048773
v 0.359731 1.185874 0.072571
v 0.357332 1.177965 0.095671
v 0.354287 1.167927 0.117849
v 0.350625 1.155857 0.138893
v 0.346383 1.141872 0.158598
v 0.341600 1.126105 0.176777
v 0.336323 1.108709 0.193253
v 0.330603 1.089852 0.207867
v 0.324494 1.069715 0.220480
v 0.318056 1.048492 0.230970
v 0.311351 1.026387 0.239235
v 0.304443 1.003613 0.245196
v 0.297398 0.980390 0.248796
v 0.290285 0.956940 0.250000
v 0.283171 0.933491 0.248796
v 0.276127 0.910268 0.245196
v 0.269218 0.887494 0.239235
v 0.262513 0.865389 0.230970
v 0.256075 0.844166 0.220480
v 0.249966 0.824028 0.207867
v 0.244246 0.805171 0.193253
v 0.238969 0.787776 0.176777
v 0.234186 0.772009 0.158598
v 0.229944 0.758024 0.138893
v 0.226283 0.745954 0.117849
v 0.223238 0.735916 0.095671
v 0.220838 0.728007 0.072571
v 0.219108 0.722302 0.048773
v 0.218063 0.718857 0.024504
v 0.217713 0.717705 0.000000
v 0.218063 0.718857 -0.024504
v 0.219108 0.722302 -0.048773
v 0.220838 0.728007 -0.072571
v 0.223238 0.735916 -0.095671
v 0.226283 0.745954 -0.117849
v 0.229944 0.758024 -0.138893
v 0.234186 0.772009 -0.158598
v 0.238969 0.787776 -0.176777
v 0.244246 0.805171 -0.193253
v 0.249966 0.824028 -0.207867
v 0.256075 0.844166 -0.220480
v 0.262513 0.865389 -0.230970
v 0.269218 0.887494 -0.239235
v 0.276127 0.910268 -0.245196
v 0.283171 0.933491 -0.248796
v 0.290285 0.956940 -0.250000
v 0.297398 0.980390 -0.248796
v 0.304443 1.003613 -0.245196
v 0.311351 1.026387 -0.239235
v 0.318056 1.048492 -0.230970
v 0.324494 1.069715 -0.220480
v 0.330603 1.089852 -0.207867
v 0.336323 1.108709 -0.193253
v 0.341600 1.126105 -0.176777
v 0.346383 1.141872 -0.158598
v 0.350625 1.155857 -0.138893
v 0.354287 1.167927 -0.117849
v 0.357332 1.177965 -0.095671
v 0.359731 1.185874 -0.072571
v 0.361461 1.191579 -0.048773
v 0.362506 1.195024 -0.024504
v 0.303725 1.212539 0.000000
v 0.303433 1.211371 0.024504
v 0.302558 1.207879 0.048773
v 0.301109 1.202097 0.072571
v 0.299101 1.194079 0.095671
v 0.296552 1.183904 0.117849
v 0.293488 1.171669 0.138893
v 0.289937 1.157492 0.158598
v 0.285933 1.141510 0.176777
v 0.281516 1.123877 0.193253
v 0.276728 1.104761 0.207867
v 0.271615 1.084349 0.220480
v 0.266226 1.062835 0.230970
v 0.260613 1.040428 0.239235
v 0.254831 1.017342 0.245196
v 0.248934 0.993801 0.248796
v 0.242980 0.970031 0.250000
v 0.237026 0.946261 0.248796
v 0.231129 0.922720 0.245196
v 0.225347 0.899635 0.239235
v 0.219734 0.877228 0.230970
v 0.214345 0.855714 0.220480
v 0.209232 0.835301 0.207867
v 0.204444 0.816186 0.193253
v 0.200027 0.798552 0.176777
v 0.196023 0.782570 0.158598
v 0.192472 0.768393 0.138893
v 0.189408 0.756159 0.117849
v 0.186859 0.745983 0.095671
v 0.184851 0.737966 0.072571
v 0.183402 0.732183 0.048773
v 0.182528 0.728691 0.024504
v 0.182235 0.727524 0.000000
v 0.182528 0.728691 -0.024504
v 0.183402 0.732183 -0.048773
v 0.184851 0.737966 -0.072571
v 0.186859 0.745983 -0.095671
v 0.189408 0.756159 -0.117849
v 0.192472 0.768393 -0.138893
v 0.196023 0.782570 -0.158598
v 0.200027 0.798552 -0.176777
v 0.204444 0.816186 -0.193253
v 0.209232 0.835301 -0.207867
v 0.214345 0.855714 -0.220480
v 0.219734 0.877228 -0.230970
v 0.225347 0.899635 -0.239235
v 0.231129 0.922720 -0.245196
v 0.237026 0.946261 -0.248796
v 0.242980 0.970031 -0.250000
v 0.248934 0.993801 -0.248796
v 0.254831 1.017342 -0.245196
v 0.260613 1.040428 -0.239235
v 0.266226 1.062835 -0.230970
v 0.271615 1.084349 -0.220480
v 0.276728 1.104761 -0.207867
v 0.281516 1.123877 -0.193253
v 0.285933 1.141510 -0.176777
v 0.289937 1.157492 -0.158598
v 0.293488 1.171669 -0.138893
v 0.296552 1.183904 -0.117849
v 0.299101 1.194079 -0.095671
v 0.301109 1.202097 -0.072571
v 0.302558 1.207879 -0.048773
v 0.303433 1.211371 -0.024504
v 0.243863 1.225982 0.000000
v 0.243628 1.224801 0.024504
v 0.242926 1.221270 0.048773
v 0.241763 1.215423 0.072571
v 0.240150 1.207317 0.095671
v 0.238104 1.197029 0.117849
v 0.235643 1.184659 0.138893
v 0.232792 1.170325 0.158598
v 0.229578 1.154165 0.176777
v 0.226031 1.136336 0.193253
v 0.222187 1.117009 0.207867
v 0.218082 1.096370 0.220480
v 0.213755 1.074618 0.230970
v 0.209248 1.051962 0.239235
v 0.204606 1.028621 0.245196
v 0.199871 1.004819 0.248796
v 0.195090 0.980785 0.250000
v 0.190310 0.956752 0.248796
v 0.185575 0.932950 0.245196
v 0.180933 0.909609 0.239235
v 0.176426 0.886953 0.230970
v 0.172099 0.865201 0.220480
v 0.167994 0.844562 0.207867
v 0.164149 0.825234 0.193253
v 0.160603 0.807405 0.176777
v 0.157389 0.791246 0.158598
v 0.154538 0.776912 0.138893
v 0.152077 0.764541 0.117849
v 0.150030 0.754253 0.095671
v 0.148418 0.746147 0.072571
v 0.147255 0.740300 0.048773
v 0.146553 0.736770 0.024504
v 0.146318 0.735589 0.000000
v 0.146553 0.736770 -0.024504
v 0.147255 0.740300 -0.048773
v 0.148418 0.746147 -0.072571
v 0.150030 0.754253 -0.095671
v 0.152077 0.764541 -0.117849
v 0.154538 0.776912 -0.138893
v 0.157389 0.791246 -0.158598
v 0.160603 0.807405 -0.176777
v 0.164149 0.825234 -0.193253
v 0.167994 0.844562 -0.207867
v 0.172099 0.865201 -0.220480
v 0.176426 0.886953 -0.230970
v 0.180933 0.909609 -0.239235
v 0.185575 0.932950 -0.245196
v 0.190310 0.956752 -0.248796
v 0.195090 0.980785 -0.250000
v 0.199871 1.004819 -0.248796
v 0.204606 1.028621 -0.245196
v 0.209248 1.051962 -0.239235
v 0.213755 1.074618 -0.230970
v 0.218082 1.096370 -0.220480
v 0.222187 1.117009 -0.207867
v 0.226031 1.136336 -0.193253
v 0.229578 1.154165 -0.176777
v 0.232792 1.170325 -0.158598
v 0.235643 1.184659 -0.138893
v 0.238104 1.197029 -0.117849
v 0.240150 1.207317 -0.095671
v 0.241763 1.215423 -0.072571
v 0.242926 1.221270 -0.048773
v 0.243628 1.224801 -0.024504
v 0.183413 1.236471 0.000000
v 0.183236 1.235280 0.024504
v 0.182708 1.231719 0.048773
v 0.181834 1.225822 0.072571
v 0.180621 1.217646 0.095671
v 0.179082 1.207271 0.117849
v 0.177231 1.194794 0.138893
v 0.175087 1.180337 0.158598
v 0.172669 1.164040 0.176777
v 0.170002 1.146058 0.193253
v 0.167110 1.126566 0.207867
v 0.164023 1.105750 0.220480
v 0.160768 1.083812 0.230970
v 0.157379 1.060962 0.239235
v 0.153887 1.037421 0.245196
v 0.150326 1.013416 0.248796
v 0.146730 0.989177 0.250000
v 0.143135 0.964937 0.248796
v 0.139574 0.940932 0.245196
v 0.136082 0.917391 0.239235
v 0.132693 0.894541 0.230970
v 0.129438 0.872603 0.220480
v 0.126351 0.851787 0.207867
v 0.123459 0.832295 0.193253
v 0.120792 0.814313 0.176777
v 0.118374 0.798016 0.158598
v 0.116230 0.783559 0.138893
v 0.114379 0.771083 0.117849
v 0.112840 0.760706 0.095671
v 0.111627 0.752531 0.072571
v 0.110753 0.746634 0.048773
v 0.110225 0.743073 0.024504
v 0.110048 0.741882 0.000000
v 0.110225 0.743073 -0.024504
v 0.110753 0.746634 -0.048773
v 0.111627 0.752531 -0.072571
v 0.112840 0.760706 -0.095671
v 0.114379 0.771083 -0.117849
v 0.116230 0.783559 -0.138893
v 0.118374 0.798016 -0.158598
v 0.120792 0.814313 -0.176777
v 0.123459 0.832295 -0.193253
v 0.126351 0.851787 -0.207867
v 0.129438 0.872603 -0.220480
v 0.132693 0.894541 -0.230970
v 0.136082 0.917391 -0.239235
v 0.139574 0.940932 -0.245196
v 0.143135 0.964937 -0.248796
v 0.146730 0.989177 -0.250000
v 0.150326 1.013416 -0.248796
v 0.153887 1.037421 -0.245196
v 0.157379 1.060962 -0.239235
v 0.160768 1.083812 -0.230970
v 0.164023 1.105750 -0.220480
v 0.167110 1.126566 -0.207867
v 0.170002 1.146058 -0.193253
v 0.172669 1.164040 -0.176777
v 0.175087 1.180337 -0.158598
v 0.177231 1.194794 -0.138893
v 0.179082 1.207271 -0.117849
v 0.180621 1.217646 -0.095671
v 0.181834 1.225822 -0.072571
v 0.182708 1.231719 -0.048773
v 0.183236 1.235280 -0.024504
v 0.122521 1.243981 0.000000
v 0.122403 1.242783 0.024504
v 0.122050 1.239200 0.048773
v 0.121466 1.233268 0.072571
v 0.120656 1.225042 0.095671
v 0.119628 1.214603 0.117849
v 0.118392 1.202051 0.138893
v 0.116959 1.187507 0.158598
v 0.115344 1.171110 0.176777
v 0.113562 1.153019 0.193253
v 0.111631 1.133408 0.207867
v 0.109568 1.112466 0.220480
v 0.107394 1.090395 0.230970
v 0.105130 1.067406 0.239235
v 0.102798 1.043722 0.245196
v 0.100419 1.019571 0.248796
v 0.098017 0.995185 0.250000
v 0.095615 0.970798 0.248796
v 0.093236 0.946647 0.245196
v 0.090904 0.922963 0.239235
v 0.088640 0.899975 0.230970
v 0.086466 0.877903 0.220480
v 0.084403 0.856961 0.207867
v 0.082472 0.837350 0.193253
v 0.080690 0.819259 0.176777
v 0.079075 0.802863 0.158598
v 0.077642 0.788318 0.138893
v 0.076406 0.775766 0.117849
v 0.075378 0.765327 0.095671
v 0.074568 0.757102 0.072571
v 0.073984 0.751169 0.048773
v 0.073631 0.747587 0.024504
v 0.073513 0.746389 0.000000
v 0.073631 0.747587 -0.024504
v 0.073984 0.751169 -0.048773
v 0.074568 0.757102 -0.072571
v 0.075378 0.765327 -0.095671
v 0.076406 0.775766 -0.117849
v 0.077642 0.788318 -0.138893
v 0.079075 0.802863 -0.158598
v 0.080690 0.819259 -0.176777
v 0.082472 0.837350 -0.193253
v 0.084403 0.856961 -0.207867
v 0.086466 0.877903 -0.220480
v 0.088640 0.899975 -0.230970
v 0.090904 0.922963 -0.239235
v 0.093236 0.946647 -0.245196
v 0.095615 0.970798 -0.248796
v 0.098017 0.995185 -0.250000
v 0.100419 1.019571 -0.248796
v 0.102798 1.043722 -0.245196
v 0.105130 1.067406 -0.239235
v 0.107394 1.090395 -0.230970
v 0.109568 1.112466 -0.220480
v 0.111631 1.133408 -0.207867
v 0.113562 1.153019 -0.193253
v 0.115344 1.171110 -0.176777
v 0.116959 1.187507 -0.158598
v 0.118392 1.202051 -0.138893
v 0.119628 1.214603 -0.117849
v 0.120656 1.225042 -0.095671
v 0.121466 1.233268 -0.072571
v 0.122050 1.239200 -0.048773
v 0.122403 1.242783 -0.024504
v 0.061335 1.248494 0.000000
v 0.061276 1.247292 0.024504
v 0.061099 1.243696 0.048773
v 0.060807 1.237742 0.072571
v 0.060401 1.229487 0.095671
v 0.059886 1.219010 0.117849
v 0.059268 1.206412 0.138893
v 0.058550 1.191815 0.158598
v 0.057742 1.175359 0.176777
v 0.056850 1.157203 0.193253
v 0.055883 1.137521 0.207867
v 0.054851 1.116503 0.220480
v 0.053762 1.094351 0.230970
v 0.052629 1.071279 0.239235
v 0.051461 1.047509 0.245196
v 0.050270 1.023270 0.248796
v 0.049068 0.998795 0.250000
v 0.047866 0.974321 0.248796
v 0.046675 0.950082 0.245196
v 0.045507 0.926312 0.239235
v 0.044374 0.903240 0.230970
v 0.043285 0.881088 0.220480
v 0.042253 0.860070 0.207867
v 0.041286 0.840388 0.193253
v 0.040394 0.822232 0.176777
v 0.039585 0.805776 0.158598
v 0.038868 0.791178 0.138893
v 0.038249 0.778581 0.117849
v 0.037735 0.768104 0.095671
v 0.037329 0.759849 0.072571
v 0.037037 0.753894 0.048773
v 0.036860 0.750299 0.024504
v 0.036801 0.749097 0.000000
v 0.036860 0.750299 -0.024504
v 0.037037 0.753894 -0.048773
v 0.037329 0.759849 -0.072571
v 0.037735 0.768104 -0.095671
v 0.038249 0.778581 -0.117849
v 0.038868 0.791178 -0.138893
v 0.039585 0.805776 -0.158598
v 0.040394 0.822232 -0.176777
v 0.041286 0.840388 -0.193253
v 0.042253 0.860070 -0.207867
v 0.043285 0.881088 -0.220480
v 0.044374 0.903240 -0.230970
v 0.045507 0.926312 -0.239235
v 0.046675 0.950082 -0.245196
v 0.047866 0.974321 -0.248796
v 0.049068 0.998795 -0.250000
v 0.050270 1.023270 -0.248796
v 0.051461 1.047509 -0.245196
v 0.052629 1.071279 -0.239235
v 0.053762 1.094351 -0.230970
v 0.054851 1.116503 -0.220480
v 0.055883 1.137521 -0.207867
v 0.056850 1.157203 -0.193253
v 0.057742 1.175359 -0.176777
v 0.058550 1.191815 -0.158598
v 0.059268 1.206412 -0.138893
v 0.059886 1.219010 -0.117849
v 0.060401 1.229487 -0.095671
v 0.060807 1.237742 -0.072571
v 0.061099 1.243696 -0.048773
v 0.061276 1.247292 -0.024504
v 0.000000 1.250000 0.000000
v 0.000000 1.248796 0.024504
v 0.000000 1.245196 0.048773
v 0.000000 1.239235 0.072571
v 0.000000 1.230970 0.095671
v 0.000000 1.220480 0.117849
v 0.000000 1.207867 0.138893
v 0.000000 1.193253 0.158598
v 0.000000 1.176777 0.176777
v 0.000000 1.158598 0.193253
v 0.000000 1.138893 0.207867
v 0.000000 1.117849 0.220480
v 0.000000 1.095671 0.230970
v 0.000000 1.072571 0.239235
v 0.000000 1.048773 0.245196
v 0.000000 1.024504 0.248796
v 0.000000 1.000000 0.250000
v 0.000000 0.975496 0.248796
v 0.000000 0.951227 0.245196
v 0.000000 0.927429 0.239235
v 0.000000 0.904329 0.230970
v 0.000000 0.882151 0.220480
v 0.000000 0.861107 0.207867
v 0.000000 0.841402 0.193253
v 0.000000 0.823223 0.176777
v 0.000000 0.806747 0.158598
v 0.000000 0.792133 0.138893
v 0.000000 0.779520 0.117849
v 0.000000 0.769030 0.095671
v 0.000000 0.760765 0.072571
v 0.000000 0.754804 0.048773
v 0.000000 0.751204 0.024504
v 0.000000 0.750000 0.000000
v 0.000000 0.751204 -0.024504
v 0.000000 0.754804 -0.048773
v 0.000000 0.760765 -0.072571
v 0.000000 0.769030 -0.095671
v 0.000000 0.779520 -0.117849
v 0.000000 0.792133 -0.138893
v 0.000000 0.806747 -0.158598
v 0.000000 0.823223 -0.176777
v 0.000000 0.841402 -0.193253
v 0.000000 0.861107 -0.207867
v 0.000000 0.882151 -0.220480
v 0.000000 0.904329 -0.230970
v 0.000000 0.927429 -0.239235
v 0.000000 0.951227 -0.245196
v 0.000000 0.975496 -0.248796
v 0.000000 1.000000 -0.250000
v 0.000000 1.024504 -0.248796
v 0.000000 1.048773 -0.245196
v 0.000000 1.072571 -0.239235
v 0.000000 1.095671 -0.230970
v 0.000000 1.117849 -0.220480
v 0.000000 1.138893 -0.207867
v 0.000000 1.158598 -0.193253
v 0.000000 1.176777 -0.176777
v 0.000000 1.193253 -0.158598
v 0.000000 1.207867 -0.138893
v 0.000000 1.220480 -0.117849
v 0.000000 1.230970 -0.095671
v 0.000000 1.239235 -0.072571
v 0.000000 1.245196 -0.048773
v 0.000000 1.248796 -0.024504
v -0.061335 1.248494 0.000000
v -0.061276 1.247292 0.024504
v -0.061099 1.243696 0.048773
v -0.060806 1.237742 0.072571
v -0.060401 1.229487 0.095671
v -0.059886 1.219010 0.117849
v -0.059267 1.206412 0.138893
v -0.058550 1.191815 0.158598
v -0.057742 1.175359 0.176777
v -0.056850 1.157203 0.193253
v -0.055883 1.137521 0.207867
v -0.054850 1.116503 0.220480
v -0.053762 1.094351 0.230970
v -0.052629 1.071279 0.239235
v -0.051461 1.047509 0.245196
v -0.050270 1.023270 0.248796
v -0.049068 0.998795 0.250000
v -0.047865 0.974321 0.248796
v -0.046675 0.950082 0.245196
v -0.045507 0.926312 0.239235
v -0.044373 0.903240 0.230970
v -0.043285 0.881088 0.220480
v -0.042253 0.860070 0.207867
v -0.041286 0.840388 0.193253
v -0.040394 0.822232 0.176777
v -0.039585 0.805776 0.158598
v -0.038868 0.791178 0.138893
v -0.038249 0.778581 0.117849
v -0.037735 0.768104 0.095671
v -0.037329 0.759849 0.072571
v -0.037037 0.753894 0.048773
v -0.036860 0.750299 0.024504
v -0.036801 0.749097 0.000000
v -0.036860 0.750299 -0.024504
v -0.037037 0.753894 -0.048773
v -0.037329 0.759849 -0.072571
v -0.037735 0.768104 -0.095671
v -0.038249 0.778581 -0.117849
v -0.038868 0.791178 -0.138893
v -0.039585 0.805776 -0.158598
v -0.040394 0.822232 -0.176777
v -0.041286 0.840388 -0.193253
v -0.042253 0.860070 -0.207867
v -0.043285 0.881088 -0.220480
v -0.044373 0.903240 -0.230970
v -0.045507 0.926312 -0.239235
v -0.046675 0.950082 -0.245196
v -0.047865 0.974321 -0.248796
v -0.049068 0.998795 -0.250000
v -0.050270 1.023270 -0.248796
v -0.051461 1.047509 -0.245196
v -0.052629 1.071279 -0.239235
v -0.053762 1.094351 -0.230970
v -0.054850 1.116503 -0.220480
v -0.055883 1.137521 -0.207867
v -0.056850 1.157203 -0.193253
v -0.057742 1.175359 -0.176777
v -0.058550 1.191815 -0.158598
v -0.059267 1.206412 -0.138893
v -0.059886 1.219010 -0.117849
v -0.060401 1.229487 -0.095671
v -0.060806 1.237742 -0.072571
v -0.061099 1.243696 -0.048773
v -0.061276 1.247292 -0.024504
v -0.122522 1.243981 0.000000
v -0.122404 1.242783 0.024504
v -0.122051 1.239200 0.048773
v -0.121467 1.233268 0.072571
v -0.120656 1.225042 0.095671
v -0.119628 1.214603 0.117849
v -0.118392 1.202051 0.138893
v -0.116959 1.187507 0.158598
v -0.115345 1.171110 0.176777
v -0.113563 1.153019 0.193253
v -0.111631 1.133408 0.207867
v -0.109569 1.112466 0.220480
v -0.107395 1.090395 0.230970
v -0.105131 1.067406 0.239235
v -0.102798 1.043722 0.245196
v -0.100419 1.019571 0.248796
v -0.098017 0.995185 0.250000
v -0.095615 0.970798 0.248796
v -0.093237 0.946647 0.245196
v -0.090904 0.922963 0.239235
v -0.088640 0.899975 0.230970
v -0.086466 0.877903 0.220480
v -0.084403 0.856961 0.207867
v -0.082472 0.837350 0.193253
v -0.080690 0.819259 0.176777
v -0.079075 0.802863 0.158598
v -0.077643 0.788318 0.138893
v -0.076406 0.775766 0.117849
v -0.075378 0.765327 0.095671
v -0.074568 0.757102 0.072571
v -0.073984 0.751169 0.048773
v -0.073631 0.747587 0.024504
v -0.073513 0.746389 0.000000
v -0.073631 0.747587 -0.024504
v -0.073984 0.751169 -0.048773
v -0.074568 0.757102 -0.072571
v -0.075378 0.765327 -0.095671
v -0.076406 0.775766 -0.117849
v -0.077643 0.788318 -0.138893
v -0.079075 0.802863 -0.158598
v -0.080690 0.819259 -0.176777
v -0.082472 0.837350 -0.193253
v -0.084403 0.856961 -0.207867
v -0.086466 0.877903 -0.220480
v -0.088640 0.899975 -0.230970
v -0.090904 0.922963 -0.239235
v -0.093237 0.946647 -0.245196
v -0.095615 0.970798 -0.248796
v -0.098017 0.995185 -0.250000
v -0.100419 1.019571 -0.248796
v -0.102798 1.043722 -0.245196
v -0.105131 1.067406 -0.239235
v -0.107395 1.090395 -0.230970
v -0.109569 1.112466 -0.220480
v -0.111631 1.133408 -0.207867
v -0.113563 1.153019 -0.193253
v -0.115345 1.171110 -0.176777
v -0.116959 1.187507 -0.158598
v -0.118392 1.202051 -0.138893
v -0.119628 1.214603 -0.117849
v -0.120656 1.225042 -0.095671
v -0.121467 1.233268 -0.072571
v -0.122051 1.239200 -0.048773
v -0.122404 1.242783 -0.024504
v -0.183413 1.236471 0.000000
v -0.183236 1.235280 0.024504
v -0.182708 1.231719 0.048773
v -0.181833 1.225822 0.072571
v -0.180621 1.217646 0.095671
v -0.179081 1.207271 0.117849
v -0.177231 1.194794 0.138893
v -0.175086 1.180337 0.158598
v -0.172669 1.164040 0.176777
v -0.170002 1.146058 0.193253
v -0.167110 1.126566 0.207867
v -0.164022 1.105750 0.220480
v -0.160768 1.083812 0.230970
v -0.157379 1.060962 0.239235
v -0.153887 1.037421 0.245196
v -0.150326 1.013416 0.248796
v -0.146730 0.989177 0.250000
v -0.143135 0.964937 0.248796
v -0.139574 0.940932 0.245196
v -0.136082 0.917391 0.239235
v -0.132693 0.894541 0.230970
v -0.129438 0.872603 0.220480
v -0.126351 0.851787 0.207867
v -0.123459 0.832295 0.193253
v -0.120792 0.814313 0.176777
v -0.118374 0.798016 0.158598
v -0.116230 0.783559 0.138893
v -0.114379 0.771083 0.117849
v -0.112840 0.760706 0.095671
v -0.111627 0.752531 0.072571
v -0.110753 0.746634 0.048773
v -0.110224 0.743073 0.024504
v -0.110048 0.741882 0.000000
v -0.110224 0.743073 -0.024504
v -0.110753 0.746634 -0.048773
v -0.111627 0.752531 -0.072571
v -0.112840 0.760706 -0.095671
v -0.114379 0.771083 -0.117849
v -0.116230 0.783559 -0.138893
v -0.118374 0.798016 -0.158598
v -0.120792 0.814313 -0.176777
v -0.123459 0.832295 -0.193253
v -0.126351 0.851787 -0.207867
v -0.129438 0.872603 -0.220480
v -0.132693 0.894541 -0.230970
v -0.136082 0.917391 -0.239235
v -0.139574 0.940932 -0.245196
v -0.143135 0.964937 -0.248796
v -0.146730 0.989177 -0.250000
v -0.150326 1.013416 -0.248796
v -0.153887 1.037421 -0.245196
v -0.157379 1.060962 -0.239235
v -0.160768 1.083812 -0.230970
v -0.164022 1.105750 -0.220480
v -0.167110 1.126566 -0.207867
v -0.170002 1.146058 -0.193253
v -0.172669 1.164040 -0.176777
v -0.175086 1.180337 -0.158598
v -0.177231 1.194794 -0.138893
v -0.179081 1.207271 -0.117849
v -0.180621 1.217646 -0.095671
v -0.181833 1.225822 -0.072571
v -0.182708 1.231719 -0.048773
v -0.183236 1.235280 -0.024504
v -0.243863 1.225982 0.000000
v -0.243628 1.224801 0.024504
v -0.242926 1.221270 0.048773
v -0.241763 1.215423 0.072571
v -0.240150 1.207317 0.095671
v -0.238104 1.197029 0.117849
v -0.235643 1.184659 0.138893
v -0.232792 1.170325 0.158598
v -0.229578 1.154165 0.176777
v -0.226031 1.136336 0.193253
v -0.222187 1.117009 0.207867
v -0.218082 1.096370 0.220480
v -0.213755 1.074618 0.230970
v -0.209248 1.051962 0.239235
v -0.204605 1.028621 0.245196
v -0.199871 1.004819 0.248796
v -0.195090 0.980785 0.250000
v -0.190310 0.956752 0.248796
v -0.185575 0.932950 0.245196
v -0.180932 0.909609 0.239235
v -0.176426 0.886953 0.230970
v -0.172099 0.865201 0.220480
v -0.167994 0.844562 0.207867
v -0.164149 0.825234 0.193253
v -0.160603 0.807405 0.176777
v -0.157389 0.791246 0.158598
v -0.154537 0.776912 0.138893
v -0.152077 0.764541 0.117849
v -0.150030 0.754253 0.095671
v -0.148418 0.746147 0.072571
v -0.147255 0.740300 0.048773
v -0.146553 0.736770 0.024504
v -0.146318 0.735589 0.000000
v -0.146553 0.736770 -0.024504
v -0.147255 0.740300 -0.048773
v -0.148418 0.746147 -0.072571
v -0.150030 0.754253 -0.095671
v -0.152077 0.764541 -0.117849
v -0.154537 0.776912 -0.138893
v -0.157389 0.791246 -0.158598
v -0.160603 0.807405 -0.176777
v -0.164149 0.825234 -0.193253
v -0.167994 0.844562 -0.207867
v -0.172099 0.865201 -0.220480
v -0.176426 0.886953 -0.230970
v -0.180932 0.909609 -0.239235
v -0.185575 0.932950 -0.245196
v -0.190310 0.956752 -0.248796
v -0.195090 0.980785 -0.250000
v -0.199871 1.004819 -0.248796
v -0.204605 1.028621 -0.245196
v -0.209248 1.051962 -0.239235
v -0.213755 1.074618 -0.230970
v -0.218082 1.096370 -0.220480
v -0.222187 1.117009 -0.207867
v -0.226031 1.136336 -0.193253
v -0.229578 1.154165 -0.176777
v -0.232792 1.170325 -0.158598
v -0.235643 1.184659 -0.138893
v -0.238104 1.197029 -0.117849
v -0.240150 1.207317 -0.095671
v -0.241763 1.215423 -0.072571
v -0.242926 1.221270 -0.048773
v -0.243628 1.224801 -0.024504
v -0.303725 1.212539 0.000000
v -0.303433 1.211371 0.024504
v -0.302558 1.207879 0.048773
v -0.301110 1.202097 0.072571
v -0.299101 1.194079 0.095671
v -0.296553 1.183904 0.117849
v -0.293488 1.171669 0.138893
v -0.289937 1.157492 0.158598
v -0.285934 1.141510 0.176777
v -0.281517 1.123876 0.193253
v -0.276728 1.104761 0.207867
v -0.271615 1.084349 0.220480
v -0.266226 1.062835 0.230970
v -0.260614 1.040427 0.239235
v -0.254831 1.017342 0.245196
v -0.248934 0.993801 0.248796
v -0.242980 0.970031 0.250000
v -0.237026 0.946261 0.248796
v -0.231130 0.922720 0.245196
v -0.225347 0.899635 0.239235
v -0.219734 0.877227 0.230970
v -0.214345 0.855714 0.220480
v -0.209232 0.835301 0.207867
v -0.204444 0.816186 0.193253
v -0.200027 0.798552 0.176777
v -0.196024 0.782570 0.158598
v -0.192473 0.768393 0.138893
v -0.189408 0.756158 0.117849
v -0.186859 0.745983 0.095671
v -0.184851 0.737966 0.072571
v -0.183402 0.732183 0.048773
v -0.182528 0.728691 0.024504
v -0.182235 0.727523 0.000000
v -0.182528 0.728691 -0.024504
v -0.183402 0.732183 -0.048773
v -0.184851 0.737966 -0.072571
v -0.186859 0.745983 -0.095671
v -0.189408 0.756158 -0.117849
v -0.192473 0.768393 -0.138893
v -0.196024 0.782570 -0.158598
v -0.200027 0.798552 -0.176777
v -0.204444 0.816186 -0.193253
v -0.209232 0.835301 -0.207867
v -0.214345 0.855714 -0.220480
v -0.219734 0.877227 -0.230970
v -0.225347 0.899635 -0.239235
v -0.231130 0.922720 -0.245196
v -0.237026 0.946261 -0.248796
v -0.242980 0.970031 -0.250000
v -0.248934 0.993801 -0.248796
v -0.254831 1.017342 -0.245196
v -0.260614 1.040427 -0.239235
v -0.266226 1.062835 -0.230970
v -0.271615 1.084349 -0.220480
v -0.276728 1.104761 -0.207867
v -0.281517 1.123876 -0.193253
v -0.285934 1.141510 -0.176777
v -0.289937 1.157492 -0.158598
v -0.293488 1.171669 -0.138893
v -0.296553 1.183904 -0.117849
v -0.299101 1.194079 -0.095671
v -0.301110 1.202097 -0.072571
v -0.302558 1.207879 -0.048773
v -0.303433 1.211371 -0.024504
v -0.362856 1.196176 0.000000
v -0.362506 1.195024 0.024504
v -0.361461 1.191579 0.048773
v -0.359731 1.185874 0.072571
v -0.357331 1.177965 0.095671
v -0.354286 1.167927 0.117849
v -0.350625 1.155857 0.138893
v -0.346383 1.141872 0.158598
v -0.341600 1.126105 0.176777
v -0.336323 1.108710 0.193253
v -0.330603 1.089852 0.207867
v -0.324494 1.069715 0.220480
v -0.318056 1.048492 0.230970
v -0.311351 1.026387 0.239235
v -0.304442 1.003613 0.245196
v -0.297398 0.980390 0.248796
v -0.290284 0.956940 0.250000
v -0.283171 0.933491 0.248796
v -0.276127 0.910268 0.245196
v -0.269218 0.887494 0.239235
v -0.262513 0.865389 0.230970
v -0.256075 0.844166 0.220480
v -0.249966 0.824029 0.207867
v -0.244246 0.805171 0.193253
v -0.238969 0.787776 0.176777
v -0.234186 0.772009 0.158598
v -0.229944 0.758024 0.138893
v -0.226282 0.745954 0.117849
v -0.223237 0.735916 0.095671
v -0.220838 0.728007 0.072571
v -0.219108 0.722302 0.048773
v -0.218063 0.718857 0.024504
v -0.217713 0.717705 0.000000
v -0.218063 0.718857 -0.024504
v -0.219108 0.722302 -0.048773
v -0.220838 0.728007 -0.072571
v -0.223237 0.735916 -0.095671
v -0.226282 0.745954 -0.117849
v -0.229944 0.758024 -0.138893
v -0.234186 0.772009 -0.158598
v -0.238969 0.787776 -0.176777
v -0.244246 0.805171 -0.193253
v -0.249966 0.824029 -0.207867
v -0.256075 0.844166 -0.220480
v -0.262513 0.865389 -0.230970
v -0.269218 0.887494 -0.239235
v -0.276127 0.910268 -0.245196
v -0.283171 0.933491 -0.248796
v -0.290284 0.956940 -0.250000
v -0.297398 0.980390 -0.248796
v -0.304442 1.003613 -0.245196
v -0.311351 1.026387 -0.239235
v -0.318056 1.048492 -0.230970
v -0.324494 1.069715 -0.220480
v -0.330603 1.089852 -0.207867
v -0.336323 1.108710 -0.193253
v -0.341600 1.126105 -0.176777
v -0.346383 1.141872 -0.158598
v -0.350625 1.155857 -0.138893
v -0.354286 1.167927 -0.117849
v -0.357331 1.177965 -0.095671
v -0.359731 1.185874 -0.072571
v -0.361461 1.191579 -0.048773
v -0.362506 1.195024 -0.024504
v -0.421112 1.176930 0.000000
v -0.420707 1.175797 0.024504
v -0.419494 1.172407 0.048773
v -0.417486 1.166794 0.072571
v -0.414701 1.159012 0.095671
v -0.411167 1.149136 0.117849
v -0.406918 1.137260 0.138893
v -0.401995 1.123500 0.158598
v -0.396444 1.107987 0.176777
v -0.390320 1.090871 0.193253
v -0.383681 1.072317 0.207867
v -0.376592 1.052504 0.220480
v -0.369120 1.031622 0.230970
v -0.361338 1.009873 0.239235
v -0.353321 0.987466 0.245196
v -0.345145 0.964616 0.248796
v -0.336890 0.941544 0.250000
v -0.328635 0.918472 0.248796
v -0.320459 0.895623 0.245196
v -0.312441 0.873215 0.239235
v -0.304659 0.851466 0.230970
v -0.297188 0.830584 0.220480
v -0.290098 0.810771 0.207867
v -0.283460 0.792217 0.193253
v -0.277336 0.775101 0.176777
v -0.271785 0.759588 0.158598
v -0.266861 0.745828 0.138893
v -0.262612 0.733952 0.117849
v -0.259078 0.724076 0.095671
v -0.256294 0.716294 0.072571
v -0.254286 0.710681 0.048773
v -0.253073 0.707291 0.024504
v -0.252667 0.706158 0.000000
v -0.253073 0.707291 -0.024504
v -0.254286 0.710681 -0.048773
v -0.256294 0.716294 -0.072571
v -0.259078 0.724076 -0.095671
v -0.262612 0.733952 -0.117849
v -0.266861 0.745828 -0.138893
v -0.271785 0.759588 -0.158598
v -0.277336 0.775101 -0.176777
v -0.283460 0.792217 -0.193253
v -0.290098 0.810771 -0.207867
v -0.297188 0.830584 -0.220480
v -0.304659 0.851466 -0.230970
v -0.312441 0.873215 -0.239235
v -0.320459 0.895623 -0.245196
v -0.328635 0.918472 -0.248796
v -0.336890 0.941544 -0.250000
v -0.345145 0.964616 -0.248796
v -0.353321 0.987466 -0.245196
v -0.361338 1.009873 -0.239235
v -0.369120 1.031622 -0.230970
v -0.376592 1.052504 -0.220480
v -0.383681 1.072317 -0.207867
v -0.390320 1.090871 -0.193253
v -0.396444 1.107987 -0.176777
v -0.401995 1.123500 -0.158598
v -0.406918 1.137260 -0.138893
v -0.411167 1.149136 -0.117849
v -0.414701 1.159012 -0.095671
v -0.417486 1.166794 -0.072571
v -0.419494 1.172407 -0.048773
v -0.420707 1.175797 -0.024504
v -0.478354 1.154849 0.000000
v -0.477894 1.153737 0.024504
v -0.476516 1.150411 0.048773
v -0.474235 1.144904 0.072571
v -0.471072 1.137268 0.095671
v -0.467058 1.127577 0.117849
v -0.462231 1.115924 0.138893
v -0.456638 1.102422 0.158598
v -0.450333 1.087200 0.176777
v -0.443376 1.070405 0.193253
v -0.435835 1.052199 0.207867
v -0.427782 1.032758 0.220480
v -0.419295 1.012268 0.230970
v -0.410455 0.990927 0.239235
v -0.401348 0.968939 0.245196
v -0.392061 0.946519 0.248796
v -0.382684 0.923880 0.250000
v -0.373306 0.901240 0.248796
v -0.364019 0.878820 0.245196
v -0.354912 0.856833 0.239235
v -0.346072 0.835491 0.230970
v -0.337585 0.815001 0.220480
v -0.329532 0.795560 0.207867
v -0.321991 0.777354 0.193253
v -0.315034 0.760559 0.176777
v -0.308729 0.745337 0.158598
v -0.303136 0.731835 0.138893
v -0.298309 0.720182 0.117849
v -0.294295 0.710491 0.095671
v -0.291132 0.702855 0.072571
v -0.288851 0.697348 0.048773
v -0.287473 0.694022 0.024504
v -0.287013 0.692910 0.000000
v -0.287473 0.694022 -0.024504
v -0.288851 0.697348 -0.048773
v -0.291132 0.702855 -0.072571
v -0.294295 0.710491 -0.095671
v -0.298309 0.720182 -0.117849
v -0.303136 0.731835 -0.138893
v -0.308729 0.745337 -0.158598
v -0.315034 0.760559 -0.176777
v -0.321991 0.777354 -0.193253
v -0.329532 0.795560 -0.207867
v -0.337585 0.815001 -0.220480
v -0.346072 0.835491 -0.230970
v -0.354912 0.856833 -0.239235
v -0.364019 0.878820 -0.245196
v -0.373306 0.901240 -0.248796
v -0.382684 0.923880 -0.250000
v -0.392061 0.946519 -0.248796
v -0.401348 0.968939 -0.245196
v -0.410455 0.990927 -0.239235
v -0.419295 1.012268 -0.230970
v -0.427782 1.032758 -0.220480
v -0.435835 1.052199 -0.207867
v -0.443376 1.070405 -0.193253
v -0.450333 1.087200 -0.176777
v -0.456638 1.102422 -0.158598
v -0.462231 1.115924 -0.138893
v -0.467058 1.127577 -0.117849
v -0.471072 1.137268 -0.095671
v -0.474235 1.144904 -0.072571
v -0.476516 1.150411 -0.048773
v -0.477894 1.153737 -0.024504
v -0.534444 1.129987 0.000000
v -0.533929 1.128898 0.024504
v -0.532390 1.125644 0.048773
v -0.529841 1.120255 0.072571
v -0.526308 1.112784 0.095671
v -0.521823 1.103301 0.117849
v -0.516430 1.091899 0.138893
v -0.510181 1.078687 0.158598
v -0.503137 1.063793 0.176777
v -0.495365 1.047360 0.193253
v -0.486940 1.029546 0.207867
v -0.477942 1.010524 0.220480
v -0.468460 0.990475 0.230970
v -0.458583 0.969593 0.239235
v -0.448408 0.948079 0.245196
v -0.438032 0.926141 0.248796
v -0.427555 0.903989 0.250000
v -0.417078 0.881838 0.248796
v -0.406702 0.859899 0.245196
v -0.396527 0.838386 0.239235
v -0.386651 0.817504 0.230970
v -0.377168 0.797455 0.220480
v -0.368171 0.778432 0.207867
v -0.359746 0.760618 0.193253
v -0.351973 0.744185 0.176777
v -0.344929 0.729291 0.158598
v -0.338681 0.716079 0.138893
v -0.333288 0.704677 0.117849
v -0.328803 0.695195 0.095671
v -0.325269 0.687723 0.072571
v -0.322720 0.682334 0.048773
v -0.321181 0.679080 0.024504
v -0.320666 0.677992 0.000000
v -0.321181 0.679080 -0.024504
v -0.322720 0.682334 -0.048773
v -0.325269 0.687723 -0.072571
v -0.328803 0.695195 -0.095671
v -0.333288 0.704677 -0.117849
v -0.338681 0.716079 -0.138893
v -0.344929 0.729291 -0.158598
v -0.351973 0.744185 -0.176777
v -0.359746 0.760618 -0.193253
v -0.368171 0.778432 -0.207867
v -0.377168 0.797455 -0.220480
v -0.386651 0.817504 -0.230970
v -0.396527 0.838386 -0.239235
v -0.406702 0.859899 -0.245196
v -0.417078 0.881838 -0.248796
v -0.427555 0.903989 -0.250000
v -0.438032 0.926141 -0.248796
v -0.448408 0.948079 -0.245196
v -0.458583 0.969593 -0.239235
v -0.468460 0.990475 -0.230970
v -0.477942 1.010524 -0.220480
v -0.486940 1.029546 -0.207867
v -0.495365 1.047360 -0.193253
v -0.503137 1.063793 -0.176777
v -0.510181 1.078687 -0.158598
v -0.516430 1.091899 -0.138893
v -0.521823 1.103301 -0.117849
v -0.526308 1.112784 -0.095671
v -0.529841 1.120255 -0.072571
v -0.532390 1.125644 -0.048773
v -0.533929 1.128898 -0.024504
v -0.589246 1.102402 0.000000
v -0.588678 1.101340 0.024504
v -0.586981 1.098165 0.048773
v -0.584171 1.092908 0.072571
v -0.580275 1.085619 0.095671
v -0.575330 1.076368 0.117849
v -0.569385 1.065244 0.138893
v -0.562495 1.052355 0.158598
v -0.554729 1.037824 0.176777
v -0.546159 1.021793 0.193253
v -0.536870 1.004414 0.207867
v -0.526950 0.985855 0.220480
v -0.516496 0.966295 0.230970
v -0.505606 0.945923 0.239235
v -0.494388 0.924935 0.245196
v -0.482948 0.903532 0.248796
v -0.471397 0.881921 0.250000
v -0.459845 0.860310 0.248796
v -0.448405 0.838908 0.245196
v -0.437187 0.817919 0.239235
v -0.426298 0.797547 0.230970
v -0.415843 0.777988 0.220480
v -0.405923 0.759429 0.207867
v -0.396634 0.742050 0.193253
v -0.388065 0.726018 0.176777
v -0.380298 0.711488 0.158598
v -0.373409 0.698599 0.138893
v -0.367463 0.687475 0.117849
v -0.362518 0.678224 0.095671
v -0.358622 0.670935 0.072571
v -0.355812 0.665677 0.048773
v -0.354115 0.662503 0.024504
v -0.353547 0.661441 0.000000
v -0.354115 0.662503 -0.024504
v -0.355812 0.665677 -0.048773
v -0.358622 0.670935 -0.072571
v -0.362518 0.678224 -0.095671
v -0.367463 0.687475 -0.117849
v -0.373409 0.698599 -0.138893
v -0.380298 0.711488 -0.158598
v -0.388065 0.726018 -0.176777
v -0.396634 0.742050 -0.193253
v -0.405923 0.759429 -0.207867
v -0.415843 0.777988 -0.220480
v -0.426298 0.797547 -0.230970
v -0.437187 0.817919 -0.239235
v -0.448405 0.838908 -0.245196
v -0.459845 0.860310 -0.248796
v -0.471397 0.881921 -0.250000
v -0.482948 0.903532 -0.248796
v -0.494388 0.924935 -0.245196
v -0.505606 0.945923 -0.239235
v -0.516496 0.966295 -0.230970
v -0.526950 0.985855 -0.220480
v -0.536870 1.004414 -0.207867
v -0.546159 1.021793 -0.193253
v -0.554729 1.037824 -0.176777
v -0.562495 1.052355 -0.158598
v -0.569385 1.065244 -0.138893
v -0.575330 1.076368 -0.117849
v -0.580275 1.085619 -0.095671
v -0.584171 1.092908 -0.072571
v -0.586981 1.098165 -0.048773
v -0.588678 1.101340 -0.024504
v -0.642628 1.072161 0.000000
v -0.642010 1.071128 0.024504
v -0.640159 1.068040 0.048773
v -0.637094 1.062927 0.072571
v -0.632845 1.055838 0.095671
v -0.627452 1.046841 0.117849
v -0.620968 1.036022 0.138893
v -0.613454 1.023487 0.158598
v -0.604984 1.009355 0.176777
v -0.595639 0.993763 0.193253
v -0.585508 0.976861 0.207867
v -0.574689 0.958811 0.220480
v -0.563287 0.939788 0.230970
v -0.551412 0.919975 0.239235
v -0.539177 0.899562 0.245196
v -0.526700 0.878747 0.248796
v -0.514103 0.857729 0.250000
v -0.501505 0.836711 0.248796
v -0.489029 0.815895 0.245196
v -0.476794 0.795482 0.239235
v -0.464918 0.775669 0.230970
v -0.453516 0.756646 0.220480
v -0.442698 0.738596 0.207867
v -0.432567 0.721694 0.193253
v -0.423221 0.706102 0.176777
v -0.414751 0.691970 0.158598
v -0.407238 0.679435 0.138893
v -0.400753 0.668616 0.117849
v -0.395360 0.659619 0.095671
v -0.391111 0.652530 0.072571
v -0.388047 0.647417 0.048773
v -0.386196 0.644329 0.024504
v -0.385577 0.643296 0.000000
v -0.386196 0.644329 -0.024504
v -0.388047 0.647417 -0.048773
v -0.391111 0.652530 -0.072571
v -0.395360 0.659619 -0.095671
v -0.400753 0.668616 -0.117849
v -0.407238 0.679435 -0.138893
v -0.414751 0.691970 -0.158598
v -0.423221 0.706102 -0.176777
v -0.432567 0.721694 -0.193253
v -0.442698 0.738596 -0.207867
v -0.453516 0.756646 -0.220480
v -0.464918 0.775669 -0.230970
v -0.476794 0.795482 -0.239235
v -0.489029 0.815895 -0.245196
v -0.501505 0.836711 -0.248796
v -0.514103 0.857729 -0.250000
v -0.526700 0.878747 -0.248796
v -0.539177 0.899562 -0.245196
v -0.551412 0.919975 -0.239235
v -0.563287 0.939788 -0.230970
v -0.574689 0.958811 -0.220480
v -0.585508 0.976861 -0.207867
v -0.595639 0.993763 -0.193253
v -0.604984 1.009355 -0.176777
v -0.613454 1.023487 -0.158598
v -0.620968 1.036022 -0.138893
v -0.627452 1.046841 -0.117849
v -0.632845 1.055838 -0.095671
v -0.637094 1.062927 -0.072571
v -0.640159 1.068040 -0.048773
v -0.642010 1.071128 -0.024504
v -0.694462 1.039337 0.000000
v -0.693794 1.038336 0.024504
v -0.691794 1.035343 0.048773
v -0.688482 1.030386 0.072571
v -0.683890 1.023514 0.095671
v -0.678062 1.014792 0.117849
v -0.671055 1.004305 0.138893
v -0.662935 0.992153 0.158598
v -0.653782 0.978454 0.176777
v -0.643682 0.963339 0.193253
v -0.632734 0.946955 0.207867
v -0.621043 0.929458 0.220480
v -0.608722 0.911017 0.230970
v -0.595888 0.891810 0.239235
v -0.582667 0.872023 0.245196
v -0.569184 0.851844 0.248796
v -0.555570 0.831470 0.250000
v -0.541956 0.811095 0.248796
v -0.528473 0.790917 0.245196
v -0.515252 0.771129 0.239235
v -0.502418 0.751922 0.230970
v -0.490096 0.733482 0.220480
v -0.478405 0.715985 0.207867
v -0.467458 0.699600 0.193253
v -0.457358 0.684485 0.176777
v -0.448205 0.670786 0.158598
v -0.440085 0.658634 0.138893
v -0.433078 0.648147 0.117849
v -0.427250 0.639425 0.095671
v -0.422658 0.632553 0.072571
v -0.419346 0.627596 0.048773
v -0.417346 0.624603 0.024504
v -0.416677 0.623602 0.000000
v -0.417346 0.624603 -0.024504
v -0.419346 0.627596 -0.048773
v -0.422658 0.632553 -0.072571
v -0.427250 0.639425 -0.095671
v -0.433078 0.648147 -0.117849
v -0.440085 0.658634 -0.138893
v -0.448205 0.670786 -0.158598
v -0.457358 0.684485 -0.176777
v -0.467458 0.699600 -0.193253
v -0.478405 0.715985 -0.207867
v -0.490096 0.733482 -0.220480
v -0.502418 0.751922 -0.230970
v -0.515252 0.771129 -0.239235
v -0.528473 0.790917 -0.245196
v -0.541956 0.811095 -0.248796
v -0.555570 0.831470 -0.250000
v -0.569184 0.851844 -0.248796
v -0.582667 0.872023 -0.245196
v -0.595888 0.891810 -0.239235
v -0.608722 0.911017 -0.230970
v -0.621043 0.929458 -0.220480
v -0.632734 0.946955 -0.207867
v -0.643682 0.963339 -0.193253
v -0.653782 0.978454 -0.176777
v -0.662935 0.992153 -0.158598
v -0.671055 1.004305 -0.138893
v -0.678062 1.014792 -0.117849
v -0.683890 1.023514 -0.095671
v -0.688482 1.030386 -0.072571
v -0.691794 1.035343 -0.048773
v -0.693794 1.038336 -0.024504
v -0.744624 1.004009 0.000000
v -0.743907 1.003043 0.024504
v -0.741762 1.000151 0.048773
v -0.738211 0.995363 0.072571
v -0.733288 0.988724 0.095671
v -0.727039 0.980299 0.117849
v -0.719526 0.970168 0.138893
v -0.710820 0.958430 0.158598
v -0.701005 0.945196 0.176777
v -0.690176 0.930595 0.193253
v -0.678437 0.914767 0.207867
v -0.665902 0.897865 0.220480
v -0.652690 0.880051 0.230970
v -0.638930 0.861497 0.239235
v -0.624753 0.842382 0.245196
v -0.610296 0.822890 0.248796
v -0.595699 0.803208 0.250000
v -0.581102 0.783526 0.248796
v -0.566645 0.764033 0.245196
v -0.552469 0.744918 0.239235
v -0.538708 0.726364 0.230970
v -0.525497 0.708550 0.220480
v -0.512961 0.691648 0.207867
v -0.501222 0.675820 0.193253
v -0.490393 0.661219 0.176777
v -0.480579 0.647986 0.158598
v -0.471873 0.636247 0.138893
v -0.464359 0.626116 0.117849
v -0.458111 0.617691 0.095671
v -0.453187 0.611052 0.072571
v -0.449636 0.606264 0.048773
v -0.447492 0.603373 0.024504
v -0.446774 0.602406 0.000000
v -0.447492 0.603373 -0.024504
v -0.449636 0.606264 -0.048773
v -0.453187 0.611052 -0.072571
v -0.458111 0.617691 -0.095671
v -0.464359 0.626116 -0.117849
v -0.471873 0.636247 -0.138893
v -0.480579 0.647986 -0.158598
v -0.490393 0.661219 -0.176777
v -0.501222 0.675820 -0.193253
v -0.512961 0.691648 -0.207867
v -0.525497 0.708550 -0.220480
v -0.538708 0.726364 -0.230970
v -0.552469 0.744918 -0.239235
v -0.566645 0.764033 -0.245196
v -0.581102 0.783526 -0.248796
v -0.595699 0.803208 -0.250000
v -0.610296 0.822890 -0.248796
v -0.624753 0.842382 -0.245196
v -0.638930 0.861497 -0.239235
v -0.652690 0.880051 -0.230970
v -0.665902 0.897865 -0.220480
v -0.678437 0.914767 -0.207867
v -0.690176 0.930595 -0.193253
v -0.701005 0.945196 -0.176777
v -0.710820 0.958430 -0.158598
v -0.719526 0.970168 -0.138893
v -0.727039 0.980299 -0.117849
v -0.733288 0.988724 -0.095671
v -0.738211 0.995363 -0.072571
v -0.741762 1.000151 -0.048773
v -0.743907 1.003043 -0.024504
v -0.792992 0.966263 0.000000
v -0.792228 0.965333 0.024504
v -0.789944 0.962550 0.048773
v -0.786162 0.957942 0.072571
v -0.780919 0.951553 0.095671
v -0.774265 0.943444 0.117849
v -0.766263 0.933694 0.138893
v -0.756991 0.922397 0.158598
v -0.746539 0.909661 0.176777
v -0.735007 0.895609 0.193253
v -0.722506 0.880376 0.207867
v -0.709156 0.864109 0.220480
v -0.695086 0.846965 0.230970
v -0.680432 0.829109 0.239235
v -0.665334 0.810712 0.245196
v -0.649939 0.791953 0.248796
v -0.634393 0.773010 0.250000
v -0.618848 0.754068 0.248796
v -0.603452 0.735309 0.245196
v -0.588355 0.716912 0.239235
v -0.573700 0.699056 0.230970
v -0.559631 0.681912 0.220480
v -0.546281 0.665645 0.207867
v -0.533780 0.650412 0.193253
v -0.522247 0.636360 0.176777
v -0.511795 0.623624 0.158598
v -0.502524 0.612327 0.138893
v -0.494522 0.602577 0.117849
v -0.487868 0.594468 0.095671
v -0.482624 0.588079 0.072571
v -0.478842 0.583471 0.048773
v -0.476559 0.580688 0.024504
v -0.475795 0.579758 0.000000
v -0.476559 0.580688 -0.024504
v -0.478842 0.583471 -0.048773
v -0.482624 0.588079 -0.072571
v -0.487868 0.594468 -0.095671
v -0.494522 0.602577 -0.117849
v -0.502524 0.612327 -0.138893
v -0.511795 0.623624 -0.158598
v -0.522247 0.636360 -0.176777
v -0.533780 0.650412 -0.193253
v -0.546281 0.665645 -0.207867
v -0.559631 0.681912 -0.220480
v -0.573700 0.699056 -0.230970
v -0.588355 0.716912 -0.239235
v -0.603452 0.735309 -0.245196
v -0.618848 0.754068 -0.248796
v -0.634393 0.773010 -0.250000
v -0.649939 0.791953 -0.248796
v -0.665334 0.810712 -0.245196
v -0.680432 0.829109 -0.239235
v -0.695086 0.846965 -0.230970
v -0.709156 0.864109 -0.220480
v -0.722506 0.880376 -0.207867
v -0.735007 0.895609 -0.193253
v -0.746539 0.909661 -0.176777
v -0.756991 0.922397 -0.158598
v -0.766263 0.933694 -0.138893
v -0.774265 0.943444 -0.117849
v -0.780919 0.951553 -0.095671
v -0.786162 0.957942 -0.072571
v -0.789944 0.962550 -0.048773
v -0.792228 0.965333 -0.024504
v -0.839449 0.926189 0.000000
v -0.838640 0.925297 0.024504
v -0.836223 0.922630 0.048773
v -0.832219 0.918213 0.072571
v -0.826669 0.912088 0.095671
v -0.819625 0.904316 0.117849
v -0.811154 0.894971 0.138893
v -0.801340 0.884142 0.158598
v -0.790275 0.871934 0.176777
v -0.778067 0.858465 0.193253
v -0.764834 0.843864 0.207867
v -0.750702 0.828272 0.220480
v -0.735808 0.811838 0.230970
v -0.720295 0.794723 0.239235
v -0.704313 0.777089 0.245196
v -0.688015 0.759108 0.248796
v -0.671559 0.740951 0.250000
v -0.655103 0.722795 0.248796
v -0.638805 0.704813 0.245196
v -0.622823 0.687179 0.239235
v -0.607310 0.670064 0.230970
v -0.592416 0.653631 0.220480
v -0.578285 0.638039 0.207867
v -0.565051 0.623437 0.193253
v -0.552843 0.609968 0.176777
v -0.541779 0.597760 0.158598
v -0.531964 0.586932 0.138893
v -0.523493 0.577586 0.117849
v -0.516449 0.569814 0.095671
v -0.510899 0.563690 0.072571
v -0.506895 0.559273 0.048773
v -0.504478 0.556605 0.024504
v -0.503669 0.555713 0.000000
v -0.504478 0.556605 -0.024504
v -0.506895 0.559273 -0.048773
v -0.510899 0.563690 -0.072571
v -0.516449 0.569814 -0.095671
v -0.523493 0.577586 -0.117849
v -0.531964 0.586932 -0.138893
v -0.541779 0.597760 -0.158598
v -0.552843 0.609968 -0.176777
v -0.565051 0.623437 -0.193253
v -0.578285 0.638039 -0.207867
v -0.592416 0.653631 -0.220480
v -0.607310 0.670064 -0.230970
v -0.622823 0.687179 -0.239235
v -0.638805 0.704813 -0.245196
v -0.655103 0.722795 -0.248796
v -0.671559 0.740951 -0.250000
v -0.688015 0.759108 -0.248796
v -0.704313 0.777089 -0.245196
v -0.720295 0.794723 -0.239235
v -0.735808 0.811838 -0.230970
v -0.750702 0.828272 -0.220480
v -0.764834 0.843864 -0.207867
v -0.778067 0.858465 -0.193253
v -0.790275 0.871934 -0.176777
v -0.801340 0.884142 -0.158598
v -0.811154 0.894971 -0.138893
v -0.819625 0.904316 -0.117849
v -0.826669 0.912088 -0.095671
v -0.832219 0.918213 -0.072571
v -0.836223 0.922630 -0.048773
v -0.838640 0.925297 -0.024504
v -0.883884 0.883883 0.000000
v -0.883033 0.883032 0.024504
v -0.880487 0.880487 0.048773
v -0.876272 0.876271 0.072571
v -0.870427 0.870427 0.095671
v -0.863010 0.863010 0.117849
v -0.854091 0.854091 0.138893
v -0.843757 0.843757 0.158598
v -0.832107 0.832107 0.176777
v -0.819253 0.819252 0.193253
v -0.805319 0.805318 0.207867
v -0.790439 0.790439 0.220480
v -0.774756 0.774756 0.230970
v -0.758422 0.758422 0.239235
v -0.741594 0.741594 0.245196
v -0.724434 0.724434 0.248796
v -0.707107 0.707107 0.250000
v -0.689780 0.689779 0.248796
v -0.672620 0.672619 0.245196
v -0.655791 0.655791 0.239235
v -0.639457 0.639457 0.230970
v -0.623775 0.623775 0.220480
v -0.608895 0.608895 0.207867
v -0.594961 0.594961 0.193253
v -0.582107 0.582107 0.176777
v -0.570457 0.570456 0.158598
v -0.560122 0.560122 0.138893
v -0.551204 0.551203 0.117849
v -0.543787 0.543786 0.095671
v -0.537942 0.537942 0.072571
v -0.533727 0.533727 0.048773
v -0.531181 0.531181 0.024504
v -0.530330 0.530330 0.000000
v -0.531181 0.531181 -0.024504
v -0.533727 0.533727 -0.048773
v -0.537942 0.537942 -0.072571
v -0.543787 0.543786 -0.095671
v -0.551204 0.551203 -0.117849
v -0.560122 0.560122 -0.138893
v -0.570457 0.570456 -0.158598
v -0.582107 0.582107 -0.176777
v -0.594961 0.594961 -0.193253
v -0.608895 0.608895 -0.207867
v -0.623775 0.623775 -0.220480
v -0.639457 0.639457 -0.230970
v -0.655791 0.655791 -0.239235
v -0.672620 0.672619 -0.245196
v -0.689780 0.689779 -0.248796
v -0.707107 0.707107 -0.250000
v -0.724434 0.724434 -0.248796
v -0.741594 0.741594 -0.245196
v -0.758422 0.758422 -0.239235
v -0.774756 0.774756 -0.230970
v -0.790439 0.790439 -0.220480
v -0.805319 0.805318 -0.207867
v -0.819253 0.819252 -0.193253
v -0.832107 0.832107 -0.176777
v -0.843757 0.843757 -0.158598
v -0.854091 0.854091 -0.138893
v -0.863010 0.863010 -0.117849
v -0.870427 0.870427 -0.095671
v -0.876272 0.876271 -0.072571
v -0.880487 0.880487 -0.048773
v -0.883033 0.883032 -0.024504
v -0.926189 0.839449 0.000000
v -0.925297 0.838640 0.024504
v -0.922630 0.836223 0.048773
v -0.918213 0.832219 0.072571
v -0.912088 0.826669 0.095671
v -0.904316 0.819625 0.117849
v -0.894971 0.811154 0.138893
v -0.884142 0.801340 0.158598
v -0.871934 0.790275 0.176777
v -0.858465 0.778067 0.193253
v -0.843864 0.764834 0.207867
v -0.828272 0.750702 0.220480
v -0.811838 0.735808 0.230970
v -0.794723 0.720295 0.239235
v -0.777089 0.704313 0.245196
v -0.759108 0.688015 0.248796
v -0.740951 0.671559 0.250000
v -0.722795 0.655103 0.248796
v -0.704813 0.638805 0.245196
v -0.687179 0.622823 0.239235
v -0.670064 0.607310 0.230970
v -0.653631 0.592416 0.220480
v -0.638039 0.578285 0.207867
v -0.623437 0.565051 0.193253
v -0.609968 0.552843 0.176777
v -0.597760 0.541779 0.158598
v -0.586932 0.531964 0.138893
v -0.577586 0.523493 0.117849
v -0.569814 0.516449 0.095671
v -0.563690 0.510899 0.072571
v -0.559273 0.506895 0.048773
v -0.556605 0.504478 0.024504
v -0.555713 0.503669 0.000000
v -0.556605 0.504478 -0.024504
v -0.559273 0.506895 -0.048773
v -0.563690 0.510899 -0.072571
v -0.569814 0.516449 -0.095671
v -0.577586 0.523493 -0.117849
v -0.586932 0.531964 -0.138893
v -0.597760 0.541779 -0.158598
v -0.609968 0.552843 -0.176777
v -0.623437 0.565051 -0.193253
v -0.638039 0.578285 -0.207867
v -0.653631 0.592416 -0.220480
v -0.670064 0.607310 -0.230970
v -0.687179 0.622823 -0.239235
v -0.704813 0.638805 -0.245196
v -0.722795 0.655103 -0.248796
v -0.740951 0.671559 -0.250000
v -0.759108 0.688015 -0.248796
v -0.777089 0.704313 -0.245196
v -0.794723 0.720295 -0.239235
v -0.811838 0.735808 -0.230970
v -0.828272 0.750702 -0.220480
v -0.843864 0.764834 -0.207867
v -0.858465 0.778067 -0.193253
v -0.871934 0.790275 -0.176777
v -0.884142 0.801340 -0.158598
v -0.894971 0.811154 -0.138893
v -0.904316 0.819625 -0.117849
v -0.912088 0.826669 -0.095671
v -0.918213 0.832219 -0.072571
v -0.922630 0.836223 -0.048773
v -0.925297 0.838640 -0.024504
v -0.966263 0.792992 0.000000
v -0.965333 0.792228 0.024504
v -0.962550 0.789944 0.048773
v -0.957942 0.786162 0.072571
v -0.951553 0.780919 0.095671
v -0.943444 0.774265 0.117849
v -0.933694 0.766263 0.138893
v -0.922397 0.756991 0.158598
v -0.909661 0.746539 0.176777
v -0.895609 0.735007 0.193253
v -0.880376 0.722506 0.207867
v -0.864109 0.709156 0.220480
v -0.846965 0.695086 0.230970
v -0.829109 0.680432 0.239235
v -0.810712 0.665334 0.245196
v -0.791953 0.649939 0.248796
v -0.773010 0.634393 0.250000
v -0.754068 0.618848 0.248796
v -0.735309 0.603452 0.245196
v -0.716912 0.588355 0.239235
v -0.699056 0.573700 0.230970
v -0.681912 0.559631 0.220480
v -0.665645 0.546281 0.207867
v -0.650412 0.533780 0.193253
v -0.636360 0.522247 0.176777
v -0.623624 0.511795 0.158598
v -0.612327 0.502524 0.138893
v -0.602577 0.494522 0.117849
v -0.594468 0.487868 0.095671
v -0.588079 0.482624 0.072571
v -0.583471 0.478842 0.048773
v -0.580688 0.476559 0.024504
v -0.579758 0.475795 0.000000
v -0.580688 0.476559 -0.024504
v -0.583471 0.478842 -0.048773
v -0.588079 0.482624 -0.072571
v -0.594468 0.487868 -0.095671
v -0.602577 0.494522 -0.117849
v -0.612327 0.502524 -0.138893
v -0.623624 0.511795 -0.158598
v -0.636360 0.522247 -0.176777
v -0.650412 0.533780 -0.193253
v -0.665645 0.546281 -0.207867
v -0.681912 0.559631 -0.220480
v -0.699056 0.573700 -0.230970
v -0.716912 0.588355 -0.239235
v -0.735309 0.603452 -0.245196
v -0.754068 0.618848 -0.248796
v -0.773010 0.634393 -0.250000
v -0.791953 0.649939 -0.248796
v -0.810712 0.665334 -0.245196
v -0.829109 0.680432 -0.239235
v -0.846965 0.695086 -0.230970
v -0.864109 0.709156 -0.220480
v -0.880376 0.722506 -0.207867
v -0.895609 0.735007 -0.193253
v -0.909661 0.746539 -0.176777
v -0.922397 0.756991 -0.158598
v -0.933694 0.766263 -0.138893
v -0.943444 0.774265 -0.117849
v -0.951553 0.780919 -0.095671
v -0.957942 0.786162 -0.072571
v -0.962550 0.789944 -0.048773
v -0.965333 0.792228 -0.024504
v -1.004009 0.744624 0.000000
v -1.003042 0.743907 0.024504
v -1.000151 0.741763 0.048773
v -0.995363 0.738212 0.072571
v -0.988724 0.733288 0.095671
v -0.980299 0.727040 0.117849
v -0.970168 0.719526 0.138893
v -0.958429 0.710820 0.158598
v -0.945196 0.701005 0.176777
v -0.930595 0.690176 0.193253
v -0.914767 0.678438 0.207867
v -0.897865 0.665902 0.220480
v -0.880051 0.652691 0.230970
v -0.861497 0.638930 0.239235
v -0.842382 0.624753 0.245196
v -0.822889 0.610297 0.248796
v -0.803207 0.595700 0.250000
v -0.783525 0.581102 0.248796
v -0.764033 0.566646 0.245196
v -0.744918 0.552469 0.239235
v -0.726364 0.538708 0.230970
v -0.708550 0.525497 0.220480
v -0.691648 0.512961 0.207867
v -0.675820 0.501223 0.193253
v -0.661219 0.490394 0.176777
v -0.647985 0.480579 0.158598
v -0.636247 0.471873 0.138893
v -0.626116 0.464360 0.117849
v -0.617691 0.458111 0.095671
v -0.611052 0.453187 0.072571
v -0.606264 0.449636 0.048773
v -0.603372 0.447492 0.024504
v -0.602405 0.446775 0.000000
v -0.603372 0.447492 -0.024504
v -0.606264 0.449636 -0.048773
v -0.611052 0.453187 -0.072571
v -0.617691 0.458111 -0.095671
v -0.626116 0.464360 -0.117849
v -0.636247 0.471873 -0.138893
v -0.647985 0.480579 -0.158598
v -0.661219 0.490394 -0.176777
v -0.675820 0.501223 -0.193253
v -0.691648 0.512961 -0.207867
v -0.708550 0.525497 -0.220480
v -0.726364 0.538708 -0.230970
v -0.744918 0.552469 -0.239235
v -0.764033 0.566646 -0.245196
v -0.783525 0.581102 -0.248796
v -0.803207 0.595700 -0.250000
v -0.822889 0.610297 -0.248796
v -0.842382 0.624753 -0.245196
v -0.861497 0.638930 -0.239235
v -0.880051 0.652691 -0.230970
v -0.897865 0.665902 -0.220480
v -0.914767 0.678438 -0.207867
v -0.930595 0.690176 -0.193253
v -0.945196 0.701005 -0.176777
v -0.958429 0.710820 -0.158598
v -0.970168 0.719526 -0.138893
v -0.980299 0.727040 -0.117849
v -0.988724 0.733288 -0.095671
v -0.995363 0.738212 -0.072571
v -1.000151 0.741763 -0.048773
v -1.003042 0.743907 -0.024504
v -1.039337 0.694463 0.000000
v -1.038336 0.693794 0.024504
v -1.035343 0.691794 0.048773
v -1.030386 0.688482 0.072571
v -1.023514 0.683890 0.095671
v -1.014792 0.678063 0.117849
v -1.004305 0.671055 0.138893
v -0.992153 0.662936 0.158598
v -0.978454 0.653782 0.176777
v -0.963339 0.643683 0.193253
v -0.946954 0.632735 0.207867
v -0.929458 0.621044 0.220480
v -0.911017 0.608722 0.230970
v -0.891810 0.595889 0.239235
v -0.872022 0.582667 0.245196
v -0.851844 0.569184 0.248796
v -0.831470 0.555570 0.250000
v -0.811095 0.541956 0.248796
v -0.790917 0.528474 0.245196
v -0.771129 0.515252 0.239235
v -0.751922 0.502418 0.230970
v -0.733482 0.490097 0.220480
v -0.715985 0.478406 0.207867
v -0.699600 0.467458 0.193253
v -0.684485 0.457358 0.176777
v -0.670786 0.448205 0.158598
v -0.658634 0.440085 0.138893
v -0.648147 0.433078 0.117849
v -0.639425 0.427250 0.095671
v -0.632553 0.422658 0.072571
v -0.627596 0.419347 0.048773
v -0.624603 0.417347 0.024504
v -0.623602 0.416678 0.000000
v -0.624603 0.417347 -0.024504
v -0.627596 0.419347 -0.048773
v -0.632553 0.422658 -0.072571
v -0.639425 0.427250 -0.095671
v -0.648147 0.433078 -0.117849
v -0.658634 0.440085 -0.138893
v -0.670786 0.448205 -0.158598
v -0.684485 0.457358 -0.176777
v -0.699600 0.467458 -0.193253
v -0.715985 0.478406 -0.207867
v -0.733482 0.490097 -0.220480
v -0.751922 0.502418 -0.230970
v -0.771129 0.515252 -0.239235
v -0.790917 0.528474 -0.245196
v -0.811095 0.541956 -0.248796
v -0.831470 0.555570 -0.250000
v -0.851844 0.569184 -0.248796
v -0.872022 0.582667 -0.245196
v -0.891810 0.595889 -0.239235
v -0.911017 0.608722 -0.230970
v -0.929458 0.621044 -0.220480
v -0.946954 0.632735 -0.207867
v -0.963339 0.643683 -0.193253
v -0.978454 0.653782 -0.176777
v -0.992153 0.662936 -0.158598
v -1.004305 0.671055 -0.138893
v -1.014792 0.678063 -0.117849
v -1.023514 0.683890 -0.095671
v -1.030386 0.688482 -0.072571
v -1.035343 0.691794 -0.048773
v -1.038336 0.693794 -0.024504
v -1.072161 0.642628 0.000000
v -1.071128 0.642010 0.024504
v -1.068040 0.640159 0.048773
v -1.062927 0.637094 0.072571
v -1.055838 0.632845 0.095671
v -1.046841 0.627452 0.117849
v -1.036022 0.620968 0.138893
v -1.023487 0.613454 0.158598
v -1.009355 0.604984 0.176777
v -0.993763 0.595639 0.193253
v -0.976861 0.585508 0.207867
v -0.958811 0.574689 0.220480
v -0.939788 0.563287 0.230970
v -0.919975 0.551412 0.239235
v -0.899562 0.539177 0.245196
v -0.878747 0.526700 0.248796
v -0.857729 0.514103 0.250000
v -0.836711 0.501505 0.248796
v -0.815895 0.489029 0.245196
v -0.795482 0.476794 0.239235
v -0.775669 0.464918 0.230970
v -0.756646 0.453516 0.220480
v -0.738596 0.442698 0.207867
v -0.721694 0.432567 0.193253
v -0.706102 0.423221 0.176777
v -0.691970 0.414751 0.158598
v -0.679435 0.407238 0.138893
v -0.668616 0.400753 0.117849
v -0.659619 0.395360 0.095671
v -0.652530 0.391111 0.072571
v -0.647417 0.388047 0.048773
v -0.644329 0.386196 0.024504
v -0.643296 0.385577 0.000000
v -0.644329 0.386196 -0.024504
v -0.647417 0.388047 -0.048773
v -0.652530 0.391111 -0.072571
v -0.659619 0.395360 -0.095671
v -0.668616 0.400753 -0.117849
v -0.679435 0.407238 -0.138893
v -0.691970 0.414751 -0.158598
v -0.706102 0.423221 -0.176777
v -0.721694 0.432567 -0.193253
v -0.738596 0.442698 -0.207867
v -0.756646 0.453516 -0.220480
v -0.775669 0.464918 -0.230970
v -0.795482 0.476794 -0.239235
v -0.815895 0.489029 -0.245196
v -0.836711 0.501505 -0.248796
v -0.857729 0.514103 -0.250000
v -0.878747 0.526700 -0.248796
v -0.899562 0.539177 -0.245196
v -0.919975 0.551412 -0.239235
v -0.939788 0.563287 -0.230970
v -0.958811 0.574689 -0.220480
v -0.976861 0.585508 -0.207867
v -0.993763 0.595639 -0.193253
v -1.009355 0.604984 -0.176777
v -1.023487 0.613454 -0.158598
v -1.036022 0.620968 -0.138893
v -1.046841 0.627452 -0.117849
v -1.055838 0.632845 -0.095671
v -1.062927 0.637094 -0.072571
v -1.068040 0.640159 -0.048773
v -1.071128 0.642010 -0.024504
v -1.102402 0.589246 0.000000
v -1.101340 0.588678 0.024504
v -1.098165 0.586981 0.048773
v -1.092908 0.584171 0.072571
v -1.085619 0.580275 0.095671
v -1.076368 0.575330 0.117849
v -1.065244 0.569385 0.138893
v -1.052355 0.562495 0.158598
v -1.037824 0.554729 0.176777
v -1.021793 0.546159 0.193253
v -1.004414 0.536870 0.207867
v -0.985855 0.526950 0.220480
v -0.966295 0.516496 0.230970
v -0.945923 0.505606 0.239235
v -0.924935 0.494388 0.245196
v -0.903532 0.482948 0.248796
v -0.881921 0.471397 0.250000
v -0.860310 0.459845 0.248796
v -0.838908 0.448405 0.245196
v -0.817919 0.437187 0.239235
v -0.797547 0.426298 0.230970
v -0.777988 0.415843 0.220480
v -0.759429 0.405923 0.207867
v -0.742050 0.396634 0.193253
v -0.726018 0.388065 0.176777
v -0.711488 0.380298 0.158598
v -0.698599 0.373409 0.138893
v -0.687475 0.367463 0.117849
v -0.678224 0.362518 0.095671
v -0.670935 0.358622 0.072571
v -0.665677 0.355812 0.048773
v -0.662503 0.354115 0.024504
v -0.661441 0.353547 0.000000
v -0.662503 0.354115 -0.024504
v -0.665677 0.355812 -0.048773
v -0.670935 0.358622 -0.072571
v -0.678224 0.362518 -0.095671
v -0.687475 0.367463 -0.117849
v -0.698599 0.373409 -0.138893
v -0.711488 0.380298 -0.158598
v -0.726018 0.388065 -0.176777
v -0.742050 0.396634 -0.193253
v -0.759429 0.405923 -0.207867
v -0.777988 0.415843 -0.220480
v -0.797547 0.426298 -0.230970
v -0.817919 0.437187 -0.239235
v -0.838908 0.448405 -0.245196
v -0.860310 0.459845 -0.248796
v -0.881921 0.471397 -0.250000
v -0.903532 0.482948 -0.248796
v -0.924935 0.494388 -0.245196
v -0.945923 0.505606 -0.239235
v -0.966295 0.516496 -0.230970
v -0.985855 0.526950 -0.220480
v -1.004414 0.536870 -0.207867
v -1.021793 0.546159 -0.193253
v -1.037824 0.554729 -0.176777
v -1.052355 0.562495 -0.158598
v -1.065244 0.569385 -0.138893
v -1.076368 0.575330 -0.117849
v -1.085619 0.580275 -0.095671
v -1.092908 0.584171 -0.072571
v -1.098165 0.586981 -0.048773
v -1.101340 0.588678 -0.024504
v -1.129987 0.534444 0.000000
v -1.128899 0.533929 0.024504
v -1.125644 0.532390 0.048773
v -1.120255 0.529841 0.072571
v -1.112784 0.526307 0.095671
v -1.103301 0.521822 0.117849
v -1.091899 0.516430 0.138893
v -1.078688 0.510181 0.158598
v -1.063794 0.503137 0.176777
v -1.047361 0.495364 0.193253
v -1.029547 0.486939 0.207867
v -1.010524 0.477942 0.220480
v -0.990475 0.468459 0.230970
v -0.969593 0.458583 0.239235
v -0.948079 0.448408 0.245196
v -0.926141 0.438032 0.248796
v -0.903989 0.427555 0.250000
v -0.881838 0.417078 0.248796
v -0.859900 0.406702 0.245196
v -0.838386 0.396527 0.239235
v -0.817504 0.386650 0.230970
v -0.797455 0.377168 0.220480
v -0.778432 0.368171 0.207867
v -0.760618 0.359745 0.193253
v -0.744185 0.351973 0.176777
v -0.729291 0.344929 0.158598
v -0.716080 0.338680 0.138893
v -0.704678 0.333287 0.117849
v -0.695195 0.328803 0.095671
v -0.687723 0.325269 0.072571
v -0.682335 0.322720 0.048773
v -0.679080 0.321181 0.024504
v -0.677992 0.320666 0.000000
v -0.679080 0.321181 -0.024504
v -0.682335 0.322720 -0.048773
v -0.687723 0.325269 -0.072571
v -0.695195 0.328803 -0.095671
v -0.704678 0.333287 -0.117849
v -0.716080 0.338680 -0.138893
v -0.729291 0.344929 -0.158598
v -0.744185 0.351973 -0.176777
v -0.760618 0.359745 -0.193253
v -0.778432 0.368171 -0.207867
v -0.797455 0.377168 -0.220480
v -0.817504 0.386650 -0.230970
v -0.838386 0.396527 -0.239235
v -0.859900 0.406702 -0.245196
v -0.881838 0.417078 -0.248796
v -0.903989 0.427555 -0.250000
v -0.926141 0.438032 -0.248796
v -0.948079 0.448408 -0.245196
v -0.969593 0.458583 -0.239235
v -0.990475 0.468459 -0.230970
v -1.010524 0.477942 -0.220480
v -1.029547 0.486939 -0.207867
v -1.047361 0.495364 -0.193253
v -1.063794 0.503137 -0.176777
v -1.078688 0.510181 -0.158598
v -1.091899 0.516430 -0.138893
v -1.103301 0.521822 -0.117849
v -1.112784 0.526307 -0.095671
v -1.120255 0.529841 -0.072571
v -1.125644 0.532390 -0.048773
v -1.128899 0.533929 -0.024504
v -1.154849 0.478354 0.000000
v -1.153737 0.477894 0.024504
v -1.150411 0.476516 0.048773
v -1.144904 0.474235 0.072571
v -1.137268 0.471072 0.095671
v -1.127577 0.467058 0.117849
v -1.115924 0.462231 0.138893
v -1.102422 0.456638 0.158598
v -1.087200 0.450333 0.176777
v -1.070405 0.443376 0.193253
v -1.052199 0.435835 0.207867
v -1.032758 0.427782 0.220480
v -1.012268 0.419295 0.230970
v -0.990927 0.410455 0.239235
v -0.968939 0.401348 0.245196
v -0.946519 0.392061 0.248796
v -0.923880 0.382683 0.250000
v -0.901240 0.373306 0.248796
v -0.878820 0.364019 0.245196
v -0.856833 0.354912 0.239235
v -0.835491 0.346072 0.230970
v -0.815001 0.337585 0.220480
v -0.795560 0.329532 0.207867
v -0.777354 0.321991 0.193253
v -0.760559 0.315034 0.176777
v -0.745337 0.308729 0.158598
v -0.731835 0.303136 0.138893
v -0.720182 0.298309 0.117849
v -0.710491 0.294295 0.095671
v -0.702855 0.291132 0.072571
v -0.697348 0.288851 0.048773
v -0.694022 0.287473 0.024504
v -0.692910 0.287013 0.000000
v -0.694022 0.287473 -0.024504
v -0.697348 0.288851 -0.048773
v -0.702855 0.291132 -0.072571
v -0.710491 0.294295 -0.095671
v -0.720182 0.298309 -0.117849
v -0.731835 0.303136 -0.138893
v -0.745337 0.308729 -0.158598
v -0.760559 0.315034 -0.176777
v -0.777354 0.321991 -0.193253
v -0.795560 0.329532 -0.207867
v -0.815001 0.337585 -0.220480
v -0.835491 0.346072 -0.230970
v -0.856833 0.354912 -0.239235
v -0.878820 0.364019 -0.245196
v -0.901240 0.373306 -0.248796
v -0.923880 0.382683 -0.250000
v -0.946519 0.392061 -0.248796
v -0.968939 0.401348 -0.245196
v -0.990927 0.410455 -0.239235
v -1.012268 0.419295 -0.230970
v -1.032758 0.427782 -0.220480
v -1.052199 0.435835 -0.207867
v -1.070405 0.443376 -0.193253
v -1.087200 0.450333 -0.176777
v -1.102422 0.456638 -0.158598
v -1.115924 0.462231 -0.138893
v -1.127577 0.467058 -0.117849
v -1.137268 0.471072 -0.095671
v -1.144904 0.474235 -0.072571
v -1.150411 0.476516 -0.048773
v -1.153737 0.477894 -0.024504
v -1.176930 0.421112 0.000000
v -1.175797 0.420707 0.024504
v -1.172407 0.419494 0.048773
v -1.166794 0.417486 0.072571
v -1.159012 0.414701 0.095671
v -1.149136 0.411167 0.117849
v -1.137260 0.406918 0.138893
v -1.123500 0.401995 0.158598
v -1.107987 0.396444 0.176777
v -1.090871 0.390320 0.193253
v -1.072318 0.383681 0.207867
v -1.052504 0.376592 0.220480
v -1.031622 0.369120 0.230970
v -1.009873 0.361338 0.239235
v -0.987466 0.353321 0.245196
v -0.964616 0.345145 0.248796
v -0.941544 0.336890 0.250000
v -0.918472 0.328635 0.248796
v -0.895623 0.320459 0.245196
v -0.873215 0.312441 0.239235
v -0.851466 0.304659 0.230970
v -0.830584 0.297188 0.220480
v -0.810771 0.290098 0.207867
v -0.792217 0.283460 0.193253
v -0.775101 0.277336 0.176777
v -0.759588 0.271785 0.158598
v -0.745828 0.266861 0.138893
v -0.733952 0.262612 0.117849
v -0.724076 0.259078 0.095671
v -0.716294 0.256294 0.072571
v -0.710681 0.254286 0.048773
v -0.707292 0.253073 0.024504
v -0.706158 0.252667 0.000000
v -0.707292 0.253073 -0.024504
v -0.710681 0.254286 -0.048773
v -0.716294 0.256294 -0.072571
v -0.724076 0.259078 -0.095671
v -0.733952 0.262612 -0.117849
v -0.745828 0.266861 -0.138893
v -0.759588 0.271785 -0.158598
v -0.775101 0.277336 -0.176777
v -0.792217 0.283460 -0.193253
v -0.810771 0.290098 -0.207867
v -0.830584 0.297188 -0.220480
v -0.851466 0.304659 -0.230970
v -0.873215 0.312441 -0.239235
v -0.895623 0.320459 -0.245196
v -0.918472 0.328635 -0.248796
v -0.941544 0.336890 -0.250000
v -0.964616 0.345145 -0.248796
v -0.987466 0.353321 -0.245196
v -1.009873 0.361338 -0.239235
v -1.031622 0.369120 -0.230970
v -1.052504 0.376592 -0.220480
v -1.072318 0.383681 -0.207867
v -1.090871 0.390320 -0.193253
v -1.107987 0.396444 -0.176777
v -1.123500 0.401995 -0.158598
v -1.137260 0.406918 -0.138893
v -1.149136 0.411167 -0.117849
v -1.159012 0.414701 -0.095671
v -1.166794 0.417486 -0.072571
v -1.172407 0.419494 -0.048773
v -1.175797 0.420707 -0.024504
v -1.196175 0.362856 0.000000
v -1.195023 0.362507 0.024504
v -1.191579 0.361462 0.048773
v -1.185874 0.359731 0.072571
v -1.177965 0.357332 0.095671
v -1.167927 0.354287 0.117849
v -1.155857 0.350626 0.138893
v -1.141871 0.346383 0.158598
v -1.126105 0.341601 0.176777
v -1.108709 0.336324 0.193253
v -1.089852 0.330603 0.207867
v -1.069715 0.324495 0.220480
v -1.048491 0.318057 0.230970
v -1.026386 0.311351 0.239235
v -1.003613 0.304443 0.245196
v -0.980389 0.297398 0.248796
v -0.956940 0.290285 0.250000
v -0.933491 0.283172 0.248796
v -0.910268 0.276127 0.245196
v -0.887494 0.269219 0.239235
v -0.865389 0.262513 0.230970
v -0.844166 0.256075 0.220480
v -0.824028 0.249967 0.207867
v -0.805171 0.244246 0.193253
v -0.787776 0.238969 0.176777
v -0.772009 0.234187 0.158598
v -0.758024 0.229944 0.138893
v -0.745954 0.226283 0.117849
v -0.735916 0.223238 0.095671
v -0.728007 0.220839 0.072571
v -0.722302 0.219108 0.048773
v -0.718857 0.218063 0.024504
v -0.717705 0.217714 0.000000
v -0.718857 0.218063 -0.024504
v -0.722302 0.219108 -0.048773
v -0.728007 0.220839 -0.072571
v -0.735916 0.223238 -0.095671
v -0.745954 0.226283 -0.117849
v -0.758024 0.229944 -0.138893
v -0.772009 0.234187 -0.158598
v -0.787776 0.238969 -0.176777
v -0.805171 0.244246 -0.193253
v -0.824028 0.249967 -0.207867
v -0.844166 0.256075 -0.220480
v -0.865389 0.262513 -0.230970
v -0.887494 0.269219 -0.239235
v -0.910268 0.276127 -0.245196
v -0.933491 0.283172 -0.248796
v -0.956940 0.290285 -0.250000
v -0.980389 0.297398 -0.248796
v -1.003613 0.304443 -0.245196
v -1.026386 0.311351 -0.239235
v -1.048491 0.318057 -0.230970
v -1.069715 0.324495 -0.220480
v -1.089852 0.330603 -0.207867
v -1.108709 0.336324 -0.193253
v -1.126105 0.341601 -0.176777
v -1.141871 0.346383 -0.158598
v -1.155857 0.350626 -0.138893
v -1.167927 0.354287 -0.117849
v -1.177965 0.357332 -0.095671
v -1.185874 0.359731 -0.072571
v -1.191579 0.361462 -0.048773
v -1.195023 0.362507 -0.024504
v -1.212539 0.303725 0.000000
v -1.211371 0.303433 0.024504
v -1.207879 0.302558 0.048773
v -1.202097 0.301110 0.072571
v -1.194079 0.299101 0.095671
v -1.183904 0.296553 0.117849
v -1.171669 0.293488 0.138893
v -1.157492 0.289937 0.158598
v -1.141510 0.285934 0.176777
v -1.123876 0.281517 0.193253
v -1.104761 0.276728 0.207867
v -1.084349 0.271615 0.220480
v -1.062835 0.266226 0.230970
v -1.040427 0.260614 0.239235
v -1.017342 0.254831 0.245196
v -0.993801 0.248934 0.248796
v -0.970031 0.242980 0.250000
v -0.946261 0.237026 0.248796
v -0.922720 0.231130 0.245196
v -0.899635 0.225347 0.239235
v -0.877227 0.219734 0.230970
v -0.855714 0.214345 0.220480
v -0.835301 0.209232 0.207867
v -0.816186 0.204444 0.193253
v -0.798552 0.200027 0.176777
v -0.782570 0.196024 0.158598
v -0.768393 0.192473 0.138893
v -0.756158 0.189408 0.117849
v -0.745983 0.186859 0.095671
v -0.737966 0.184851 0.072571
v -0.732183 0.183402 0.048773
v -0.728691 0.182528 0.024504
v -0.727523 0.182235 0.000000
v -0.728691 0.182528 -0.024504
v -0.732183 0.183402 -0.048773
v -0.737966 0.184851 -0.072571
v -0.745983 0.186859 -0.095671
v -0.756158 0.189408 -0.117849
v -0.768393 0.192473 -0.138893
v -0.782570 0.196024 -0.158598
v -0.798552 0.200027 -0.176777
v -0.816186 0.204444 -0.193253
v -0.835301 0.209232 -0.207867
v -0.855714 0.214345 -0.220480
v -0.877227 0.219734 -0.230970
v -0.899635 0.225347 -0.239235
v -0.922720 0.231130 -0.245196
v -0.946261 0.237026 -0.248796
v -0.970031 0.242980 -0.250000
v -0.993801 0.248934 -0.248796
v -1.017342 0.254831 -0.245196
v -1.040427 0.260614 -0.239235
v -1.062835 0.266226 -0.230970
v -1.084349 0.271615 -0.220480
v -1.104761 0.276728 -0.207867
v -1.123876 0.281517 -0.193253
v -1.141510 0.285934 -0.176777
v -1.157492 0.289937 -0.158598
v -1.171669 0.293488 -0.138893
v -1.183904 0.296553 -0.117849
v -1.194079 0.299101 -0.095671
v -1.202097 0.301110 -0.072571
v -1.207879 0.302558 -0.048773
v -1.211371 0.303433 -0.024504
v -1.225982 0.243863 0.000000
v -1.224801 0.243628 0.024504
v -1.221270 0.242926 0.048773
v -1.215424 0.241763 0.072571
v -1.207317 0.240150 0.095671
v -1.197029 0.238104 0.117849
v -1.184659 0.235643 0.138893
v -1.170325 0.232792 0.158598
v -1.154165 0.229578 0.176777
v -1.136336 0.226031 0.193253
v -1.117009 0.222187 0.207867
v -1.096370 0.218082 0.220480
v -1.074618 0.213755 0.230970
v -1.051962 0.209248 0.239235
v -1.028621 0.204605 0.245196
v -1.004819 0.199871 0.248796
v -0.980785 0.195090 0.250000
v -0.956752 0.190310 0.248796
v -0.932950 0.185575 0.245196
v -0.909609 0.180932 0.239235
v -0.886953 0.176426 0.230970
v -0.865201 0.172099 0.220480
v -0.844562 0.167994 0.207867
v -0.825234 0.164149 0.193253
v -0.807405 0.160603 0.176777
v -0.791246 0.157389 0.158598
v -0.776912 0.154537 0.138893
v -0.764541 0.152077 0.117849
v -0.754253 0.150030 0.095671
v -0.746147 0.148418 0.072571
v -0.740300 0.147255 0.048773
v -0.736770 0.146553 0.024504
v -0.735589 0.146318 0.000000
v -0.736770 0.146553 -0.024504
v -0.740300 0.147255 -0.048773
v -0.746147 0.148418 -0.072571
v -0.754253 0.150030 -0.095671
v -0.764541 0.152077 -0.117849
v -0.776912 0.154537 -0.138893
v -0.791246 0.157389 -0.158598
v -0.807405 0.160603 -0.176777
v -0.825234 0.164149 -0.193253
v -0.844562 0.167994 -0.207867
v -0.865201 0.172099 -0.220480
v -0.886953 0.176426 -0.230970
v -0.909609 0.180932 -0.239235
v -0.932950 0.185575 -0.245196
v -0.956752 0.190310 -0.248796
v -0.980785 0.195090 -0.250000
v -1.004819 0.199871 -0.248796
v -1.028621 0.204605 -0.245196
v -1.051962 0.209248 -0.239235
v -1.074618 0.213755 -0.230970
v -1.096370 0.218082 -0.220480
v -1.117009 0.222187 -0.207867
v -1.136336 0.226031 -0.193253
v -1.154165 0.229578 -0.176777
v -1.170325 0.232792 -0.158598
v -1.184659 0.235643 -0.138893
v -1.197029 0.238104 -0.117849
v -1.207317 0.240150 -0.095671
v -1.215424 0.241763 -0.072571
v -1.221270 0.242926 -0.048773
v -1.224801 0.243628 -0.024504
v -1.236471 0.183413 0.000000
v -1.235280 0.183236 0.024504
v -1.231719 0.182708 0.048773
v -1.225822 0.181833 0.072571
v -1.217646 0.180621 0.095671
v -1.207271 0.179081 0.117849
v -1.194794 0.177231 0.138893
v -1.180337 0.175086 0.158598
v -1.164040 0.172669 0.176777
v -1.146058 0.170002 0.193253
v -1.126566 0.167110 0.207867
v -1.105750 0.164022 0.220480
v -1.083812 0.160768 0.230970
v -1.060962 0.157379 0.239235
v -1.037421 0.153887 0.245196
v -1.013416 0.150326 0.248796
v -0.989177 0.146730 0.250000
v -0.964937 0.143135 0.248796
v -0.940932 0.139574 0.245196
v -0.917391 0.136082 0.239235
v -0.894541 0.132693 0.230970
v -0.872603 0.129438 0.220480
v -0.851787 0.126351 0.207867
v -0.832295 0.123459 0.193253
v -0.814313 0.120792 0.176777
v -0.798016 0.118374 0.158598
v -0.783559 0.116230 0.138893
v -0.771083 0.114379 0.117849
v -0.760706 0.112840 0.095671
v -0.752531 0.111627 0.072571
v -0.746634 0.110753 0.048773
v -0.743073 0.110224 0.024504
v -0.741882 0.110048 0.000000
v -0.743073 0.110224 -0.024504
v -0.746634 0.110753 -0.048773
v -0.752531 0.111627 -0.072571
v -0.760706 0.112840 -0.095671
v -0.771083 0.114379 -0.117849
v -0.783559 0.116230 -0.138893
v -0.798016 0.118374 -0.158598
v -0.814313 0.120792 -0.176777
v -0.832295 0.123459 -0.193253
v -0.851787 0.126351 -0.207867
v -0.872603 0.129438 -0.220480
v -0.894541 0.132693 -0.230970
v -0.917391 0.136082 -0.239235
v -0.940932 0.139574 -0.245196
v -0.964937 0.143135 -0.248796
v -0.989177 0.146730 -0.250000
v -1.013416 0.150326 -0.248796
v -1.037421 0.153887 -0.245196
v -1.060962 0.157379 -0.239235
v -1.083812 0.160768 -0.230970
v -1.105750 0.164022 -0.220480
v -1.126566 0.167110 -0.207867
v -1.146058 0.170002 -0.193253
v -1.164040 0.172669 -0.176777
v -1.180337 0.175086 -0.158598
v -1.194794 0.177231 -0.138893
v -1.207271 0.179081 -0.117849
v -1.217646 0.180621 -0.095671
v -1.225822 0.181833 -0.072571
v -1.231719 0.182708 -0.048773
v -1.235280 0.183236 -0.024504
v -1.243981 0.122521 0.000000
v -1.242783 0.122403 0.024504
v -1.239200 0.122050 0.048773
v -1.233268 0.121466 0.072571
v -1.225042 0.120656 0.095671
v -1.214603 0.119628 0.117849
v -1.202051 0.118391 0.138893
v -1.187507 0.116959 0.158598
v -1.171110 0.115344 0.176777
v -1.153019 0.113562 0.193253
v -1.133409 0.111631 0.207867
v -1.112467 0.109568 0.220480
v -1.090395 0.107394 0.230970
v -1.067407 0.105130 0.239235
v -1.043723 0.102797 0.245196
v -1.019571 0.100419 0.248796
v -0.995185 0.098017 0.250000
v -0.970798 0.095615 0.248796
v -0.946647 0.093236 0.245196
v -0.922963 0.090904 0.239235
v -0.899975 0.088639 0.230970
v -0.877903 0.086466 0.220480
v -0.856961 0.084403 0.207867
v -0.837350 0.082472 0.193253
v -0.819259 0.080690 0.176777
v -0.802863 0.079075 0.158598
v -0.788318 0.077642 0.138893
v -0.775766 0.076406 0.117849
v -0.765327 0.075378 0.095671
v -0.757102 0.074568 0.072571
v -0.751169 0.073983 0.048773
v -0.747587 0.073631 0.024504
v -0.746389 0.073513 0.000000
v -0.747587 0.073631 -0.024504
v -0.751169 0.073983 -0.048773
v -0.757102 0.074568 -0.072571
v -0.765327 0.075378 -0.095671
v -0.775766 0.076406 -0.117849
v -0.788318 0.077642 -0.138893
v -0.802863 0.079075 -0.158598
v -0.819259 0.080690 -0.176777
v -0.837350 0.082472 -0.193253
v -0.856961 0.084403 -0.207867
v -0.877903 0.086466 -0.220480
v -0.899975 0.088640 -0.230970
v -0.922963 0.090904 -0.239235
v -0.946647 0.093236 -0.245196
v -0.970798 0.095615 -0.248796
v -0.995185 0.098017 -0.250000
v -1.019571 0.100419 -0.248796
v -1.043723 0.102797 -0.245196
v -1.067407 0.105130 -0.239235
v -1.090395 0.107394 -0.230970
v -1.112467 0.109568 -0.220480
v -1.133409 0.111631 -0.207867
v -1.153019 0.113562 -0.193253
v -1.171110 0.115344 -0.176777
v -1.187507 0.116959 -0.158598
v -1.202051 0.118391 -0.138893
v -1.214603 0.119628 -0.117849
v -1.225042 0.120656 -0.095671
v -1.233268 0.121466 -0.072571
v -1.239200 0.122050 -0.048773
v -1.242783 0.122403 -0.024504
v -1.248494 0.061335 0.000000
v -1.247292 0.061276 0.024504
v -1.243696 0.061099 0.048773
v -1.237742 0.060806 0.072571
v -1.229487 0.060401 0.095671
v -1.219010 0.059886 0.117849
v -1.206412 0.059267 0.138893
v -1.191815 0.058550 0.158598
v -1.175359 0.057742 0.176777
v -1.157203 0.056850 0.193253
v -1.137521 0.055883 0.207867
v -1.116503 0.054850 0.220480
v -1.094351 0.053762 0.230970
v -1.071279 0.052629 0.239235
v -1.047509 0.051461 0.245196
v -1.023270 0.050270 0.248796
v -0.998795 0.049068 0.250000
v -0.974321 0.047865 0.248796
v -0.950082 0.046675 0.245196
v -0.926312 0.045507 0.239235
v -0.903240 0.044373 0.230970
v -0.881088 0.043285 0.220480
v -0.860070 0.042253 0.207867
v -0.840388 0.041286 0.193253
v -0.822232 0.040394 0.176777
v -0.805776 0.039585 0.158598
v -0.791178 0.038868 0.138893
v -0.778581 0.038249 0.117849
v -0.768104 0.037735 0.095671
v -0.759849 0.037329 0.072571
v -0.753894 0.037036 0.048773
v -0.750299 0.036860 0.024504
v -0.749097 0.036801 0.000000
v -0.750299 0.036860 -0.024504
v -0.753894 0.037037 -0.048773
v -0.759849 0.037329 -0.072571
v -0.768104 0.037735 -0.095671
v -0.778581 0.038249 -0.117849
v -0.791178 0.038868 -0.138893
v -0.805776 0.039585 -0.158598
v -0.822232 0.040394 -0.176777
v -0.840388 0.041286 -0.193253
v -0.860070 0.042253 -0.207867
v -0.881088 0.043285 -0.220480
v -0.903240 0.044373 -0.230970
v -0.926312 0.045507 -0.239235
v -0.950082 0.046675 -0.245196
v -0.974321 0.047865 -0.248796
v -0.998795 0.049068 -0.250000
v -1.023270 0.050270 -0.248796
v -1.047509 0.051461 -0.245196
v -1.071279 0.052629 -0.239235
v -1.094351 0.053762 -0.230970
v -1.116503 0.054850 -0.220480
v -1.137521 0.055883 -0.207867
v -1.157203 0.056850 -0.193253
v -1.175359 0.057742 -0.176777
v -1.191815 0.058550 -0.158598
v -1.206412 0.059267 -0.138893
v -1.219010 0.059886 -0.117849
v -1.229487 0.060401 -0.095671
v -1.237742 0.060806 -0.072571
v -1.243696 0.061099 -0.048773
v -1.247292 0.061276 -0.024504
v -1.250000 0.000000 0.000000
v -1.248796 0.000000 0.024504
v -1.245196 0.000000 0.048773
v -1.239235 0.000000 0.072571
v -1.230970 0.000000 0.095671
v -1.220480 0.000000 0.117849
v -1.207867 0.000000 0.138893
v -1.193253 0.000000 0.158598
v -1.176777 0.000000 0.176777
v -1.158598 0.000000 0.193253
v -1.138893 0.000000 0.207867
v -1.117849 0.000000 0.220480
v -1.095671 0.000000 0.230970
v -1.072571 0.000000 0.239235
v -1.048773 0.000000 0.245196
v -1.024504 0.000000 0.248796
v -1.000000 0.000000 0.250000
v -0.975496 0.000000 0.248796
v -0.951227 0.000000 0.245196
v -0.927429 0.000000 0.239235
v -0.904329 0.000000 0.230970
v -0.882151 0.000000 0.220480
v -0.861107 0.000000 0.207867
v -0.841402 0.000000 0.193253
v -0.823223 0.000000 0.176777
v -0.806747 0.000000 0.158598
v -0.792133 0.000000 0.138893
v -0.779520 0.000000 0.117849
v -0.769030 0.000000 0.095671
v -0.760765 0.000000 0.072571
v -0.754804 0.000000 0.048773
v -0.751204 0.000000 0.024504
v -0.750000 0.000000 0.000000
v -0.751204 0.000000 -0.024504
v -0.754804 0.000000 -0.048773
v -0.760765 0.000000 -0.072571
v -0.769030 0.000000 -0.095671
v -0.779520 0.000000 -0.117849
v -0.792133 0.000000 -0.138893
v -0.806747 0.000000 -0.158598
v -0.823223 0.000000 -0.176777
v -0.841402 0.000000 -0.193253
v -0.861107 0.000000 -0.207867
v -0.882151 0.000000 -0.220480
v -0.904329 0.000000 -0.230970
v -0.927429 0.000000 -0.239235
v -0.951227 0.000000 -0.245196
v -0.975496 0.000000 -0.248796
v -1.000000 0.000000 -0.250000
v -1.024504 0.000000 -0.248796
v -1.048773 0.000000 -0.245196
v -1.072571 0.000000 -0.239235
v -1.095671 0.000000 -0.230970
v -1.117849 0.000000 -0.220480
v -1.138893 0.000000 -0.207867
v -1.158598 0.000000 -0.193253
v -1.176777 0.000000 -0.176777
v -1.193253 0.000000 -0.158598
v -1.207867 0.000000 -0.138893
v -1.220480 0.000000 -0.117849
v -1.230970 0.000000 -0.095671
v -1.239235 0.000000 -0.072571
v -1.245196 0.000000 -0.048773
v -1.248796 0.000000 -0.024504
v -1.248494 -0.061334 -0.000000
v -1.247292 -0.061275 0.024504
v -1.243696 -0.061098 0.048773
v -1.237742 -0.060806 0.072571
v -1.229487 -0.060400 0.095671
v -1.219010 -0.059886 0.117849
v -1.206412 -0.059267 0.138893
v -1.191815 -0.058550 0.158598
v -1.175359 -0.057741 0.176777
v -1.157203 -0.056849 0.193253
v -1.137521 -0.055882 0.207867
v -1.116503 -0.054850 0.220480
v -1.094351 -0.053762 0.230970
v -1.071279 -0.052628 0.239235
v -1.047509 -0.051460 0.245196
v -1.023270 -0.050270 0.248796
v -0.998795 -0.049067 0.250000
v -0.974321 -0.047865 0.248796
v -0.950082 -0.046674 0.245196
v -0.926312 -0.045506 0.239235
v -0.903240 -0.044373 0.230970
v -0.881088 -0.043285 0.220480
v -0.860070 -0.042252 0.207867
v -0.840388 -0.041285 0.193253
v -0.822232 -0.040393 0.176777
v -0.805776 -0.039585 0.158598
v -0.791178 -0.038868 0.138893
v -0.778581 -0.038249 0.117849
v -0.768104 -0.037734 0.095671
v -0.759849 -0.037329 0.072571
v -0.753894 -0.037036 0.048773
v -0.750299 -0.036860 0.024504
v -0.749097 -0.036800 -0.000000
v -0.750299 -0.036860 -0.024504
v -0.753894 -0.037036 -0.048773
v -0.759849 -0.037329 -0.072571
v -0.768104 -0.037734 -0.095671
v -0.778581 -0.038249 -0.117849
v -0.791178 -0.038868 -0.138893
v -0.805776 -0.039585 -0.158598
v -0.822232 -0.040393 -0.176777
v -0.840388 -0.041285 -0.193253
v -0.860070 -0.042252 -0.207867
v -0.881088 -0.043285 -0.220480
v -0.903240 -0.044373 -0.230970
v -0.926312 -0.045506 -0.239235
v -0.950082 -0.046674 -0.245196
v -0.974321 -0.047865 -0.248796
v -0.998795 -0.049067 -0.250000
v -1.023270 -0.050270 -0.248796
v -1.047509 -0.051460 -0.245196
v -1.071279 -0.052628 -0.239235
v -1.094351 -0.053762 -0.230970
v -1.116503 -0.054850 -0.220480
v -1.137521 -0.055882 -0.207867
v -1.157203 -0.056849 -0.193253
v -1.175359 -0.057741 -0.176777
v -1.191815 -0.058550 -0.158598
v -1.206412 -0.059267 -0.138893
v -1.219010 -0.059886 -0.117849
v -1.229487 -0.060400 -0.095671
v -1.237742 -0.060806 -0.072571
v -1.243696 -0.061098 -0.048773
v -1.247292 -0.061275 -0.024504
v -1.243981 -0.122521 -0.000000
v -1.242783 -0.122403 0.024504
v -1.239200 -0.122050 0.048773
v -1.233268 -0.121466 0.072571
v -1.225042 -0.120656 0.095671
v -1.214603 -0.119628 0.117849
v -1.202051 -0.118391 0.138893
v -1.187507 -0.116959 0.158598
v -1.171110 -0.115344 0.176777
v -1.153019 -0.113562 0.193253
v -1.133409 -0.111631 0.207867
v -1.112467 -0.109568 0.220480
v -1.090395 -0.107394 0.230970
v -1.067407 -0.105130 0.239235
v -1.043723 -0.102797 0.245196
v -1.019571 -0.100419 0.248796
v -0.995185 -0.098017 0.250000
v -0.970798 -0.095615 0.248796
v -0.946647 -0.093236 0.245196
v -0.922963 -0.090904 0.239235
v -0.899975 -0.088640 0.230970
v -0.877903 -0.086466 0.220480
v -0.856961 -0.084403 0.207867
v -0.837350 -0.082472 0.193253
v -0.819259 -0.080690 0.176777
v -0.802863 -0.079075 0.158598
v -0.788318 -0.077642 0.138893
v -0.775766 -0.076406 0.117849
v -0.765327 -0.075378 0.095671
v -0.757102 -0.074568 0.072571
v -0.751169 -0.073983 0.048773
v -0.747587 -0.073631 0.024504
v -0.746389 -0.073513 -0.000000
v -0.747587 -0.073631 -0.024504
v -0.751169 -0.073983 -0.048773
v -0.757102 -0.074568 -0.072571
v -0.765327 -0.075378 -0.095671
v -0.775766 -0.076406 -0.117849
v -0.788318 -0.077642 -0.138893
v -0.802863 -0.079075 -0.158598
v -0.819259 -0.080690 -0.176777
v -0.837350 -0.082472 -0.193253
v -0.856961 -0.084403 -0.207867
v -0.877903 -0.086466 -0.220480
v -0.899975 -0.088639 -0.230970
v -0.922963 -0.090904 -0.239235
v -0.946647 -0.093236 -0.245196
v -0.970798 -0.095615 -0.248796
v -0.995185 -0.098017 -0.250000
v -1.019571 -0.100419 -0.248796
v -1.043723 -0.102797 -0.245196
v -1.067407 -0.105130 -0.239235
v -1.090395 -0.107394 -0.230970
v -1.112467 -0.109568 -0.220480
v -1.133409 -0.111631 -0.207867
v -1.153019 -0.113562 -0.193253
v -1.171110 -0.115344 -0.176777
v -1.187507 -0.116959 -0.158598
v -1.202051 -0.118391 -0.138893
v -1.214603 -0.119628 -0.117849
v -1.225042 -0.120656 -0.095671
v -1.233268 -0.121466 -0.072571
v -1.239200 -0.122050 -0.048773
v -1.242783 -0.122403 -0.024504
v -1.236471 -0.183413 -0.000000
v -1.235280 -0.183236 0.024504
v -1.231719 -0.182708 0.048773
v -1.225822 -0.181833 0.072571
v -1.217646 -0.180621 0.095671
v -1.207271 -0.179081 0.117849
v -1.194794 -0.177231 0.138893
v -1.180337 -0.175086 0.158598
v -1.164040 -0.172669 0.176777
v -1.146058 -0.170002 0.193253
v -1.126566 -0.167110 0.207867
v -1.105750 -0.164022 0.220480
v -1.083812 -0.160768 0.230970
v -1.060962 -0.157379 0.239235
v -1.037421 -0.153887 0.245196
v -1.013416 -0.150326 0.248796
v -0.989177 -0.146730 0.250000
v -0.964937 -0.143135 0.248796
v -0.940932 -0.139574 0.245196
v -0.917391 -0.136082 0.239235
v -0.894541 -0.132693 0.230970
v -0.872603 -0.129438 0.220480
v -0.851787 -0.126351 0.207867
v -0.832295 -0.123459 0.193253
v -0.814313 -0.120792 0.176777
v -0.798016 -0.118374 0.158598
v -0.783559 -0.116230 0.138893
v -0.771083 -0.114379 0.117849
v -0.760706 -0.112840 0.095671
v -0.752531 -0.111627 0.072571
v -0.746634 -0.110753 0.048773
v -0.743073 -0.110224 0.024504
v -0.741882 -0.110048 -0.000000
v -0.743073 -0.110224 -0.024504
v -0.746634 -0.110753 -0.048773
v -0.752531 -0.111627 -0.072571
v -0.760706 -0.112840 -0.095671
v -0.771083 -0.114379 -0.117849
v -0.783559 -0.116230 -0.138893
v -0.798016 -0.118374 -0.158598
v -0.814313 -0.120792 -0.176777
v -0.832295 -0.123459 -0.193253
v -0.851787 -0.126351 -0.207867
v -0.872603 -0.129438 -0.220480
v -0.894541 -0.132693 -0.230970
v -0.917391 -0.136082 -0.239235
v -0.940932 -0.139574 -0.245196
v -0.964937 -0.143135 -0.248796
v -0.989177 -0.146730 -0.250000
v -1.013416 -0.150326 -0.248796
v -1.037421 -0.153887 -0.245196
v -1.060962 -0.157379 -0.239235
v -1.083812 -0.160768 -0.230970
v -1.105750 -0.164022 -0.220480
v -1.126566 -0.167110 -0.207867
v -1.146058 -0.170002 -0.193253
v -1.164040 -0.172669 -0.176777
v -1.180337 -0.175086 -0.158598
v -1.194794 -0.177231 -0.138893
v -1.207271 -0.179081 -0.117849
v -1.217646 -0.180621 -0.095671
v -1.225822 -0.181833 -0.072571
v -1.231719 -0.182708 -0.048773
v -1.235280 -0.183236 -0.024504
v -1.225982 -0.243863 -0.000000
v -1.224801 -0.243628 0.024504
v -1.221270 -0.242926 0.048773
v -1.215424 -0.241763 0.072571
v -1.207317 -0.240150 0.095671
v -1.197029 -0.238104 0.117849
v -1.184659 -0.235643 0.138893
v -1.170325 -0.232792 0.158598
v -1.154165 -0.229578 0.176777
v -1.136336 -0.226031 0.193253
v -1.117009 -0.222187 0.207867
v -1.096370 -0.218082 0.220480
v -1.074618 -0.213755 0.230970
v -1.051962 -0.209248 0.239235
v -1.028621 -0.204605 0.245196
v -1.004819 -0.199871 0.248796
v -0.980785 -0.195090 0.250000
v -0.956752 -0.190310 0.248796
v -0.932950 -0.185575 0.245196
v -0.909609 -0.180932 0.239235
v -0.886953 -0.176426 0.230970
v -0.865201 -0.172099 0.220480
v -0.844562 -0.167994 0.207867
v -0.825234 -0.164149 0.193253
v -0.807405 -0.160603 0.176777
v -0.791246 -0.157389 0.158598
v -0.776912 -0.154537 0.138893
v -0.764541 -0.152077 0.117849
v -0.754253 -0.150030 0.095671
v -0.746147 -0.148418 0.072571
v -0.740300 -0.147255 0.048773
v -0.736770 -0.146553 0.024504
v -0.735589 -0.146318 -0.000000
v -0.736770 -0.146553 -0.024504
v -0.740300 -0.147255 -0.048773
v -0.746147 -0.148418 -0.072571
v -0.754253 -0.150030 -0.095671
v -0.764541 -0.152077 -0.117849
v -0.776912 -0.154537 -0.138893
v -0.791246 -0.157389 -0.158598
v -0.807405 -0.160603 -0.176777
v -0.825234 -0.164149 -0.193253
v -0.844562 -0.167994 -0.207867
v -0.865201 -0.172099 -0.220480
v -0.886953 -0.176426 -0.230970
v -0.909609 -0.180932 -0.239235
v -0.932950 -0.185575 -0.245196
v -0.956752 -0.190310 -0.248796
v -0.980785 -0.195090 -0.250000
v -1.004819 -0.199871 -0.248796
v -1.028621 -0.204605 -0.245196
v -1.051962 -0.209248 -0.239235
v -1.074618 -0.213755 -0.230970
v -1.096370 -0.218082 -0.220480
v -1.117009 -0.222187 -0.207867
v -1.136336 -0.226031 -0.193253
v -1.154165 -0.229578 -0.176777
v -1.170325 -0.232792 -0.158598
v -1.184659 -0.235643 -0.138893
v -1.197029 -0.238104 -0.117849
v -1.207317 -0.240150 -0.095671
v -1.215424 -0.241763 -0.072571
v -1.221270 -0.242926 -0.048773
v -1.224801 -0.243628 -0.024504
v -1.212539 -0.303725 -0.000000
v -1.211371 -0.303433 0.024504
v -1.207879 -0.302558 0.048773
v -1.202097 -0.301110 0.072571
v -1.194079 -0.299101 0.095671
v -1.183904 -0.296553 0.117849
v -1.171669 -0.293488 0.138893
v -1.157492 -0.289937 0.158598
v -1.141510 -0.285934 0.176777
v -1.123876 -0.281517 0.193253
v -1.104761 -0.276728 0.207867
v -1.084349 -0.271615 0.220480
v -1.062835 -0.266226 0.230970
v -1.040427 -0.260614 0.239235
v -1.017342 -0.254831 0.245196
v -0.993801 -0.248934 0.248796
v -0.970031 -0.242980 0.250000
v -0.946261 -0.237026 0.248796
v -0.922720 -0.231130 0.245196
v -0.899635 -0.225347 0.239235
v -0.877227 -0.219734 0.230970
v -0.855714 -0.214345 0.220480
v -0.835301 -0.209232 0.207867
v -0.816186 -0.204444 0.193253
v -0.798552 -0.200027 0.176777
v -0.782570 -0.196024 0.158598
v -0.768393 -0.192473 0.138893
v -0.756158 -0.189408 0.117849
v -0.745983 -0.186859 0.095671
v -0.737966 -0.184851 0.072571
v -0.732183 -0.183402 0.048773
v -0.728691 -0.182528 0.024504
v -0.727523 -0.182235 -0.000000
v -0.728691 -0.182528 -0.024504
v -0.732183 -0.183402 -0.048773
v -0.737966 -0.184851 -0.072571
v -0.745983 -0.186859 -0.095671
v -0.756158 -0.189408 -0.117849
v -0.768393 -0.192473 -0.138893
v -0.782570 -0.196024 -0.158598
v -0.798552 -0.200027 -0.176777
v -0.816186 -0.204444 -0.193253
v -0.835301 -0.209232 -0.207867
v -0.855714 -0.214345 -0.220480
v -0.877227 -0.219734 -0.230970
v -0.899635 -0.225347 -0.239235
v -0.922720 -0.231130 -0.245196
v -0.946261 -0.237026 -0.248796
v -0.970031 -0.242980 -0.250000
v -0.993801 -0.248934 -0.248796
v -1.017342 -0.254831 -0.245196
v -1.040427 -0.260614 -0.239235
v -1.062835 -0.266226 -0.230970
v -1.084349 -0.271615 -0.220480
v -1.104761 -0.276728 -0.207867
v -1.123876 -0.281517 -0.193253
v -1.141510 -0.285934 -0.176777
v -1.157492 -0.289937 -0.158598
v -1.171669 -0.293488 -0.138893
v -1.183904 -0.296553 -0.117849
v -1.194079 -0.299101 -0.095671
v -1.202097 -0.301110 -0.072571
v -1.207879 -0.302558 -0.048773
v -1.211371 -0.303433 -0.024504
v -1.196176 -0.362856 -0.000000
v -1.195024 -0.362506 0.024504
v -1.191579 -0.361461 0.048773
v -1.185874 -0.359731 0.072571
v -1.177965 -0.357331 0.095671
v -1.167927 -0.354286 0.117849
v -1.155857 -0.350625 0.138893
v -1.141872 -0.346383 0.158598
v -1.126105 -0.341600 0.176777
v -1.108710 -0.336323 0.193253
v -1.089852 -0.330603 0.207867
v -1.069715 -0.324494 0.220480
v -1.048492 -0.318056 0.230970
v -1.026387 -0.311351 0.239235
v -1.003613 -0.304442 0.245196
v -0.980390 -0.297398 0.248796
v -0.956940 -0.290284 0.250000
v -0.933491 -0.283171 0.248796
v -0.910268 -0.276127 0.245196
v -0.887494 -0.269218 0.239235
v -0.865389 -0.262513 0.230970
v -0.844166 -0.256075 0.220480
v -0.824029 -0.249966 0.207867
v -0.805171 -0.244246 0.193253
v -0.787776 -0.238969 0.176777
v -0.772009 -0.234186 0.158598
v -0.758024 -0.229944 0.138893
v -0.745954 -0.226282 0.117849
v -0.735916 -0.223237 0.095671
v -0.728007 -0.220838 0.072571
v -0.722302 -0.219108 0.048773
v -0.718857 -0.218063 0.024504
v -0.717705 -0.217713 -0.000000
v -0.718857 -0.218063 -0.024504
v -0.722302 -0.219108 -0.048773
v -0.728007 -0.220838 -0.072571
v -0.735916 -0.223237 -0.095671
v -0.745954 -0.226282 -0.117849
v -0.758024 -0.229944 -0.138893
v -0.772009 -0.234186 -0.158598
v -0.787776 -0.238969 -0.176777
v -0.805171 -0.244246 -0.193253
v -0.824029 -0.249966 -0.207867
v -0.844166 -0.256075 -0.220480
v -0.865389 -0.262513 -0.230970
v -0.887494 -0.269218 -0.239235
v -0.910268 -0.276127 -0.245196
v -0.933491 -0.283171 -0.248796
v -0.956940 -0.290284 -0.250000
v -0.980390 -0.297398 -0.248796
v -1.003613 -0.304442 -0.245196
v -1.026387 -0.311351 -0.239235
v -1.048492 -0.318056 -0.230970
v -1.069715 -0.324494 -0.220480
v -1.089852 -0.330603 -0.207867
v -1.108710 -0.336323 -0.193253
v -1.126105 -0.341600 -0.176777
v -1.141872 -0.346383 -0.158598
v -1.155857 -0.350625 -0.138893
v -1.167927 -0.354286 -0.117849
v -1.177965 -0.357331 -0.095671
v -1.185874 -0.359731 -0.072571
v -1.191579 -0.361461 -0.048773
v -1.195024 -0.362506 -0.024504
v -1.176930 -0.421112 -0.000000
v -1.175797 -0.420707 0.024504
v -1.172407 -0.419494 0.048773
v -1.166794 -0.417486 0.072571
v -1.159012 -0.414701 0.095671
v -1.149136 -0.411167 0.117849
v -1.137260 -0.406918 0.138893
v -1.123500 -0.401995 0.158598
v -1.107987 -0.396444 0.176777
v -1.090871 -0.390320 0.193253
v -1.072318 -0.383681 0.207867
v -1.052504 -0.376592 0.220480
v -1.031622 -0.369120 0.230970
v -1.009873 -0.361338 0.239235
v -0.987466 -0.353321 0.245196
v -0.964616 -0.345145 0.248796
v -0.941544 -0.336890 0.250000
v -0.918472 -0.328635 0.248796
v -0.895623 -0.320459 0.245196
v -0.873215 -0.312441 0.239235
v -0.851466 -0.304659 0.230970
v -0.830584 -0.297188 0.220480
v -0.810771 -0.290098 0.207867
v -0.792217 -0.283460 0.193253
v -0.775101 -0.277336 0.176777
v -0.759588 -0.271785 0.158598
v -0.745828 -0.266861 0.138893
v -0.733952 -0.262612 0.117849
v -0.724076 -0.259078 0.095671
v -0.716294 -0.256294 0.072571
v -0.710681 -0.254286 0.048773
v -0.707292 -0.253073 0.024504
v -0.706158 -0.252667 -0.000000
v -0.707292 -0.253073 -0.024504
v -0.710681 -0.254286 -0.048773
v -0.716294 -0.256294 -0.072571
v -0.724076 -0.259078 -0.095671
v -0.733952 -0.262612 -0.117849
v -0.745828 -0.266861 -0.138893
v -0.759588 -0.271785 -0.158598
v -0.775101 -0.277336 -0.176777
v -0.792217 -0.283460 -0.193253
v -0.810771 -0.290098 -0.207867
v -0.830584 -0.297188 -0.220480
v -0.851466 -0.304659 -0.230970
v -0.873215 -0.312441 -0.239235
v -0.895623 -0.320459 -0.245196
v -0.918472 -0.328635 -0.248796
v -0.941544 -0.336890 -0.250000
v -0.964616 -0.345145 -0.248796
v -0.987466 -0.353321 -0.245196
v -1.009873 -0.361338 -0.239235
v -1.031622 -0.369120 -0.230970
v -1.052504 -0.376592 -0.220480
v -1.072318 -0.383681 -0.207867
v -1.090871 -0.390320 -0.193253
v -1.107987 -0.396444 -0.176777
v -1.123500 -0.401995 -0.158598
v -1.137260 -0.406918 -0.138893
v -1.149136 -0.411167 -0.117849
v -1.159012 -0.414701 -0.095671
v -1.166794 -0.417486 -0.072571
v -1.172407 -0.419494 -0.048773
v -1.175797 -0.420707 -0.024504
v -1.154850 -0.478354 -0.000000
v -1.153737 -0.477893 0.024504
v -1.150412 -0.476516 0.048773
v -1.144904 -0.474234 0.072571
v -1.137268 -0.471071 0.095671
v -1.127577 -0.467057 0.117849
v -1.115924 -0.462230 0.138893
v -1.102422 -0.456638 0.158598
v -1.087200 -0.450332 0.176777
v -1.070405 -0.443376 0.193253
v -1.052200 -0.435835 0.207867
v -1.032758 -0.427782 0.220480
v -1.012268 -0.419295 0.230970
v -0.990927 -0.410455 0.239235
v -0.968940 -0.401348 0.245196
v -0.946519 -0.392060 0.248796
v -0.923880 -0.382683 0.250000
v -0.901241 -0.373306 0.248796
v -0.878820 -0.364019 0.245196
v -0.856833 -0.354911 0.239235
v -0.835491 -0.346071 0.230970
v -0.815001 -0.337584 0.220480
v -0.795560 -0.329531 0.207867
v -0.777354 -0.321990 0.193253
v -0.760559 -0.315034 0.176777
v -0.745337 -0.308729 0.158598
v -0.731835 -0.303136 0.138893
v -0.720182 -0.298309 0.117849
v -0.710491 -0.294295 0.095671
v -0.702855 -0.291132 0.072571
v -0.697348 -0.288851 0.048773
v -0.694022 -0.287473 0.024504
v -0.692910 -0.287012 -0.000000
v -0.694022 -0.287473 -0.024504
v -0.697348 -0.288851 -0.048773
v -0.702855 -0.291132 -0.072571
v -0.710491 -0.294295 -0.095671
v -0.720182 -0.298309 -0.117849
v -0.731835 -0.303136 -0.138893
v -0.745337 -0.308729 -0.158598
v -0.760559 -0.315034 -0.176777
v -0.777354 -0.321990 -0.193253
v -0.795560 -0.329531 -0.207867
v -0.815001 -0.337584 -0.220480
v -0.835491 -0.346071 -0.230970
v -0.856833 -0.354911 -0.239235
v -0.878820 -0.364019 -0.245196
v -0.901241 -0.373306 -0.248796
v -0.923880 -0.382683 -0.250000
v -0.946519 -0.392060 -0.248796
v -0.968940 -0.401348 -0.245196
v -0.990927 -0.410455 -0.239235
v -1.012268 -0.419295 -0.230970
v -1.032758 -0.427782 -0.220480
v -1.052200 -0.435835 -0.207867
v -1.070405 -0.443376 -0.193253
v -1.087200 -0.450332 -0.176777
v -1.102422 -0.456638 -0.158598
v -1.115924 -0.462230 -0.138893
v -1.127577 -0.467057 -0.117849
v -1.137268 -0.471071 -0.095671
v -1.144904 -0.474234 -0.072571
v -1.150412 -0.476516 -0.048773
v -1.153737 -0.477893 -0.024504
v -1.129987 -0.534444 -0.000000
v -1.128899 -0.533929 0.024504
v -1.125644 -0.532390 0.048773
v -1.120255 -0.529841 0.072571
v -1.112784 -0.526307 0.095671
v -1.103301 -0.521822 0.117849
v -1.091899 -0.516430 0.138893
v -1.078688 -0.510181 0.158598
v -1.063794 -0.503137 0.176777
v -1.047361 -0.495364 0.193253
v -1.029547 -0.486939 0.207867
v -1.010524 -0.477942 0.220480
v -0.990475 -0.468459 0.230970
v -0.969593 -0.458583 0.239235
v -0.948079 -0.448408 0.245196
v -0.926141 -0.438032 0.248796
v -0.903989 -0.427555 0.250000
v -0.881838 -0.417078 0.248796
v -0.859900 -0.406702 0.245196
v -0.838386 -0.396527 0.239235
v -0.817504 -0.386650 0.230970
v -0.797455 -0.377168 0.220480
v -0.778432 -0.368171 0.207867
v -0.760618 -0.359745 0.193253
v -0.744185 -0.351973 0.176777
v -0.729291 -0.344929 0.158598
v -0.716080 -0.338680 0.138893
v -0.704678 -0.333287 0.117849
v -0.695195 -0.328803 0.095671
v -0.687723 -0.325269 0.072571
v -0.682335 -0.322720 0.048773
v -0.679080 -0.321181 0.024504
v -0.677992 -0.320666 -0.000000
v -0.679080 -0.321181 -0.024504
v -0.682335 -0.322720 -0.048773
v -0.687723 -0.325269 -0.072571
v -0.695195 -0.328803 -0.095671
v -0.704678 -0.333287 -0.117849
v -0.716080 -0.338680 -0.138893
v -0.729291 -0.344929 -0.158598
v -0.744185 -0.351973 -0.176777
v -0.760618 -0.359745 -0.193253
v -0.778432 -0.368171 -0.207867
v -0.797455 -0.377168 -0.220480
v -0.817504 -0.386650 -0.230970
v -0.838386 -0.396527 -0.239235
v -0.859900 -0.406702 -0.245196
v -0.881838 -0.417078 -0.248796
v -0.903989 -0.427555 -0.250000
v -0.926141 -0.438032 -0.248796
v -0.948079 -0.448408 -0.245196
v -0.969593 -0.458583 -0.239235
v -0.990475 -0.468459 -0.230970
v -1.010524 -0.477942 -0.220480
v -1.029547 -0.486939 -0.207867
v -1.047361 -0.495364 -0.193253
v -1.063794 -0.503137 -0.176777
v -1.078688 -0.510181 -0.158598
v -1.091899 -0.516430 -0.138893
v -1.103301 -0.521822 -0.117849
v -1.112784 -0.526307 -0.095671
v -1.120255 -0.529841 -0.072571
v -1.125644 -0.532390 -0.048773
v -1.128899 -0.533929 -0.024504
v -1.102402 -0.589246 -0.000000
v -1.101340 -0.588678 0.024504
v -1.098165 -0.586981 0.048773
v -1.092908 -0.584171 0.072571
v -1.085619 -0.580275 0.095671
v -1.076368 -0.575330 0.117849
v -1.065244 -0.569385 0.138893
v -1.052355 -0.562495 0.158598
v -1.037824 -0.554729 0.176777
v -1.021793 -0.546159 0.193253
v -1.004414 -0.536870 0.207867
v -0.985855 -0.526950 0.220480
v -0.966295 -0.516496 0.230970
v -0.945923 -0.505606 0.239235
v -0.924935 -0.494388 0.245196
v -0.903532 -0.482948 0.248796
v -0.881921 -0.471397 0.250000
v -0.860310 -0.459845 0.248796
v -0.838908 -0.448405 0.245196
v -0.817919 -0.437187 0.239235
v -0.797547 -0.426298 0.230970
v -0.777988 -0.415843 0.220480
v -0.759429 -0.405923 0.207867
v -0.742050 -0.396634 0.193253
v -0.726018 -0.388065 0.176777
v -0.711488 -0.380298 0.158598
v -0.698599 -0.373409 0.138893
v -0.687475 -0.367463 0.117849
v -0.678224 -0.362518 0.095671
v -0.670935 -0.358622 0.072571
v -0.665677 -0.355812 0.048773
v -0.662503 -0.354115 0.024504
v -0.661441 -0.353547 -0.000000
v -0.662503 -0.354115 -0.024504
v -0.665677 -0.355812 -0.048773
v -0.670935 -0.358622 -0.072571
v -0.678224 -0.362518 -0.095671
v -0.687475 -0.367463 -0.117849
v -0.698599 -0.373409 -0.138893
v -0.711488 -0.380298 -0.158598
v -0.726018 -0.388065 -0.176777
v -0.742050 -0.396634 -0.193253
v -0.759429 -0.405923 -0.207867
v -0.777988 -0.415843 -0.220480
v -0.797547 -0.426298 -0.230970
v -0.817919 -0.437187 -0.239235
v -0.838908 -0.448405 -0.245196
v -0.860310 -0.459845 -0.248796
v -0.881921 -0.471397 -0.250000
v -0.903532 -0.482948 -0.248796
v -0.924935 -0.494388 -0.245196
v -0.945923 -0.505606 -0.239235
v -0.966295 -0.516496 -0.230970
v -0.985855 -0.526950 -0.220480
v -1.004414 -0.536870 -0.207867
v -1.021793 -0.546159 -0.193253
v -1.037824 -0.554729 -0.176777
v -1.052355 -0.562495 -0.158598
v -1.065244 -0.569385 -0.138893
v -1.076368 -0.575330 -0.117849
v -1.085619 -0.580275 -0.095671
v -1.092908 -0.584171 -0.072571
v -1.098165 -0.586981 -0.048773
v -1.101340 -0.588678 -0.024504
v -1.072161 -0.642628 -0.000000
v -1.071128 -0.642010 0.024504
v -1.068040 -0.640159 0.048773
v -1.062927 -0.637094 0.072571
v -1.055838 -0.632845 0.095671
v -1.046841 -0.627452 0.117849
v -1.036022 -0.620968 0.138893
v -1.023487 -0.613454 0.158598
v -1.009355 -0.604984 0.176777
v -0.993763 -0.595639 0.193253
v -0.976861 -0.585508 0.207867
v -0.958811 -0.574689 0.220480
v -0.939788 -0.563287 0.230970
v -0.919975 -0.551412 0.239235
v -0.899562 -0.539177 0.245196
v -0.878747 -0.526700 0.248796
v -0.857729 -0.514103 0.250000
v -0.836711 -0.501505 0.248796
v -0.815895 -0.489029 0.245196
v -0.795482 -0.476794 0.239235
v -0.775669 -0.464918 0.230970
v -0.756646 -0.453516 0.220480
v -0.738596 -0.442698 0.207867
v -0.721694 -0.432567 0.193253
v -0.706102 -0.423221 0.176777
v -0.691970 -0.414751 0.158598
v -0.679435 -0.407238 0.138893
v -0.668616 -0.400753 0.117849
v -0.659619 -0.395360 0.095671
v -0.652530 -0.391111 0.072571
v -0.647417 -0.388047 0.048773
v -0.644329 -0.386196 0.024504
v -0.643296 -0.385577 -0.000000
v -0.644329 -0.386196 -0.024504
v -0.647417 -0.388047 -0.048773
v -0.652530 -0.391111 -0.072571
v -0.659619 -0.395360 -0.095671
v -0.668616 -0.400753 -0.117849
v -0.679435 -0.407238 -0.138893
v -0.691970 -0.414751 -0.158598
v -0.706102 -0.423221 -0.176777
v -0.721694 -0.432567 -0.193253
v -0.738596 -0.442698 -0.207867
v -0.756646 -0.453516 -0.220480
v -0.775669 -0.464918 -0.230970
v -0.795482 -0.476794 -0.239235
v -0.815895 -0.489029 -0.245196
v -0.836711 -0.501505 -0.248796
v -0.857729 -0.514103 -0.250000
v -0.878747 -0.526700 -0.248796
v -0.899562 -0.539177 -0.245196
v -0.919975 -0.551412 -0.239235
v -0.939788 -0.563287 -0.230970
v -0.958811 -0.574689 -0.220480
v -0.976861 -0.585508 -0.207867
v -0.993763 -0.595639 -0.193253
v -1.009355 -0.604984 -0.176777
v -1.023487 -0.613454 -0.158598
v -1.036022 -0.620968 -0.138893
v -1.046841 -0.627452 -0.117849
v -1.055838 -0.632845 -0.095671
v -1.062927 -0.637094 -0.072571
v -1.068040 -0.640159 -0.048773
v -1.071128 -0.642010 -0.024504
v -1.039337 -0.694463 -0.000000
v -1.038336 -0.693794 0.024504
v -1.035343 -0.691794 0.048773
v -1.030386 -0.688482 0.072571
v -1.023514 -0.683890 0.095671
v -1.014792 -0.678063 0.117849
v -1.004305 -0.671055 0.138893
v -0.992153 -0.662936 0.158598
v -0.978454 -0.653782 0.176777
v -0.963339 -0.643683 0.193253
v -0.946954 -0.632735 0.207867
v -0.929458 -0.621044 0.220480
v -0.911017 -0.608722 0.230970
v -0.891810 -0.595889 0.239235
v -0.872022 -0.582667 0.245196
v -0.851844 -0.569184 0.248796
v -0.831470 -0.555570 0.250000
v -0.811095 -0.541956 0.248796
v -0.790917 -0.528474 0.245196
v -0.771129 -0.515252 0.239235
v -0.751922 -0.502418 0.230970
v -0.733482 -0.490097 0.220480
v -0.715985 -0.478406 0.207867
v -0.699600 -0.467458 0.193253
v -0.684485 -0.457358 0.176777
v -0.670786 -0.448205 0.158598
v -0.658634 -0.440085 0.138893
v -0.648147 -0.433078 0.117849
v -0.639425 -0.427250 0.095671
v -0.632553 -0.422658 0.072571
v -0.627596 -0.419347 0.048773
v -0.624603 -0.417347 0.024504
v -0.623602 -0.416678 -0.000000
v -0.624603 -0.417347 -0.024504
v -0.627596 -0.419347 -0.048773
v -0.632553 -0.422658 -0.072571
v -0.639425 -0.427250 -0.095671
v -0.648147 -0.433078 -0.117849
v -0.658634 -0.440085 -0.138893
v -0.670786 -0.448205 -0.158598
v -0.684485 -0.457358 -0.176777
v -0.699600 -0.467458 -0.193253
v -0.715985 -0.478406 -0.207867
v -0.733482 -0.490097 -0.220480
v -0.751922 -0.502418 -0.230970
v -0.771129 -0.515252 -0.239235
v -0.790917 -0.528474 -0.245196
v -0.811095 -0.541956 -0.248796
v -0.831470 -0.555570 -0.250000
v -0.851844 -0.569184 -0.248796
v -0.872022 -0.582667 -0.245196
v -0.891810 -0.595889 -0.239235
v -0.911017 -0.608722 -0.230970
v -0.929458 -0.621044 -0.220480
v -0.946954 -0.632735 -0.207867
v -0.963339 -0.643683 -0.193253
v -0.978454 -0.653782 -0.176777
v -0.992153 -0.662936 -0.158598
v -1.004305 -0.671055 -0.138893
v -1.014792 -0.678063 -0.117849
v -1.023514 -0.683890 -0.095671
v -1.030386 -0.688482 -0.072571
v -1.035343 -0.691794 -0.048773
v -1.038336 -0.693794 -0.024504
v -1.004009 -0.744624 -0.000000
v -1.003043 -0.743907 0.024504
v -1.000151 -0.741762 0.048773
v -0.995363 -0.738211 0.072571
v -0.988724 -0.733288 0.095671
v -0.980299 -0.727039 0.117849
v -0.970168 -0.719526 0.138893
v -0.958430 -0.710820 0.158598
v -0.945196 -0.701005 0.176777
v -0.930595 -0.690176 0.193253
v -0.914767 -0.678437 0.207867
v -0.897865 -0.665902 0.220480
v -0.880051 -0.652690 0.230970
v -0.861497 -0.638930 0.239235
v -0.842382 -0.624753 0.245196
v -0.822890 -0.610296 0.248796
v -0.803208 -0.595699 0.250000
v -0.783526 -0.581102 0.248796
v -0.764033 -0.566645 0.245196
v -0.744918 -0.552469 0.239235
v -0.726364 -0.538708 0.230970
v -0.708550 -0.525496 0.220480
v -0.691648 -0.512961 0.207867
v -0.675820 -0.501222 0.193253
v -0.661219 -0.490393 0.176777
v -0.647986 -0.480579 0.158598
v -0.636247 -0.471873 0.138893
v -0.626116 -0.464359 0.117849
v -0.617691 -0.458111 0.095671
v -0.611052 -0.453187 0.072571
v -0.606264 -0.449636 0.048773
v -0.603373 -0.447491 0.024504
v -0.602406 -0.446774 -0.000000
v -0.603373 -0.447491 -0.024504
v -0.606264 -0.449636 -0.048773
v -0.611052 -0.453187 -0.072571
v -0.617691 -0.458111 -0.095671
v -0.626116 -0.464359 -0.117849
v -0.636247 -0.471873 -0.138893
v -0.647986 -0.480579 -0.158598
v -0.661219 -0.490393 -0.176777
v -0.675820 -0.501222 -0.193253
v -0.691648 -0.512961 -0.207867
v -0.708550 -0.525496 -0.220480
v -0.726364 -0.538708 -0.230970
v -0.744918 -0.552469 -0.239235
v -0.764033 -0.566645 -0.245196
v -0.783526 -0.581102 -0.248796
v -0.803208 -0.595699 -0.250000
v -0.822890 -0.610296 -0.248796
v -0.842382 -0.624753 -0.245196
v -0.861497 -0.638930 -0.239235
v -0.880051 -0.652690 -0.230970
v -0.897865 -0.665902 -0.220480
v -0.914767 -0.678437 -0.207867
v -0.930595 -0.690176 -0.193253
v -0.945196 -0.701005 -0.176777
v -0.958430 -0.710820 -0.158598
v -0.970168 -0.719526 -0.138893
v -0.980299 -0.727039 -0.117849
v -0.988724 -0.733288 -0.095671
v -0.995363 -0.738211 -0.072571
v -1.000151 -0.741762 -0.048773
v -1.003043 -0.743907 -0.024504
v -0.966263 -0.792991 -0.000000
v -0.965333 -0.792227 0.024504
v -0.962550 -0.789944 0.048773
v -0.957942 -0.786162 0.072571
v -0.951553 -0.780919 0.095671
v -0.943444 -0.774264 0.117849
v -0.933695 -0.766262 0.138893
v -0.922397 -0.756991 0.158598
v -0.909661 -0.746539 0.176777
v -0.895609 -0.735007 0.193253
v -0.880376 -0.722505 0.207867
v -0.864110 -0.709156 0.220480
v -0.846965 -0.695086 0.230970
v -0.829109 -0.680431 0.239235
v -0.810713 -0.665334 0.245196
v -0.791953 -0.649938 0.248796
v -0.773011 -0.634393 0.250000
v -0.754069 -0.618847 0.248796
v -0.735309 -0.603452 0.245196
v -0.716913 -0.588354 0.239235
v -0.699056 -0.573700 0.230970
v -0.681912 -0.559630 0.220480
v -0.665645 -0.546280 0.207867
v -0.650413 -0.533779 0.193253
v -0.636360 -0.522247 0.176777
v -0.623624 -0.511795 0.158598
v -0.612327 -0.502523 0.138893
v -0.602577 -0.494522 0.117849
v -0.594469 -0.487867 0.095671
v -0.588079 -0.482624 0.072571
v -0.583471 -0.478842 0.048773
v -0.580689 -0.476558 0.024504
v -0.579758 -0.475795 -0.000000
v -0.580689 -0.476558 -0.024504
v -0.583471 -0.478842 -0.048773
v -0.588079 -0.482624 -0.072571
v -0.594469 -0.487867 -0.095671
v -0.602577 -0.494522 -0.117849
v -0.612327 -0.502523 -0.138893
v -0.623624 -0.511795 -0.158598
v -0.636360 -0.522247 -0.176777
v -0.650413 -0.533779 -0.193253
v -0.665645 -0.546280 -0.207867
v -0.681912 -0.559630 -0.220480
v -0.699056 -0.573700 -0.230970
v -0.716913 -0.588354 -0.239235
v -0.735309 -0.603452 -0.245196
v -0.754069 -0.618847 -0.248796
v -0.773011 -0.634393 -0.250000
v -0.791953 -0.649938 -0.248796
v -0.810713 -0.665334 -0.245196
v -0.829109 -0.680431 -0.239235
v -0.846965 -0.695086 -0.230970
v -0.864110 -0.709156 -0.220480
v -0.880376 -0.722505 -0.207867
v -0.895609 -0.735007 -0.193253
v -0.909661 -0.746539 -0.176777
v -0.922397 -0.756991 -0.158598
v -0.933695 -0.766262 -0.138893
v -0.943444 -0.774264 -0.117849
v -0.951553 -0.780919 -0.095671
v -0.957942 -0.786162 -0.072571
v -0.962550 -0.789944 -0.048773
v -0.965333 -0.792227 -0.024504
v -0.926189 -0.839448 -0.000000
v -0.925297 -0.838640 0.024504
v -0.922630 -0.836222 0.048773
v -0.918213 -0.832219 0.072571
v -0.912089 -0.826669 0.095671
v -0.904317 -0.819624 0.117849
v -0.894971 -0.811154 0.138893
v -0.884142 -0.801339 0.158598
v -0.871934 -0.790275 0.176777
v -0.858465 -0.778067 0.193253
v -0.843864 -0.764833 0.207867
v -0.828272 -0.750701 0.220480
v -0.811839 -0.735807 0.230970
v -0.794723 -0.720294 0.239235
v -0.777089 -0.704312 0.245196
v -0.759108 -0.688015 0.248796
v -0.740951 -0.671559 0.250000
v -0.722795 -0.655103 0.248796
v -0.704813 -0.638805 0.245196
v -0.687180 -0.622823 0.239235
v -0.670064 -0.607310 0.230970
v -0.653631 -0.592416 0.220480
v -0.638039 -0.578284 0.207867
v -0.623438 -0.565051 0.193253
v -0.609968 -0.552843 0.176777
v -0.597761 -0.541778 0.158598
v -0.586932 -0.531964 0.138893
v -0.577586 -0.523493 0.117849
v -0.569814 -0.516449 0.095671
v -0.563690 -0.510898 0.072571
v -0.559273 -0.506895 0.048773
v -0.556606 -0.504477 0.024504
v -0.555714 -0.503669 -0.000000
v -0.556606 -0.504477 -0.024504
v -0.559273 -0.506895 -0.048773
v -0.563690 -0.510898 -0.072571
v -0.569814 -0.516449 -0.095671
v -0.577586 -0.523493 -0.117849
v -0.586932 -0.531964 -0.138893
v -0.597761 -0.541778 -0.158598
v -0.609968 -0.552843 -0.176777
v -0.623438 -0.565051 -0.193253
v -0.638039 -0.578284 -0.207867
v -0.653631 -0.592416 -0.220480
v -0.670064 -0.607310 -0.230970
v -0.687180 -0.622823 -0.239235
v -0.704813 -0.638805 -0.245196
v -0.722795 -0.655103 -0.248796
v -0.740951 -0.671559 -0.250000
v -0.759108 -0.688015 -0.248796
v -0.777089 -0.704312 -0.245196
v -0.794723 -0.720294 -0.239235
v -0.811839 -0.735807 -0.230970
v -0.828272 -0.750701 -0.220480
v -0.843864 -0.764833 -0.207867
v -0.858465 -0.778067 -0.193253
v -0.871934 -0.790275 -0.176777
v -0.884142 -0.801339 -0.158598
v -0.894971 -0.811154 -0.138893
v -0.904317 -0.819624 -0.117849
v -0.912089 -0.826669 -0.095671
v -0.918213 -0.832219 -0.072571
v -0.922630 -0.836222 -0.048773
v -0.925297 -0.838640 -0.024504
v -0.883884 -0.883883 -0.000000
v -0.883033 -0.883032 0.024504
v -0.880487 -0.880487 0.048773
v -0.876272 -0.876271 0.072571
v -0.870427 -0.870427 0.095671
v -0.863010 -0.863010 0.117849
v -0.854091 -0.854091 0.138893
v -0.843757 -0.843757 0.158598
v -0.832107 -0.832107 0.176777
v -0.819253 -0.819252 0.193253
v -0.805319 -0.805318 0.207867
v -0.790439 -0.790439 0.220480
v -0.774756 -0.774756 0.230970
v -0.758422 -0.758422 0.239235
v -0.741594 -0.741594 0.245196
v -0.724434 -0.724434 0.248796
v -0.707107 -0.707107 0.250000
v -0.689780 -0.689779 0.248796
v -0.672620 -0.672619 0.245196
v -0.655791 -0.655791 0.239235
v -0.639457 -0.639457 0.230970
v -0.623775 -0.623775 0.220480
v -0.608895 -0.608895 0.207867
v -0.594961 -0.594961 0.193253
v -0.582107 -0.582107 0.176777
v -0.570457 -0.570456 0.158598
v -0.560122 -0.560122 0.138893
v -0.551204 -0.551203 0.117849
v -0.543787 -0.543786 0.095671
v -0.537942 -0.537942 0.072571
v -0.533727 -0.533727 0.048773
v -0.531181 -0.531181 0.024504
v -0.530330 -0.530330 -0.000000
v -0.531181 -0.531181 -0.024504
v -0.533727 -0.533727 -0.048773
v -0.537942 -0.537942 -0.072571
v -0.543787 -0.543786 -0.095671
v -0.551204 -0.551203 -0.117849
v -0.560122 -0.560122 -0.138893
v -0.570457 -0.570456 -0.158598
v -0.582107 -0.582107 -0.176777
v -0.594961 -0.594961 -0.193253
v -0.608895 -0.608895 -0.207867
v -0.623775 -0.623775 -0.220480
v -0.639457 -0.639457 -0.230970
v -0.655791 -0.655791 -0.239235
v -0.672620 -0.672619 -0.245196
v -0.689780 -0.689779 -0.248796
v -0.707107 -0.707107 -0.250000
v -0.724434 -0.724434 -0.248796
v -0.741594 -0.741594 -0.245196
v -0.758422 -0.758422 -0.239235
v -0.774756 -0.774756 -0.230970
v -0.790439 -0.790439 -0.220480
v -0.805319 -0.805318 -0.207867
v -0.819253 -0.819252 -0.193253
v -0.832107 -0.832107 -0.176777
v -0.843757 -0.843757 -0.158598
v -0.854091 -0.854091 -0.138893
v -0.863010 -0.863010 -0.117849
v -0.870427 -0.870427 -0.095671
v -0.876272 -0.876271 -0.072571
v -0.880487 -0.880487 -0.048773
v -0.883033 -0.883032 -0.024504
v -0.839449 -0.926189 -0.000000
v -0.838640 -0.925297 0.024504
v -0.836223 -0.922630 0.048773
v -0.832219 -0.918213 0.072571
v -0.826669 -0.912088 0.095671
v -0.819625 -0.904316 0.117849
v -0.811154 -0.894971 0.138893
v -0.801340 -0.884142 0.158598
v -0.790275 -0.871934 0.176777
v -0.778067 -0.858465 0.193253
v -0.764834 -0.843864 0.207867
v -0.750702 -0.828272 0.220480
v -0.735808 -0.811838 0.230970
v -0.720295 -0.794723 0.239235
v -0.704313 -0.777089 0.245196
v -0.688015 -0.759108 0.248796
v -0.671559 -0.740951 0.250000
v -0.655103 -0.722795 0.248796
v -0.638805 -0.704813 0.245196
v -0.622823 -0.687179 0.239235
v -0.607310 -0.670064 0.230970
v -0.592416 -0.653631 0.220480
v -0.578285 -0.638039 0.207867
v -0.565051 -0.623437 0.193253
v -0.552843 -0.609968 0.176777
v -0.541779 -0.597760 0.158598
v -0.531964 -0.586932 0.138893
v -0.523493 -0.577586 0.117849
v -0.516449 -0.569814 0.095671
v -0.510899 -0.563690 0.072571
v -0.506895 -0.559273 0.048773
v -0.504478 -0.556605 0.024504
v -0.503669 -0.555713 -0.000000
v -0.504478 -0.556605 -0.024504
v -0.506895 -0.559273 -0.048773
v -0.510899 -0.563690 -0.072571
v -0.516449 -0.569814 -0.095671
v -0.523493 -0.577586 -0.117849
v -0.531964 -0.586932 -0.138893
v -0.541779 -0.597760 -0.158598
v -0.552843 -0.609968 -0.176777
v -0.565051 -0.623437 -0.193253
v -0.578285 -0.638039 -0.207867
v -0.592416 -0.653631 -0.220480
v -0.607310 -0.670064 -0.230970
v -0.622823 -0.687179 -0.239235
v -0.638805 -0.704813 -0.245196
v -0.655103 -0.722795 -0.248796
v -0.671559 -0.740951 -0.250000
v -0.688015 -0.759108 -0.248796
v -0.704313 -0.777089 -0.245196
v -0.720295 -0.794723 -0.239235
v -0.735808 -0.811838 -0.230970
v -0.750702 -0.828272 -0.220480
v -0.764834 -0.843864 -0.207867
v -0.778067 -0.858465 -0.193253
v -0.790275 -0.871934 -0.176777
v -0.801340 -0.884142 -0.158598
v -0.811154 -0.894971 -0.138893
v -0.819625 -0.904316 -0.117849
v -0.826669 -0.912088 -0.095671
v -0.832219 -0.918213 -0.072571
v -0.836223 -0.922630 -0.048773
v -0.838640 -0.925297 -0.024504
v -0.792992 -0.966263 -0.000000
v -0.792228 -0.965333 0.024504
v -0.789944 -0.962550 0.048773
v -0.786162 -0.957942 0.072571
v -0.780919 -0.951553 0.095671
v -0.774265 -0.943444 0.117849
v -0.766263 -0.933694 0.138893
v -0.756991 -0.922397 0.158598
v -0.746539 -0.909661 0.176777
v -0.735007 -0.895609 0.193253
v -0.722506 -0.880376 0.207867
v -0.709156 -0.864109 0.220480
v -0.695086 -0.846965 0.230970
v -0.680432 -0.829109 0.239235
v -0.665334 -0.810712 0.245196
v -0.649939 -0.791953 0.248796
v -0.634393 -0.773010 0.250000
v -0.618848 -0.754068 0.248796
v -0.603452 -0.735309 0.245196
v -0.588355 -0.716912 0.239235
v -0.573700 -0.699056 0.230970
v -0.559631 -0.681912 0.220480
v -0.546281 -0.665645 0.207867
v -0.533780 -0.650412 0.193253
v -0.522247 -0.636360 0.176777
v -0.511795 -0.623624 0.158598
v -0.502524 -0.612327 0.138893
v -0.494522 -0.602577 0.117849
v -0.487868 -0.594468 0.095671
v -0.482624 -0.588079 0.072571
v -0.478842 -0.583471 0.048773
v -0.476559 -0.580688 0.024504
v -0.475795 -0.579758 -0.000000
v -0.476559 -0.580688 -0.024504
v -0.478842 -0.583471 -0.048773
v -0.482624 -0.588079 -0.072571
v -0.487868 -0.594468 -0.095671
v -0.494522 -0.602577 -0.117849
v -0.502524 -0.612327 -0.138893
v -0.511795 -0.623624 -0.158598
v -0.522247 -0.636360 -0.176777
v -0.533780 -0.650412 -0.193253
v -0.546281 -0.665645 -0.207867
v -0.559631 -0.681912 -0.220480
v -0.573700 -0.699056 -0.230970
v -0.588355 -0.716912 -0.239235
v -0.603452 -0.735309 -0.245196
v -0.618848 -0.754068 -0.248796
v -0.634393 -0.773010 -0.250000
v -0.649939 -0.791953 -0.248796
v -0.665334 -0.810712 -0.245196
v -0.680432 -0.829109 -0.239235
v -0.695086 -0.846965 -0.230970
v -0.709156 -0.864109 -0.220480
v -0.722506 -0.880376 -0.207867
v -0.735007 -0.895609 -0.193253
v -0.746539 -0.909661 -0.176777
v -0.756991 -0.922397 -0.158598
v -0.766263 -0.933694 -0.138893
v -0.774265 -0.943444 -0.117849
v -0.780919 -0.951553 -0.095671
v -0.786162 -0.957942 -0.072571
v -0.789944 -0.962550 -0.048773
v -0.792228 -0.965333 -0.024504
v -0.744624 -1.004009 -0.000000
v -0.743907 -1.003043 0.024504
v -0.741762 -1.000151 0.048773
v -0.738211 -0.995363 0.072571
v -0.733288 -0.988724 0.095671
v -0.727039 -0.980299 0.117849
v -0.719526 -0.970168 0.138893
v -0.710820 -0.958430 0.158598
v -0.701005 -0.945196 0.176777
v -0.690176 -0.930595 0.193253
v -0.678437 -0.914767 0.207867
v -0.665902 -0.897865 0.220480
v -0.652690 -0.880051 0.230970
v -0.638930 -0.861497 0.239235
v -0.624753 -0.842382 0.245196
v -0.610296 -0.822890 0.248796
v -0.595699 -0.803208 0.250000
v -0.581102 -0.783526 0.248796
v -0.566645 -0.764033 0.245196
v -0.552469 -0.744918 0.239235
v -0.538708 -0.726364 0.230970
v -0.525497 -0.708550 0.220480
v -0.512961 -0.691648 0.207867
v -0.501222 -0.675820 0.193253
v -0.490393 -0.661219 0.176777
v -0.480579 -0.647986 0.158598
v -0.471873 -0.636247 0.138893
v -0.464359 -0.626116 0.117849
v -0.458111 -0.617691 0.095671
v -0.453187 -0.611052 0.072571
v -0.449636 -0.606264 0.048773
v -0.447492 -0.603373 0.024504
v -0.446774 -0.602406 -0.000000
v -0.447492 -0.603373 -0.024504
v -0.449636 -0.606264 -0.048773
v -0.453187 -0.611052 -0.072571
v -0.458111 -0.617691 -0.095671
v -0.464359 -0.626116 -0.117849
v -0.471873 -0.636247 -0.138893
v -0.480579 -0.647986 -0.158598
v -0.490393 -0.661219 -0.176777
v -0.501222 -0.675820 -0.193253
v -0.512961 -0.691648 -0.207867
v -0.525497 -0.708550 -0.220480
v -0.538708 -0.726364 -0.230970
v -0.552469 -0.744918 -0.239235
v -0.566645 -0.764033 -0.245196
v -0.581102 -0.783526 -0.248796
v -0.595699 -0.803208 -0.250000
v -0.610296 -0.822890 -0.248796
v -0.624753 -0.842382 -0.245196
v -0.638930 -0.861497 -0.239235
v -0.652690 -0.880051 -0.230970
v -0.665902 -0.897865 -0.220480
v -0.678437 -0.914767 -0.207867
v -0.690176 -0.930595 -0.193253
v -0.701005 -0.945196 -0.176777
v -0.710820 -0.958430 -0.158598
v -0.719526 -0.970168 -0.138893
v -0.727039 -0.980299 -0.117849
v -0.733288 -0.988724 -0.095671
v -0.738211 -0.995363 -0.072571
v -0.741762 -1.000151 -0.048773
v -0.743907 -1.003043 -0.024504
v -0.694463 -1.039337 -0.000000
v -0.693795 -1.038336 0.024504
v -0.691795 -1.035342 0.048773
v -0.688483 -1.030386 0.072571
v -0.683891 -1.023514 0.095671
v -0.678063 -1.014792 0.117849
v -0.671056 -1.004305 0.138893
v -0.662936 -0.992153 0.158598
v -0.653783 -0.978454 0.176777
v -0.643683 -0.963339 0.193253
v -0.632735 -0.946954 0.207867
v -0.621044 -0.929457 0.220480
v -0.608723 -0.911017 0.230970
v -0.595889 -0.891810 0.239235
v -0.582667 -0.872022 0.245196
v -0.569185 -0.851844 0.248796
v -0.555571 -0.831469 0.250000
v -0.541957 -0.811095 0.248796
v -0.528474 -0.790916 0.245196
v -0.515252 -0.771129 0.239235
v -0.502419 -0.751922 0.230970
v -0.490097 -0.733481 0.220480
v -0.478406 -0.715984 0.207867
v -0.467458 -0.699600 0.193253
v -0.457359 -0.684485 0.176777
v -0.448205 -0.670786 0.158598
v -0.440086 -0.658634 0.138893
v -0.433078 -0.648147 0.117849
v -0.427251 -0.639425 0.095671
v -0.422659 -0.632553 0.072571
v -0.419347 -0.627596 0.048773
v -0.417347 -0.624603 0.024504
v -0.416678 -0.623602 -0.000000
v -0.417347 -0.624603 -0.024504
v -0.419347 -0.627596 -0.048773
v -0.422659 -0.632553 -0.072571
v -0.427251 -0.639425 -0.095671
v -0.433078 -0.648147 -0.117849
v -0.440086 -0.658634 -0.138893
v -0.448205 -0.670786 -0.158598
v -0.457359 -0.684485 -0.176777
v -0.467458 -0.699600 -0.193253
v -0.478406 -0.715984 -0.207867
v -0.490097 -0.733481 -0.220480
v -0.502419 -0.751922 -0.230970
v -0.515252 -0.771129 -0.239235
v -0.528474 -0.790916 -0.245196
v -0.541957 -0.811095 -0.248796
v -0.555571 -0.831469 -0.250000
v -0.569185 -0.851844 -0.248796
v -0.582667 -0.872022 -0.245196
v -0.595889 -0.891810 -0.239235
v -0.608723 -0.911017 -0.230970
v -0.621044 -0.929457 -0.220480
v -0.632735 -0.946954 -0.207867
v -0.643683 -0.963339 -0.193253
v -0.653783 -0.978454 -0.176777
v -0.662936 -0.992153 -0.158598
v -0.671056 -1.004305 -0.138893
v -0.678063 -1.014792 -0.117849
v -0.683891 -1.023514 -0.095671
v -0.688483 -1.030386 -0.072571
v -0.691795 -1.035342 -0.048773
v -0.693795 -1.038336 -0.024504
v -0.642629 -1.072160 -0.000000
v -0.642010 -1.071128 0.024504
v -0.640159 -1.068040 0.048773
v -0.637095 -1.062927 0.072571
v -0.632846 -1.055838 0.095671
v -0.627453 -1.046841 0.117849
v -0.620968 -1.036022 0.138893
v -0.613455 -1.023487 0.158598
v -0.604985 -1.009355 0.176777
v -0.595639 -0.993763 0.193253
v -0.585508 -0.976860 0.207867
v -0.574690 -0.958811 0.220480
v -0.563288 -0.939788 0.230970
v -0.551412 -0.919975 0.239235
v -0.539177 -0.899562 0.245196
v -0.526701 -0.878746 0.248796
v -0.514103 -0.857728 0.250000
v -0.501505 -0.836710 0.248796
v -0.489029 -0.815895 0.245196
v -0.476794 -0.795482 0.239235
v -0.464918 -0.775669 0.230970
v -0.453517 -0.756646 0.220480
v -0.442698 -0.738596 0.207867
v -0.432567 -0.721694 0.193253
v -0.423222 -0.706102 0.176777
v -0.414751 -0.691970 0.158598
v -0.407238 -0.679435 0.138893
v -0.400754 -0.668616 0.117849
v -0.395361 -0.659619 0.095671
v -0.391112 -0.652530 0.072571
v -0.388047 -0.647417 0.048773
v -0.386196 -0.644329 0.024504
v -0.385577 -0.643296 -0.000000
v -0.386196 -0.644329 -0.024504
v -0.388047 -0.647417 -0.048773
v -0.391112 -0.652530 -0.072571
v -0.395361 -0.659619 -0.095671
v -0.400754 -0.668616 -0.117849
v -0.407238 -0.679435 -0.138893
v -0.414751 -0.691970 -0.158598
v -0.423222 -0.706102 -0.176777
v -0.432567 -0.721694 -0.193253
v -0.442698 -0.738596 -0.207867
v -0.453517 -0.756646 -0.220480
v -0.464918 -0.775669 -0.230970
v -0.476794 -0.795482 -0.239235
v -0.489029 -0.815895 -0.245196
v -0.501505 -0.836710 -0.248796
v -0.514103 -0.857728 -0.250000
v -0.526701 -0.878746 -0.248796
v -0.539177 -0.899562 -0.245196
v -0.551412 -0.919975 -0.239235
v -0.563288 -0.939788 -0.230970
v -0.574690 -0.958811 -0.220480
v -0.585508 -0.976860 -0.207867
v -0.595639 -0.993763 -0.193253
v -0.604985 -1.009355 -0.176777
v -0.613455 -1.023487 -0.158598
v -0.620968 -1.036022 -0.138893
v -0.627453 -1.046841 -0.117849
v -0.632846 -1.055838 -0.095671
v -0.637095 -1.062927 -0.072571
v -0.640159 -1.068040 -0.048773
v -0.642010 -1.071128 -0.024504
v -0.589246 -1.102401 -0.000000
v -0.588679 -1.101340 0.024504
v -0.586982 -1.098165 0.048773
v -0.584172 -1.092908 0.072571
v -0.580276 -1.085618 0.095671
v -0.575331 -1.076367 0.117849
v -0.569385 -1.065244 0.138893
v -0.562496 -1.052355 0.158598
v -0.554729 -1.037824 0.176777
v -0.546160 -1.021792 0.193253
v -0.536871 -1.004413 0.207867
v -0.526951 -0.985855 0.220480
v -0.516496 -0.966295 0.230970
v -0.505607 -0.945923 0.239235
v -0.494388 -0.924935 0.245196
v -0.482948 -0.903532 0.248796
v -0.471397 -0.881921 0.250000
v -0.459846 -0.860310 0.248796
v -0.448406 -0.838908 0.245196
v -0.437187 -0.817919 0.239235
v -0.426298 -0.797547 0.230970
v -0.415843 -0.777987 0.220480
v -0.405924 -0.759429 0.207867
v -0.396634 -0.742050 0.193253
v -0.388065 -0.726018 0.176777
v -0.380298 -0.711488 0.158598
v -0.373409 -0.698599 0.138893
v -0.367463 -0.687475 0.117849
v -0.362519 -0.678224 0.095671
v -0.358622 -0.670935 0.072571
v -0.355812 -0.665677 0.048773
v -0.354115 -0.662503 0.024504
v -0.353548 -0.661441 -0.000000
v -0.354115 -0.662503 -0.024504
v -0.355812 -0.665677 -0.048773
v -0.358622 -0.670935 -0.072571
v -0.362519 -0.678224 -0.095671
v -0.367463 -0.687475 -0.117849
v -0.373409 -0.698599 -0.138893
v -0.380298 -0.711488 -0.158598
v -0.388065 -0.726018 -0.176777
v -0.396634 -0.742050 -0.193253
v -0.405924 -0.759429 -0.207867
v -0.415843 -0.777987 -0.220480
v -0.426298 -0.797547 -0.230970
v -0.437187 -0.817919 -0.239235
v -0.448406 -0.838908 -0.245196
v -0.459846 -0.860310 -0.248796
v -0.471397 -0.881921 -0.250000
v -0.482948 -0.903532 -0.248796
v -0.494388 -0.924935 -0.245196
v -0.505607 -0.945923 -0.239235
v -0.516496 -0.966295 -0.230970
v -0.526951 -0.985855 -0.220480
v -0.536871 -1.004413 -0.207867
v -0.546160 -1.021792 -0.193253
v -0.554729 -1.037824 -0.176777
v -0.562496 -1.052355 -0.158598
v -0.569385 -1.065244 -0.138893
v -0.575331 -1.076367 -0.117849
v -0.580276 -1.085618 -0.095671
v -0.584172 -1.092908 -0.072571
v -0.586982 -1.098165 -0.048773
v -0.588679 -1.101340 -0.024504
v -0.534444 -1.129987 -0.000000
v -0.533929 -1.128898 0.024504
v -0.532390 -1.125644 0.048773
v -0.529841 -1.120255 0.072571
v -0.526308 -1.112784 0.095671
v -0.521823 -1.103301 0.117849
v -0.516430 -1.091899 0.138893
v -0.510181 -1.078687 0.158598
v -0.503137 -1.063793 0.176777
v -0.495365 -1.047360 0.193253
v -0.486940 -1.029546 0.207867
v -0.477942 -1.010524 0.220480
v -0.468460 -0.990475 0.230970
v -0.458583 -0.969593 0.239235
v -0.448408 -0.948079 0.245196
v -0.438032 -0.926141 0.248796
v -0.427555 -0.903989 0.250000
v -0.417078 -0.881838 0.248796
v -0.406702 -0.859899 0.245196
v -0.396527 -0.838386 0.239235
v -0.386651 -0.817504 0.230970
v -0.377168 -0.797455 0.220480
v -0.368171 -0.778432 0.207867
v -0.359746 -0.760618 0.193253
v -0.351973 -0.744185 0.176777
v -0.344929 -0.729291 0.158598
v -0.338681 -0.716079 0.138893
v -0.333288 -0.704677 0.117849
v -0.328803 -0.695195 0.095671
v -0.325269 -0.687723 0.072571
v -0.322720 -0.682334 0.048773
v -0.321181 -0.679080 0.024504
v -0.320666 -0.677992 -0.000000
v -0.321181 -0.679080 -0.024504
v -0.322720 -0.682334 -0.048773
v -0.325269 -0.687723 -0.072571
v -0.328803 -0.695195 -0.095671
v -0.333288 -0.704677 -0.117849
v -0.338681 -0.716079 -0.138893
v -0.344929 -0.729291 -0.158598
v -0.351973 -0.744185 -0.176777
v -0.359746 -0.760618 -0.193253
v -0.368171 -0.778432 -0.207867
v -0.377168 -0.797455 -0.220480
v -0.386651 -0.817504 -0.230970
v -0.396527 -0.838386 -0.239235
v -0.406702 -0.859899 -0.245196
v -0.417078 -0.881838 -0.248796
v -0.427555 -0.903989 -0.250000
v -0.438032 -0.926141 -0.248796
v -0.448408 -0.948079 -0.245196
v -0.458583 -0.969593 -0.239235
v -0.468460 -0.990475 -0.230970
v -0.477942 -1.010524 -0.220480
v -0.486940 -1.029546 -0.207867
v -0.495365 -1.047360 -0.193253
v -0.503137 -1.063793 -0.176777
v -0.510181 -1.078687 -0.158598
v -0.516430 -1.091899 -0.138893
v -0.521823 -1.103301 -0.117849
v -0.526308 -1.112784 -0.095671
v -0.529841 -1.120255 -0.072571
v -0.532390 -1.125644 -0.048773
v -0.533929 -1.128898 -0.024504
v -0.478354 -1.154849 -0.000000
v -0.477894 -1.153737 0.024504
v -0.476516 -1.150411 0.048773
v -0.474235 -1.144904 0.072571
v -0.471072 -1.137268 0.095671
v -0.467058 -1.127577 0.117849
v -0.462231 -1.115924 0.138893
v -0.456638 -1.102422 0.158598
v -0.450333 -1.087200 0.176777
v -0.443376 -1.070405 0.193253
v -0.435835 -1.052199 0.207867
v -0.427782 -1.032758 0.220480
v -0.419295 -1.012268 0.230970
v -0.410455 -0.990927 0.239235
v -0.401348 -0.968939 0.245196
v -0.392061 -0.946519 0.248796
v -0.382684 -0.923880 0.250000
v -0.373306 -0.901240 0.248796
v -0.364019 -0.878820 0.245196
v -0.354912 -0.856833 0.239235
v -0.346072 -0.835491 0.230970
v -0.337585 -0.815001 0.220480
v -0.329532 -0.795560 0.207867
v -0.321991 -0.777354 0.193253
v -0.315034 -0.760559 0.176777
v -0.308729 -0.745337 0.158598
v -0.303136 -0.731835 0.138893
v -0.298309 -0.720182 0.117849
v -0.294295 -0.710491 0.095671
v -0.291132 -0.702855 0.072571
v -0.288851 -0.697348 0.048773
v -0.287473 -0.694022 0.024504
v -0.287013 -0.692910 -0.000000
v -0.287473 -0.694022 -0.024504
v -0.288851 -0.697348 -0.048773
v -0.291132 -0.702855 -0.072571
v -0.294295 -0.710491 -0.095671
v -0.298309 -0.720182 -0.117849
v -0.303136 -0.731835 -0.138893
v -0.308729 -0.745337 -0.158598
v -0.315034 -0.760559 -0.176777
v -0.321991 -0.777354 -0.193253
v -0.329532 -0.795560 -0.207867
v -0.337585 -0.815001 -0.220480
v -0.346072 -0.835491 -0.230970
v -0.354912 -0.856833 -0.239235
v -0.364019 -0.878820 -0.245196
v -0.373306 -0.901240 -0.248796
v -0.382684 -0.923880 -0.250000
v -0.392061 -0.946519 -0.248796
v -0.401348 -0.968939 -0.245196
v -0.410455 -0.990927 -0.239235
v -0.419295 -1.012268 -0.230970
v -0.427782 -1.032758 -0.220480
v -0.435835 -1.052199 -0.207867
v -0.443376 -1.070405 -0.193253
v -0.450333 -1.087200 -0.176777
v -0.456638 -1.102422 -0.158598
v -0.462231 -1.115924 -0.138893
v -0.467058 -1.127577 -0.117849
v -0.471072 -1.137268 -0.095671
v -0.474235 -1.144904 -0.072571
v -0.476516 -1.150411 -0.048773
v -0.477894 -1.153737 -0.024504
v -0.421112 -1.176930 -0.000000
v -0.420707 -1.175797 0.024504
v -0.419494 -1.172407 0.048773
v -0.417486 -1.166794 0.072571
v -0.414701 -1.159012 0.095671
v -0.411167 -1.149136 0.117849
v -0.406918 -1.137260 0.138893
v -0.401995 -1.123500 0.158598
v -0.396444 -1.107987 0.176777
v -0.390320 -1.090871 0.193253
v -0.383681 -1.072317 0.207867
v -0.376592 -1.052504 0.220480
v -0.369120 -1.031622 0.230970
v -0.361338 -1.009873 0.239235
v -0.353321 -0.987466 0.245196
v -0.345145 -0.964616 0.248796
v -0.336890 -0.941544 0.250000
v -0.328635 -0.918472 0.248796
v -0.320459 -0.895623 0.245196
v -0.312441 -0.873215 0.239235
v -0.304659 -0.851466 0.230970
v -0.297188 -0.830584 0.220480
v -0.290098 -0.810771 0.207867
v -0.283460 -0.792217 0.193253
v -0.277336 -0.775101 0.176777
v -0.271785 -0.759588 0.158598
v -0.266861 -0.745828 0.138893
v -0.262612 -0.733952 0.117849
v -0.259078 -0.724076 0.095671
v -0.256294 -0.716294 0.072571
v -0.254286 -0.710681 0.048773
v -0.253073 -0.707291 0.024504
v -0.252667 -0.706158 -0.000000
v -0.253073 -0.707291 -0.024504
v -0.254286 -0.710681 -0.048773
v -0.256294 -0.716294 -0.072571
v -0.259078 -0.724076 -0.095671
v -0.262612 -0.733952 -0.117849
v -0.266861 -0.745828 -0.138893
v -0.271785 -0.759588 -0.158598
v -0.277336 -0.775101 -0.176777
v -0.283460 -0.792217 -0.193253
v -0.290098 -0.810771 -0.207867
v -0.297188 -0.830584 -0.220480
v -0.304659 -0.851466 -0.230970
v -0.312441 -0.873215 -0.239235
v -0.320459 -0.895623 -0.245196
v -0.328635 -0.918472 -0.248796
v -0.336890 -0.941544 -0.250000
v -0.345145 -0.964616 -0.248796
v -0.353321 -0.987466 -0.245196
v -0.361338 -1.009873 -0.239235
v -0.369120 -1.031622 -0.230970
v -0.376592 -1.052504 -0.220480
v -0.383681 -1.072317 -0.207867
v -0.390320 -1.090871 -0.193253
v -0.396444 -1.107987 -0.176777
v -0.401995 -1.123500 -0.158598
v -0.406918 -1.137260 -0.138893
v -0.411167 -1.149136 -0.117849
v -0.414701 -1.159012 -0.095671
v -0.417486 -1.166794 -0.072571
v -0.419494 -1.172407 -0.048773
v -0.420707 -1.175797 -0.024504
v -0.362856 -1.196176 -0.000000
v -0.362506 -1.195024 0.024504
v -0.361461 -1.191579 0.048773
v -0.359731 -1.185874 0.072571
v -0.357331 -1.177965 0.095671
v -0.354286 -1.167927 0.117849
v -0.350625 -1.155857 0.138893
v -0.346383 -1.141872 0.158598
v -0.341600 -1.126105 0.176777
v -0.336323 -1.108710 0.193253
v -0.330603 -1.089852 0.207867
v -0.324494 -1.069715 0.220480
v -0.318056 -1.048492 0.230970
v -0.311351 -1.026387 0.239235
v -0.304442 -1.003613 0.245196
v -0.297398 -0.980390 0.248796
v -0.290284 -0.956940 0.250000
v -0.283171 -0.933491 0.248796
v -0.276127 -0.910268 0.245196
v -0.269218 -0.887494 0.239235
v -0.262513 -0.865389 0.230970
v -0.256075 -0.844166 0.220480
v -0.249966 -0.824029 0.207867
v -0.244246 -0.805171 0.193253
v -0.238969 -0.787776 0.176777
v -0.234186 -0.772009 0.158598
v -0.229944 -0.758024 0.138893
v -0.226282 -0.745954 0.117849
v -0.223237 -0.735916 0.095671
v -0.220838 -0.728007 0.072571
v -0.219108 -0.722302 0.048773
v -0.218063 -0.718857 0.024504
v -0.217713 -0.717705 -0.000000
v -0.218063 -0.718857 -0.024504
v -0.219108 -0.722302 -0.048773
v -0.220838 -0.728007 -0.072571
v -0.223237 -0.735916 -0.095671
v -0.226282 -0.745954 -0.117849
v -0.229944 -0.758024 -0.138893
v -0.234186 -0.772009 -0.158598
v -0.238969 -0.787776 -0.176777
v -0.244246 -0.805171 -0.193253
v -0.249966 -0.824029 -0.207867
v -0.256075 -0.844166 -0.220480
v -0.262513 -0.865389 -0.230970
v -0.269218 -0.887494 -0.239235
v -0.276127 -0.910268 -0.245196
v -0.283171 -0.933491 -0.248796
v -0.290284 -0.956940 -0.250000
v -0.297398 -0.980390 -0.248796
v -0.304442 -1.003613 -0.245196
v -0.311351 -1.026387 -0.239235
v -0.318056 -1.048492 -0.230970
v -0.324494 -1.069715 -0.220480
v -0.330603 -1.089852 -0.207867
v -0.336323 -1.108710 -0.193253
v -0.341600 -1.126105 -0.176777
v -0.346383 -1.141872 -0.158598
v -0.350625 -1.155857 -0.138893
v -0.354286 -1.167927 -0.117849
v -0.357331 -1.177965 -0.095671
v -0.359731 -1.185874 -0.072571
v -0.361461 -1.191579 -0.048773
v -0.362506 -1.195024 -0.024504
v -0.303726 -1.212539 -0.000000
v -0.303433 -1.211371 0.024504
v -0.302559 -1.207879 0.048773
v -0.301110 -1.202096 0.072571
v -0.299102 -1.194079 0.095671
v -0.296553 -1.183904 0.117849
v -0.293489 -1.171669 0.138893
v -0.289937 -1.157492 0.158598
v -0.285934 -1.141510 0.176777
v -0.281517 -1.123876 0.193253
v -0.276729 -1.104761 0.207867
v -0.271616 -1.084348 0.220480
v -0.266227 -1.062835 0.230970
v -0.260614 -1.040427 0.239235
v -0.254832 -1.017342 0.245196
v -0.248935 -0.993801 0.248796
v -0.242981 -0.970031 0.250000
v -0.237027 -0.946261 0.248796
v -0.231130 -0.922720 0.245196
v -0.225347 -0.899635 0.239235
v -0.219735 -0.877227 0.230970
v -0.214346 -0.855714 0.220480
v -0.209233 -0.835301 0.207867
v -0.204444 -0.816186 0.193253
v -0.200027 -0.798552 0.176777
v -0.196024 -0.782570 0.158598
v -0.192473 -0.768393 0.138893
v -0.189408 -0.756158 0.117849
v -0.186860 -0.745983 0.095671
v -0.184851 -0.737966 0.072571
v -0.183403 -0.732183 0.048773
v -0.182528 -0.728691 0.024504
v -0.182236 -0.727523 -0.000000
v -0.182528 -0.728691 -0.024504
v -0.183403 -0.732183 -0.048773
v -0.184851 -0.737966 -0.072571
v -0.186860 -0.745983 -0.095671
v -0.189408 -0.756158 -0.117849
v -0.192473 -0.768393 -0.138893
v -0.196024 -0.782570 -0.158598
v -0.200027 -0.798552 -0.176777
v -0.204444 -0.816186 -0.193253
v -0.209233 -0.835301 -0.207867
v -0.214346 -0.855714 -0.220480
v -0.219735 -0.877227 -0.230970
v -0.225347 -0.899635 -0.239235
v -0.231130 -0.922720 -0.245196
v -0.237027 -0.946261 -0.248796
v -0.242981 -0.970031 -0.250000
v -0.248935 -0.993801 -0.248796
v -0.254832 -1.017342 -0.245196
v -0.260614 -1.040427 -0.239235
v -0.266227 -1.062835 -0.230970
v -0.271616 -1.084348 -0.220480
v -0.276729 -1.104761 -0.207867
v -0.281517 -1.123876 -0.193253
v -0.285934 -1.141510 -0.176777
v -0.289937 -1.157492 -0.158598
v -0.293489 -1.171669 -0.138893
v -0.296553 -1.183904 -0.117849
v -0.299102 -1.194079 -0.095671
v -0.301110 -1.202096 -0.072571
v -0.302559 -1.207879 -0.048773
v -0.303433 -1.211371 -0.024504
v -0.243863 -1.225981 -0.000000
v -0.243629 -1.224801 0.024504
v -0.242926 -1.221270 0.048773
v -0.241763 -1.215423 0.072571
v -0.240151 -1.207317 0.095671
v -0.238104 -1.197029 0.117849
v -0.235644 -1.184658 0.138893
v -0.232793 -1.170324 0.158598
v -0.229578 -1.154165 0.176777
v -0.226032 -1.136336 0.193253
v -0.222187 -1.117009 0.207867
v -0.218082 -1.096370 0.220480
v -0.213755 -1.074618 0.230970
v -0.209249 -1.051962 0.239235
v -0.204606 -1.028621 0.245196
v -0.199871 -1.004819 0.248796
v -0.195091 -0.980785 0.250000
v -0.190310 -0.956752 0.248796
v -0.185576 -0.932950 0.245196
v -0.180933 -0.909608 0.239235
v -0.176426 -0.886953 0.230970
v -0.172100 -0.865200 0.220480
v -0.167994 -0.844561 0.207867
v -0.164150 -0.825234 0.193253
v -0.160603 -0.807405 0.176777
v -0.157389 -0.791246 0.158598
v -0.154538 -0.776912 0.138893
v -0.152077 -0.764541 0.117849
v -0.150031 -0.754253 0.095671
v -0.148418 -0.746147 0.072571
v -0.147255 -0.740300 0.048773
v -0.146553 -0.736770 0.024504
v -0.146318 -0.735589 -0.000000
v -0.146553 -0.736770 -0.024504
v -0.147255 -0.740300 -0.048773
v -0.148418 -0.746147 -0.072571
v -0.150031 -0.754253 -0.095671
v -0.152077 -0.764541 -0.117849
v -0.154538 -0.776912 -0.138893
v -0.157389 -0.791246 -0.158598
v -0.160603 -0.807405 -0.176777
v -0.164150 -0.825234 -0.193253
v -0.167994 -0.844561 -0.207867
v -0.172100 -0.865200 -0.220480
v -0.176426 -0.886953 -0.230970
v -0.180933 -0.909608 -0.239235
v -0.185576 -0.932950 -0.245196
v -0.190310 -0.956752 -0.248796
v -0.195091 -0.980785 -0.250000
v -0.199871 -1.004819 -0.248796
v -0.204606 -1.028621 -0.245196
v -0.209249 -1.051962 -0.239235
v -0.213755 -1.074618 -0.230970
v -0.218082 -1.096370 -0.220480
v -0.222187 -1.117009 -0.207867
v -0.226032 -1.136336 -0.193253
v -0.229578 -1.154165 -0.176777
v -0.232793 -1.170324 -0.158598
v -0.235644 -1.184658 -0.138893
v -0.238104 -1.197029 -0.117849
v -0.240151 -1.207317 -0.095671
v -0.241763 -1.215423 -0.072571
v -0.242926 -1.221270 -0.048773
v -0.243629 -1.224801 -0.024504
v -0.183414 -1.236471 -0.000000
v -0.183237 -1.235280 0.024504
v -0.182709 -1.231719 0.048773
v -0.181834 -1.225822 0.072571
v -0.180621 -1.217646 0.095671
v -0.179082 -1.207270 0.117849
v -0.177231 -1.194794 0.138893
v -0.175087 -1.180337 0.158598
v -0.172669 -1.164040 0.176777
v -0.170002 -1.146058 0.193253
v -0.167111 -1.126566 0.207867
v -0.164023 -1.105750 0.220480
v -0.160769 -1.083812 0.230970
v -0.157379 -1.060962 0.239235
v -0.153887 -1.037421 0.245196
v -0.150326 -1.013416 0.248796
v -0.146731 -0.989176 0.250000
v -0.143135 -0.964937 0.248796
v -0.139574 -0.940932 0.245196
v -0.136082 -0.917391 0.239235
v -0.132693 -0.894541 0.230970
v -0.129439 -0.872603 0.220480
v -0.126351 -0.851787 0.207867
v -0.123460 -0.832295 0.193253
v -0.120792 -0.814313 0.176777
v -0.118375 -0.798016 0.158598
v -0.116230 -0.783559 0.138893
v -0.114380 -0.771083 0.117849
v -0.112840 -0.760706 0.095671
v -0.111628 -0.752531 0.072571
v -0.110753 -0.746634 0.048773
v -0.110225 -0.743073 0.024504
v -0.110048 -0.741882 -0.000000
v -0.110225 -0.743073 -0.024504
v -0.110753 -0.746634 -0.048773
v -0.111628 -0.752531 -0.072571
v -0.112840 -0.760706 -0.095671
v -0.114380 -0.771083 -0.117849
v -0.116230 -0.783559 -0.138893
v -0.118375 -0.798016 -0.158598
v -0.120792 -0.814313 -0.176777
v -0.123460 -0.832295 -0.193253
v -0.126351 -0.851787 -0.207867
v -0.129439 -0.872603 -0.220480
v -0.132693 -0.894541 -0.230970
v -0.136082 -0.917391 -0.239235
v -0.139574 -0.940932 -0.245196
v -0.143135 -0.964937 -0.248796
v -0.146731 -0.989176 -0.250000
v -0.150326 -1.013416 -0.248796
v -0.153887 -1.037421 -0.245196
v -0.157379 -1.060962 -0.239235
v -0.160769 -1.083812 -0.230970
v -0.164023 -1.105750 -0.220480
v -0.167111 -1.126566 -0.207867
v -0.170002 -1.146058 -0.193253
v -0.172669 -1.164040 -0.176777
v -0.175087 -1.180337 -0.158598
v -0.177231 -1.194794 -0.138893
v -0.179082 -1.207270 -0.117849
v -0.180621 -1.217646 -0.095671
v -0.181834 -1.225822 -0.072571
v -0.182709 -1.231719 -0.048773
v -0.183237 -1.235280 -0.024504
v -0.122522 -1.243981 -0.000000
v -0.122404 -1.242783 0.024504
v -0.122051 -1.239200 0.048773
v -0.121467 -1.233268 0.072571
v -0.120656 -1.225042 0.095671
v -0.119628 -1.214603 0.117849
v -0.118392 -1.202051 0.138893
v -0.116959 -1.187507 0.158598
v -0.115345 -1.171110 0.176777
v -0.113563 -1.153019 0.193253
v -0.111631 -1.133408 0.207867
v -0.109569 -1.112466 0.220480
v -0.107395 -1.090395 0.230970
v -0.105131 -1.067406 0.239235
v -0.102798 -1.043722 0.245196
v -0.100419 -1.019571 0.248796
v -0.098017 -0.995185 0.250000
v -0.095615 -0.970798 0.248796
v -0.093237 -0.946647 0.245196
v -0.090904 -0.922963 0.239235
v -0.088640 -0.899975 0.230970
v -0.086466 -0.877903 0.220480
v -0.084403 -0.856961 0.207867
v -0.082472 -0.837350 0.193253
v -0.080690 -0.819259 0.176777
v -0.079075 -0.802863 0.158598
v -0.077643 -0.788318 0.138893
v -0.076406 -0.775766 0.117849
v -0.075378 -0.765327 0.095671
v -0.074568 -0.757102 0.072571
v -0.073984 -0.751169 0.048773
v -0.073631 -0.747587 0.024504
v -0.073513 -0.746389 -0.000000
v -0.073631 -0.747587 -0.024504
v -0.073984 -0.751169 -0.048773
v -0.074568 -0.757102 -0.072571
v -0.075378 -0.765327 -0.095671
v -0.076406 -0.775766 -0.117849
v -0.077643 -0.788318 -0.138893
v -0.079075 -0.802863 -0.158598
v -0.080690 -0.819259 -0.176777
v -0.082472 -0.837350 -0.193253
v -0.084403 -0.856961 -0.207867
v -0.086466 -0.877903 -0.220480
v -0.088640 -0.899975 -0.230970
v -0.090904 -0.922963 -0.239235
v -0.093237 -0.946647 -0.245196
v -0.095615 -0.970798 -0.248796
v -0.098017 -0.995185 -0.250000
v -0.100419 -1.019571 -0.248796
v -0.102798 -1.043722 -0.245196
v -0.105131 -1.067406 -0.239235
v -0.107395 -1.090395 -0.230970
v -0.109569 -1.112466 -0.220480
v -0.111631 -1.133408 -0.207867
v -0.113563 -1.153019 -0.193253
v -0.115345 -1.171110 -0.176777
v -0.116959 -1.187507 -0.158598
v -0.118392 -1.202051 -0.138893
v -0.119628 -1.214603 -0.117849
v -0.120656 -1.225042 -0.095671
v -0.121467 -1.233268 -0.072571
v -0.122051 -1.239200 -0.048773
v -0.122404 -1.242783 -0.024504
v -0.061335 -1.248494 -0.000000
v -0.061276 -1.247292 0.024504
v -0.061099 -1.243696 0.048773
v -0.060806 -1.237742 0.072571
v -0.060401 -1.229487 0.095671
v -0.059886 -1.219010 0.117849
v -0.059267 -1.206412 0.138893
v -0.058550 -1.191815 0.158598
v -0.057742 -1.175359 0.176777
v -0.056850 -1.157203 0.193253
v -0.055883 -1.137521 0.207867
v -0.054850 -1.116503 0.220480
v -0.053762 -1.094351 0.230970
v -0.052629 -1.071279 0.239235
v -0.051461 -1.047509 0.245196
v -0.050270 -1.023270 0.248796
v -0.049068 -0.998795 0.250000
v -0.047865 -0.974321 0.248796
v -0.046675 -0.950082 0.245196
v -0.045507 -0.926312 0.239235
v -0.044373 -0.903240 0.230970
v -0.043285 -0.881088 0.220480
v -0.042253 -0.860070 0.207867
v -0.041286 -0.840388 0.193253
v -0.040394 -0.822232 0.176777
v -0.039585 -0.805776 0.158598
v -0.038868 -0.791178 0.138893
v -0.038249 -0.778581 0.117849
v -0.037735 -0.768104 0.095671
v -0.037329 -0.759849 0.072571
v -0.037037 -0.753894 0.048773
v -0.036860 -0.750299 0.024504
v -0.036801 -0.749097 -0.000000
v -0.036860 -0.750299 -0.024504
v -0.037037 -0.753894 -0.048773
v -0.037329 -0.759849 -0.072571
v -0.037735 -0.768104 -0.095671
v -0.038249 -0.778581 -0.117849
v -0.038868 -0.791178 -0.138893
v -0.039585 -0.805776 -0.158598
v -0.040394 -0.822232 -0.176777
v -0.041286 -0.840388 -0.193253
v -0.042253 -0.860070 -0.207867
v -0.043285 -0.881088 -0.220480
v -0.044373 -0.903240 -0.230970
v -0.045507 -0.926312 -0.239235
v -0.046675 -0.950082 -0.245196
v -0.047865 -0.974321 -0.248796
v -0.049068 -0.998795 -0.250000
v -0.050270 -1.023270 -0.248796
v -0.051461 -1.047509 -0.245196
v -0.052629 -1.071279 -0.239235
v -0.053762 -1.094351 -0.230970
v -0.054850 -1.116503 -0.220480
v -0.055883 -1.137521 -0.207867
v -0.056850 -1.157203 -0.193253
v -0.057742 -1.175359 -0.176777
v -0.058550 -1.191815 -0.158598
v -0.059267 -1.206412 -0.138893
v -0.059886 -1.219010 -0.117849
v -0.060401 -1.229487 -0.095671
v -0.060806 -1.237742 -0.072571
v -0.061099 -1.243696 -0.048773
v -0.061276 -1.247292 -0.024504
v 0.000000 -1.250000 -0.000000
v 0.000000 -1.248796 0.024504
v 0.000000 -1.245196 0.048773
v 0.000000 -1.239235 0.072571
v 0.000000 -1.230970 0.095671
v 0.000000 -1.220480 0.117849
v 0.000000 -1.207867 0.138893
v 0.000000 -1.193253 0.158598
v 0.000000 -1.176777 0.176777
v 0.000000 -1.158598 0.193253
v 0.000000 -1.138893 0.207867
v 0.000000 -1.117849 0.220480
v 0.000000 -1.095671 0.230970
v 0.000000 -1.072571 0.239235
v 0.000000 -1.048773 0.245196
v 0.000000 -1.024504 0.248796
v 0.000000 -1.000000 0.250000
v 0.000000 -0.975496 0.248796
v 0.000000 -0.951227 0.245196
v 0.000000 -0.927429 0.239235
v 0.000000 -0.904329 0.230970
v 0.000000 -0.882151 0.220480
v 0.000000 -0.861107 0.207867
v 0.000000 -0.841402 0.193253
v 0.000000 -0.823223 0.176777
v 0.000000 -0.806747 0.158598
v 0.000000 -0.792133 0.138893
v 0.000000 -0.779520 0.117849
v 0.000000 -0.769030 0.095671
v 0.000000 -0.760765 0.072571
v 0.000000 -0.754804 0.048773
v 0.000000 -0.751204 0.024504
v 0.000000 -0.750000 -0.000000
v 0.000000 -0.751204 -0.024504
v 0.000000 -0.754804 -0.048773
v 0.000000 -0.760765 -0.072571
v 0.000000 -0.769030 -0.095671
v 0.000000 -0.779520 -0.117849
v 0.000000 -0.792133 -0.138893
v 0.000000 -0.806747 -0.158598
v 0.000000 -0.823223 -0.176777
v 0.000000 -0.841402 -0.193253
v 0.000000 -0.861107 -0.207867
v 0.000000 -0.882151 -0.220480
v 0.000000 -0.904329 -0.230970
v 0.000000 -0.927429 -0.239235
v 0.000000 -0.951227 -0.245196
v 0.000000 -0.975496 -0.248796
v 0.000000 -1.000000 -0.250000
v 0.000000 -1.024504 -0.248796
v 0.000000 -1.048773 -0.245196
v 0.000000 -1.072571 -0.239235
v 0.000000 -1.095671 -0.230970
v 0.000000 -1.117849 -0.220480
v 0.000000 -1.138893 -0.207867
v 0.000000 -1.158598 -0.193253
v 0.000000 -1.176777 -0.176777
v 0.000000 -1.193253 -0.158598
v 0.000000 -1.207867 -0.138893
v 0.000000 -1.220480 -0.117849
v 0.000000 -1.230970 -0.095671
v 0.000000 -1.239235 -0.072571
v 0.000000 -1.245196 -0.048773
v 0.000000 -1.248796 -0.024504
v 0.061335 -1.248494 -0.000000
v 0.061276 -1.247292 0.024504
v 0.061099 -1.243696 0.048773
v 0.060807 -1.237742 0.072571
v 0.060401 -1.229487 0.095671
v 0.059886 -1.219010 0.117849
v 0.059268 -1.206412 0.138893
v 0.058550 -1.191815 0.158598
v 0.057742 -1.175359 0.176777
v 0.056850 -1.157203 0.193253
v 0.055883 -1.137521 0.207867
v 0.054851 -1.116503 0.220480
v 0.053762 -1.094351 0.230970
v 0.052629 -1.071279 0.239235
v 0.051461 -1.047509 0.245196
v 0.050270 -1.023270 0.248796
v 0.049068 -0.998795 0.250000
v 0.047866 -0.974321 0.248796
v 0.046675 -0.950082 0.245196
v 0.045507 -0.926312 0.239235
v 0.044374 -0.903240 0.230970
v 0.043285 -0.881088 0.220480
v 0.042253 -0.860070 0.207867
v 0.041286 -0.840388 0.193253
v 0.040394 -0.822232 0.176777
v 0.039585 -0.805776 0.158598
v 0.038868 -0.791178 0.138893
v 0.038249 -0.778581 0.117849
v 0.037735 -0.768104 0.095671
v 0.037329 -0.759849 0.072571
v 0.037037 -0.753894 0.048773
v 0.036860 -0.750299 0.024504
v 0.036801 -0.749097 -0.000000
v 0.036860 -0.750299 -0.024504
v 0.037037 -0.753894 -0.048773
v 0.037329 -0.759849 -0.072571
v 0.037735 -0.768104 -0.095671
v 0.038249 -0.778581 -0.117849
v 0.038868 -0.791178 -0.138893
v 0.039585 -0.805776 -0.158598
v 0.040394 -0.822232 -0.176777
v 0.041286 -0.840388 -0.193253
v 0.042253 -0.860070 -0.207867
v 0.043285 -0.881088 -0.220480
v 0.044374 -0.903240 -0.230970
v 0.045507 -0.926312 -0.239235
v 0.046675 -0.950082 -0.245196
v 0.047866 -0.974321 -0.248796
v 0.049068 -0.998795 -0.250000
v 0.050270 -1.023270 -0.248796
v 0.051461 -1.047509 -0.245196
v 0.052629 -1.071279 -0.239235
v 0.053762 -1.094351 -0.230970
v 0.054851 -1.116503 -0.220480
v 0.055883 -1.137521 -0.207867
v 0.056850 -1.157203 -0.193253
v 0.057742 -1.175359 -0.176777
v 0.058550 -1.191815 -0.158598
v 0.059268 -1.206412 -0.138893
v 0.059886 -1.219010 -0.117849
v 0.060401 -1.229487 -0.095671
v 0.060807 -1.237742 -0.072571
v 0.061099 -1.243696 -0.048773
v 0.061276 -1.247292 -0.024504
v 0.122521 -1.243981 -0.000000
v 0.122403 -1.242783 0.024504
v 0.122050 -1.239200 0.048773
v 0.121466 -1.233268 0.072571
v 0.120655 -1.225042 0.095671
v 0.119627 -1.214603 0.117849
v 0.118391 -1.202051 0.138893
v 0.116958 -1.187507 0.158598
v 0.115344 -1.171110 0.176777
v 0.113562 -1.153019 0.193253
v 0.111630 -1.133409 0.207867
v 0.109568 -1.112467 0.220480
v 0.107394 -1.090395 0.230970
v 0.105130 -1.067407 0.239235
v 0.102797 -1.043723 0.245196
v 0.100418 -1.019571 0.248796
v 0.098017 -0.995185 0.250000
v 0.095615 -0.970798 0.248796
v 0.093236 -0.946647 0.245196
v 0.090903 -0.922963 0.239235
v 0.088639 -0.899975 0.230970
v 0.086465 -0.877903 0.220480
v 0.084403 -0.856961 0.207867
v 0.082471 -0.837350 0.193253
v 0.080690 -0.819259 0.176777
v 0.079075 -0.802863 0.158598
v 0.077642 -0.788318 0.138893
v 0.076406 -0.775766 0.117849
v 0.075378 -0.765327 0.095671
v 0.074568 -0.757102 0.072571
v 0.073983 -0.751169 0.048773
v 0.073630 -0.747587 0.024504
v 0.073512 -0.746389 -0.000000
v 0.073630 -0.747587 -0.024504
v 0.073983 -0.751169 -0.048773
v 0.074568 -0.757102 -0.072571
v 0.075378 -0.765327 -0.095671
v 0.076406 -0.775766 -0.117849
v 0.077642 -0.788318 -0.138893
v 0.079075 -0.802863 -0.158598
v 0.080690 -0.819259 -0.176777
v 0.082471 -0.837350 -0.193253
v 0.084403 -0.856961 -0.207867
v 0.086465 -0.877903 -0.220480
v 0.088639 -0.899975 -0.230970
v 0.090903 -0.922963 -0.239235
v 0.093236 -0.946647 -0.245196
v 0.095615 -0.970798 -0.248796
v 0.098017 -0.995185 -0.250000
v 0.100418 -1.019571 -0.248796
v 0.102797 -1.043723 -0.245196
v 0.105130 -1.067407 -0.239235
v 0.107394 -1.090395 -0.230970
v 0.109568 -1.112467 -0.220480
v 0.111630 -1.133409 -0.207867
v 0.113562 -1.153019 -0.193253
v 0.115344 -1.171110 -0.176777
v 0.116958 -1.187507 -0.158598
v 0.118391 -1.202051 -0.138893
v 0.119627 -1.214603 -0.117849
v 0.120655 -1.225042 -0.095671
v 0.121466 -1.233268 -0.072571
v 0.122050 -1.239200 -0.048773
v 0.122403 -1.242783 -0.024504
v 0.183413 -1.236471 -0.000000
v 0.183236 -1.235280 0.024504
v 0.182708 -1.231719 0.048773
v 0.181833 -1.225822 0.072571
v 0.180620 -1.217647 0.095671
v 0.179081 -1.207271 0.117849
v 0.177230 -1.194794 0.138893
v 0.175086 -1.180337 0.158598
v 0.172668 -1.164040 0.176777
v 0.170001 -1.146058 0.193253
v 0.167110 -1.126566 0.207867
v 0.164022 -1.105750 0.220480
v 0.160768 -1.083812 0.230970
v 0.157378 -1.060962 0.239235
v 0.153886 -1.037421 0.245196
v 0.150326 -1.013416 0.248796
v 0.146730 -0.989177 0.250000
v 0.143135 -0.964938 0.248796
v 0.139574 -0.940932 0.245196
v 0.136082 -0.917391 0.239235
v 0.132692 -0.894541 0.230970
v 0.129438 -0.872603 0.220480
v 0.126350 -0.851787 0.207867
v 0.123459 -0.832295 0.193253
v 0.120792 -0.814313 0.176777
v 0.118374 -0.798016 0.158598
v 0.116230 -0.783559 0.138893
v 0.114379 -0.771083 0.117849
v 0.112840 -0.760707 0.095671
v 0.111627 -0.752531 0.072571
v 0.110752 -0.746634 0.048773
v 0.110224 -0.743073 0.024504
v 0.110048 -0.741882 -0.000000
v 0.110224 -0.743073 -0.024504
v 0.110752 -0.746634 -0.048773
v 0.111627 -0.752531 -0.072571
v 0.112840 -0.760707 -0.095671
v 0.114379 -0.771083 -0.117849
v 0.116230 -0.783559 -0.138893
v 0.118374 -0.798016 -0.158598
v 0.120792 -0.814313 -0.176777
v 0.123459 -0.832295 -0.193253
v 0.126350 -0.851787 -0.207867
v 0.129438 -0.872603 -0.220480
v 0.132692 -0.894541 -0.230970
v 0.136082 -0.917391 -0.239235
v 0.139574 -0.940932 -0.245196
v 0.143135 -0.964938 -0.248796
v 0.146730 -0.989177 -0.250000
v 0.150326 -1.013416 -0.248796
v 0.153886 -1.037421 -0.245196
v 0.157378 -1.060962 -0.239235
v 0.160768 -1.083812 -0.230970
v 0.164022 -1.105750 -0.220480
v 0.167110 -1.126566 -0.207867
v 0.170001 -1.146058 -0.193253
v 0.172668 -1.164040 -0.176777
v 0.175086 -1.180337 -0.158598
v 0.177230 -1.194794 -0.138893
v 0.179081 -1.207271 -0.117849
v 0.180620 -1.217647 -0.095671
v 0.181833 -1.225822 -0.072571
v 0.182708 -1.231719 -0.048773
v 0.183236 -1.235280 -0.024504
v 0.243863 -1.225982 -0.000000
v 0.243628 -1.224801 0.024504
v 0.242925 -1.221270 0.048773
v 0.241762 -1.215424 0.072571
v 0.240150 -1.207317 0.095671
v 0.238104 -1.197029 0.117849
v 0.235643 -1.184659 0.138893
v 0.232792 -1.170325 0.158598
v 0.229577 -1.154165 0.176777
v 0.226031 -1.136336 0.193253
v 0.222187 -1.117009 0.207867
v 0.218081 -1.096370 0.220480
v 0.213754 -1.074618 0.230970
v 0.209248 -1.051962 0.239235
v 0.204605 -1.028621 0.245196
v 0.199871 -1.004819 0.248796
v 0.195090 -0.980785 0.250000
v 0.190309 -0.956752 0.248796
v 0.185575 -0.932950 0.245196
v 0.180932 -0.909609 0.239235
v 0.176426 -0.886953 0.230970
v 0.172099 -0.865201 0.220480
v 0.167993 -0.844562 0.207867
v 0.164149 -0.825234 0.193253
v 0.160603 -0.807405 0.176777
v 0.157388 -0.791246 0.158598
v 0.154537 -0.776912 0.138893
v 0.152076 -0.764542 0.117849
v 0.150030 -0.754253 0.095671
v 0.148418 -0.746147 0.072571
v 0.147255 -0.740300 0.048773
v 0.146552 -0.736770 0.024504
v 0.146318 -0.735589 -0.000000
v 0.146552 -0.736770 -0.024504
v 0.147255 -0.740300 -0.048773
v 0.148418 -0.746147 -0.072571
v 0.150030 -0.754253 -0.095671
v 0.152076 -0.764542 -0.117849
v 0.154537 -0.776912 -0.138893
v 0.157388 -0.791246 -0.158598
v 0.160603 -0.807405 -0.176777
v 0.164149 -0.825234 -0.193253
v 0.167993 -0.844562 -0.207867
v 0.172099 -0.865201 -0.220480
v 0.176426 -0.886953 -0.230970
v 0.180932 -0.909609 -0.239235
v 0.185575 -0.932950 -0.245196
v 0.190309 -0.956752 -0.248796
v 0.195090 -0.980785 -0.250000
v 0.199871 -1.004819 -0.248796
v 0.204605 -1.028621 -0.245196
v 0.209248 -1.051962 -0.239235
v 0.213754 -1.074618 -0.230970
v 0.218081 -1.096370 -0.220480
v 0.222187 -1.117009 -0.207867
v 0.226031 -1.136336 -0.193253
v 0.229577 -1.154165 -0.176777
v 0.232792 -1.170325 -0.158598
v 0.235643 -1.184659 -0.138893
v 0.238104 -1.197029 -0.117849
v 0.240150 -1.207317 -0.095671
v 0.241762 -1.215424 -0.072571
v 0.242925 -1.221270 -0.048773
v 0.243628 -1.224801 -0.024504
v 0.303725 -1.212539 -0.000000
v 0.303433 -1.211371 0.024504
v 0.302558 -1.207879 0.048773
v 0.301109 -1.202097 0.072571
v 0.299101 -1.194079 0.095671
v 0.296552 -1.183904 0.117849
v 0.293488 -1.171669 0.138893
v 0.289937 -1.157492 0.158598
v 0.285933 -1.141510 0.176777
v 0.281516 -1.123877 0.193253
v 0.276728 -1.104761 0.207867
v 0.271615 -1.084349 0.220480
v 0.266226 -1.062835 0.230970
v 0.260613 -1.040428 0.239235
v 0.254831 -1.017342 0.245196
v 0.248934 -0.993801 0.248796
v 0.242980 -0.970031 0.250000
v 0.237026 -0.946261 0.248796
v 0.231129 -0.922720 0.245196
v 0.225347 -0.899635 0.239235
v 0.219734 -0.877228 0.230970
v 0.214345 -0.855714 0.220480
v 0.209232 -0.835301 0.207867
v 0.204444 -0.816186 0.193253
v 0.200027 -0.798552 0.176777
v 0.196023 -0.782570 0.158598
v 0.192472 -0.768393 0.138893
v 0.189408 -0.756159 0.117849
v 0.186859 -0.745983 0.095671
v 0.184851 -0.737966 0.072571
v 0.183402 -0.732183 0.048773
v 0.182528 -0.728691 0.024504
v 0.182235 -0.727524 -0.000000
v 0.182528 -0.728691 -0.024504
v 0.183402 -0.732183 -0.048773
v 0.184851 -0.737966 -0.072571
v 0.186859 -0.745983 -0.095671
v 0.189408 -0.756159 -0.117849
v 0.192472 -0.768393 -0.138893
v 0.196023 -0.782570 -0.158598
v 0.200027 -0.798552 -0.176777
v 0.204444 -0.816186 -0.193253
v 0.209232 -0.835301 -0.207867
v 0.214345 -0.855714 -0.220480
v 0.219734 -0.877228 -0.230970
v 0.225347 -0.899635 -0.239235
v 0.231129 -0.922720 -0.245196
v 0.237026 -0.946261 -0.248796
v 0.242980 -0.970031 -0.250000
v 0.248934 -0.993801 -0.248796
v 0.254831 -1.017342 -0.245196
v 0.260613 -1.040428 -0.239235
v 0.266226 -1.062835 -0.230970
v 0.271615 -1.084349 -0.220480
v 0.276728 -1.104761 -0.207867
v 0.281516 -1.123877 -0.193253
v 0.285933 -1.141510 -0.176777
v 0.289937 -1.157492 -0.158598
v 0.293488 -1.171669 -0.138893
v 0.296552 -1.183904 -0.117849
v 0.299101 -1.194079 -0.095671
v 0.301109 -1.202097 -0.072571
v 0.302558 -1.207879 -0.048773
v 0.303433 -1.211371 -0.024504
v 0.362856 -1.196175 -0.000000
v 0.362506 -1.195024 0.024504
v 0.361461 -1.191579 0.048773
v 0.359731 -1.185874 0.072571
v 0.357332 -1.177965 0.095671
v 0.354287 -1.167927 0.117849
v 0.350625 -1.155857 0.138893
v 0.346383 -1.141872 0.158598
v 0.341600 -1.126105 0.176777
v 0.336323 -1.108709 0.193253
v 0.330603 -1.089852 0.207867
v 0.324494 -1.069715 0.220480
v 0.318056 -1.048492 0.230970
v 0.311351 -1.026387 0.239235
v 0.304443 -1.003613 0.245196
v 0.297398 -0.980390 0.248796
v 0.290285 -0.956940 0.250000
v 0.283171 -0.933491 0.248796
v 0.276127 -0.910268 0.245196
v 0.269218 -0.887494 0.239235
v 0.262513 -0.865389 0.230970
v 0.256075 -0.844166 0.220480
v 0.249966 -0.824028 0.207867
v 0.244246 -0.805171 0.193253
v 0.238969 -0.787776 0.176777
v 0.234186 -0.772009 0.158598
v 0.229944 -0.758024 0.138893
v 0.226283 -0.745954 0.117849
v 0.223238 -0.735916 0.095671
v 0.220838 -0.728007 0.072571
v 0.219108 -0.722302 0.048773
v 0.218063 -0.718857 0.024504
v 0.217713 -0.717705 -0.000000
v 0.218063 -0.718857 -0.024504
v 0.219108 -0.722302 -0.048773
v 0.220838 -0.728007 -0.072571
v 0.223238 -0.735916 -0.095671
v 0.226283 -0.745954 -0.117849
v 0.229944 -0.758024 -0.138893
v 0.234186 -0.772009 -0.158598
v 0.238969 -0.787776 -0.176777
v 0.244246 -0.805171 -0.193253
v 0.249966 -0.824028 -0.207867
v 0.256075 -0.844166 -0.220480
v 0.262513 -0.865389 -0.230970
v 0.269218 -0.887494 -0.239235
v 0.276127 -0.910268 -0.245196
v 0.283171 -0.933491 -0.248796
v 0.290285 -0.956940 -0.250000
v 0.297398 -0.980390 -0.248796
v 0.304443 -1.003613 -0.245196
v 0.311351 -1.026387 -0.239235
v 0.318056 -1.048492 -0.230970
v 0.324494 -1.069715 -0.220480
v 0.330603 -1.089852 -0.207867
v 0.336323 -1.108709 -0.193253
v 0.341600 -1.126105 -0.176777
v 0.346383 -1.141872 -0.158598
v 0.350625 -1.155857 -0.138893
v 0.354287 -1.167927 -0.117849
v 0.357332 -1.177965 -0.095671
v 0.359731 -1.185874 -0.072571
v 0.361461 -1.191579 -0.048773
v 0.362506 -1.195024 -0.024504
v 0.421112 -1.176930 -0.000000
v 0.420707 -1.175797 0.024504
v 0.419494 -1.172407 0.048773
v 0.417486 -1.166794 0.072571
v 0.414701 -1.159012 0.095671
v 0.411168 -1.149136 0.117849
v 0.406918 -1.137260 0.138893
v 0.401995 -1.123500 0.158598
v 0.396444 -1.107987 0.176777
v 0.390320 -1.090871 0.193253
v 0.383681 -1.072317 0.207867
v 0.376592 -1.052504 0.220480
v 0.369120 -1.031622 0.230970
v 0.361338 -1.009873 0.239235
v 0.353321 -0.987466 0.245196
v 0.345145 -0.964616 0.248796
v 0.336890 -0.941544 0.250000
v 0.328635 -0.918472 0.248796
v 0.320459 -0.895623 0.245196
v 0.312441 -0.873215 0.239235
v 0.304659 -0.851466 0.230970
v 0.297188 -0.830584 0.220480
v 0.290098 -0.810771 0.207867
v 0.283460 -0.792217 0.193253
v 0.277336 -0.775101 0.176777
v 0.271785 -0.759588 0.158598
v 0.266862 -0.745828 0.138893
v 0.262612 -0.733952 0.117849
v 0.259079 -0.724076 0.095671
v 0.256294 -0.716294 0.072571
v 0.254286 -0.710681 0.048773
v 0.253073 -0.707291 0.024504
v 0.252667 -0.706158 -0.000000
v 0.253073 -0.707291 -0.024504
v 0.254286 -0.710681 -0.048773
v 0.256294 -0.716294 -0.072571
v 0.259079 -0.724076 -0.095671
v 0.262612 -0.733952 -0.117849
v 0.266862 -0.745828 -0.138893
v 0.271785 -0.759588 -0.158598
v 0.277336 -0.775101 -0.176777
v 0.283460 -0.792217 -0.193253
v 0.290098 -0.810771 -0.207867
v 0.297188 -0.830584 -0.220480
v 0.304659 -0.851466 -0.230970
v 0.312441 -0.873215 -0.239235
v 0.320459 -0.895623 -0.245196
v 0.328635 -0.918472 -0.248796
v 0.336890 -0.941544 -0.250000
v 0.345145 -0.964616 -0.248796
v 0.353321 -0.987466 -0.245196
v 0.361338 -1.009873 -0.239235
v 0.369120 -1.031622 -0.230970
v 0.376592 -1.052504 -0.220480
v 0.383681 -1.072317 -0.207867
v 0.390320 -1.090871 -0.193253
v 0.396444 -1.107987 -0.176777
v 0.401995 -1.123500 -0.158598
v 0.406918 -1.137260 -0.138893
v 0.411168 -1.149136 -0.117849
v 0.414701 -1.159012 -0.095671
v 0.417486 -1.166794 -0.072571
v 0.419494 -1.172407 -0.048773
v 0.420707 -1.175797 -0.024504
v 0.478355 -1.154849 -0.000000
v 0.477894 -1.153737 0.024504
v 0.476516 -1.150411 0.048773
v 0.474235 -1.144904 0.072571
v 0.471072 -1.137268 0.095671
v 0.467058 -1.127577 0.117849
v 0.462231 -1.115924 0.138893
v 0.456638 -1.102422 0.158598
v 0.450333 -1.087200 0.176777
v 0.443377 -1.070405 0.193253
v 0.435836 -1.052199 0.207867
v 0.427783 -1.032758 0.220480
v 0.419295 -1.012268 0.230970
v 0.410455 -0.990926 0.239235
v 0.401348 -0.968939 0.245196
v 0.392061 -0.946518 0.248796
v 0.382684 -0.923879 0.250000
v 0.373306 -0.901240 0.248796
v 0.364019 -0.878819 0.245196
v 0.354912 -0.856832 0.239235
v 0.346072 -0.835491 0.230970
v 0.337585 -0.815001 0.220480
v 0.329532 -0.795559 0.207867
v 0.321991 -0.777354 0.193253
v 0.315034 -0.760559 0.176777
v 0.308729 -0.745337 0.158598
v 0.303136 -0.731835 0.138893
v 0.298309 -0.720182 0.117849
v 0.294295 -0.710491 0.095671
v 0.291132 -0.702855 0.072571
v 0.288851 -0.697348 0.048773
v 0.287473 -0.694022 0.024504
v 0.287013 -0.692910 -0.000000
v 0.287473 -0.694022 -0.024504
v 0.288851 -0.697348 -0.048773
v 0.291132 -0.702855 -0.072571
v 0.294295 -0.710491 -0.095671
v 0.298309 -0.720182 -0.117849
v 0.303136 -0.731835 -0.138893
v 0.308729 -0.745337 -0.158598
v 0.315034 -0.760559 -0.176777
v 0.321991 -0.777354 -0.193253
v 0.329532 -0.795559 -0.207867
v 0.337585 -0.815001 -0.220480
v 0.346072 -0.835491 -0.230970
v 0.354912 -0.856832 -0.239235
v 0.364019 -0.878819 -0.245196
v 0.373306 -0.901240 -0.248796
v 0.382684 -0.923879 -0.250000
v 0.392061 -0.946518 -0.248796
v 0.401348 -0.968939 -0.245196
v 0.410455 -0.990926 -0.239235
v 0.419295 -1.012268 -0.230970
v 0.427783 -1.032758 -0.220480
v 0.435836 -1.052199 -0.207867
v 0.443377 -1.070405 -0.193253
v 0.450333 -1.087200 -0.176777
v 0.456638 -1.102422 -0.158598
v 0.462231 -1.115924 -0.138893
v 0.467058 -1.127577 -0.117849
v 0.471072 -1.137268 -0.095671
v 0.474235 -1.144904 -0.072571
v 0.476516 -1.150411 -0.048773
v 0.477894 -1.153737 -0.024504
v 0.534443 -1.129987 -0.000000
v 0.533929 -1.128899 0.024504
v 0.532389 -1.125644 0.048773
v 0.529841 -1.120256 0.072571
v 0.526307 -1.112784 0.095671
v 0.521822 -1.103301 0.117849
v 0.516429 -1.091900 0.138893
v 0.510181 -1.078688 0.158598
v 0.503136 -1.063794 0.176777
v 0.495364 -1.047361 0.193253
v 0.486939 -1.029547 0.207867
v 0.477942 -1.010524 0.220480
v 0.468459 -0.990475 0.230970
v 0.458583 -0.969593 0.239235
v 0.448408 -0.948079 0.245196
v 0.438031 -0.926141 0.248796
v 0.427555 -0.903990 0.250000
v 0.417078 -0.881838 0.248796
v 0.406702 -0.859900 0.245196
v 0.396526 -0.838386 0.239235
v 0.386650 -0.817504 0.230970
v 0.377168 -0.797455 0.220480
v 0.368170 -0.778432 0.207867
v 0.359745 -0.760618 0.193253
v 0.351973 -0.744185 0.176777
v 0.344929 -0.729291 0.158598
v 0.338680 -0.716080 0.138893
v 0.333287 -0.704678 0.117849
v 0.328802 -0.695195 0.095671
v 0.325269 -0.687724 0.072571
v 0.322720 -0.682335 0.048773
v 0.321181 -0.679080 0.024504
v 0.320666 -0.677992 -0.000000
v 0.321181 -0.679080 -0.024504
v 0.322720 -0.682335 -0.048773
v 0.325269 -0.687724 -0.072571
v 0.328802 -0.695195 -0.095671
v 0.333287 -0.704678 -0.117849
v 0.338680 -0.716080 -0.138893
v 0.344929 -0.729291 -0.158598
v 0.351973 -0.744185 -0.176777
v 0.359745 -0.760618 -0.193253
v 0.368170 -0.778432 -0.207867
v 0.377168 -0.797455 -0.220480
v 0.386650 -0.817504 -0.230970
v 0.396526 -0.838386 -0.239235
v 0.406702 -0.859900 -0.245196
v 0.417078 -0.881838 -0.248796
v 0.427555 -0.903990 -0.250000
v 0.438031 -0.926141 -0.248796
v 0.448408 -0.948079 -0.245196
v 0.458583 -0.969593 -0.239235
v 0.468459 -0.990475 -0.230970
v 0.477942 -1.010524 -0.220480
v 0.486939 -1.029547 -0.207867
v 0.495364 -1.047361 -0.193253
v 0.503136 -1.063794 -0.176777
v 0.510181 -1.078688 -0.158598
v 0.516429 -1.091900 -0.138893
v 0.521822 -1.103301 -0.117849
v 0.526307 -1.112784 -0.095671
v 0.529841 -1.120256 -0.072571
v 0.532389 -1.125644 -0.048773
v 0.533929 -1.128899 -0.024504
v 0.589245 -1.102402 -0.000000
v 0.588678 -1.101340 0.024504
v 0.586981 -1.098165 0.048773
v 0.584171 -1.092908 0.072571
v 0.580275 -1.085619 0.095671
v 0.575330 -1.076368 0.117849
v 0.569384 -1.065244 0.138893
v 0.562495 -1.052355 0.158598
v 0.554728 -1.037825 0.176777
v 0.546159 -1.021793 0.193253
v 0.536870 -1.004414 0.207867
v 0.526950 -0.985855 0.220480
v 0.516495 -0.966296 0.230970
v 0.505606 -0.945924 0.239235
v 0.494388 -0.924935 0.245196
v 0.482948 -0.903532 0.248796
v 0.471396 -0.881921 0.250000
v 0.459845 -0.860311 0.248796
v 0.448405 -0.838908 0.245196
v 0.437187 -0.817919 0.239235
v 0.426297 -0.797547 0.230970
v 0.415843 -0.777988 0.220480
v 0.405923 -0.759429 0.207867
v 0.396634 -0.742050 0.193253
v 0.388064 -0.726018 0.176777
v 0.380298 -0.711488 0.158598
v 0.373408 -0.698599 0.138893
v 0.367463 -0.687475 0.117849
v 0.362518 -0.678224 0.095671
v 0.358622 -0.670935 0.072571
v 0.355812 -0.665678 0.048773
v 0.354115 -0.662503 0.024504
v 0.353547 -0.661441 -0.000000
v 0.354115 -0.662503 -0.024504
v 0.355812 -0.665678 -0.048773
v 0.358622 -0.670935 -0.072571
v 0.362518 -0.678224 -0.095671
v 0.367463 -0.687475 -0.117849
v 0.373408 -0.698599 -0.138893
v 0.380298 -0.711488 -0.158598
v 0.388064 -0.726018 -0.176777
v 0.396634 -0.742050 -0.193253
v 0.405923 -0.759429 -0.207867
v 0.415843 -0.777988 -0.220480
v 0.426297 -0.797547 -0.230970
v 0.437187 -0.817919 -0.239235
v 0.448405 -0.838908 -0.245196
v 0.459845 -0.860311 -0.248796
v 0.471396 -0.881921 -0.250000
v 0.482948 -0.903532 -0.248796
v 0.494388 -0.924935 -0.245196
v 0.505606 -0.945924 -0.239235
v 0.516495 -0.966296 -0.230970
v 0.526950 -0.985855 -0.220480
v 0.536870 -1.004414 -0.207867
v 0.546159 -1.021793 -0.193253
v 0.554728 -1.037825 -0.176777
v 0.562495 -1.052355 -0.158598
v 0.569384 -1.065244 -0.138893
v 0.575330 -1.076368 -0.117849
v 0.580275 -1.085619 -0.095671
v 0.584171 -1.092908 -0.072571
v 0.586981 -1.098165 -0.048773
v 0.588678 -1.101340 -0.024504
v 0.642628 -1.072161 -0.000000
v 0.642009 -1.071128 0.024504
v 0.640158 -1.068041 0.048773
v 0.637094 -1.062928 0.072571
v 0.632845 -1.055838 0.095671
v 0.627452 -1.046841 0.117849
v 0.620968 -1.036023 0.138893
v 0.613454 -1.023487 0.158598
v 0.604984 -1.009355 0.176777
v 0.595638 -0.993763 0.193253
v 0.585507 -0.976861 0.207867
v 0.574689 -0.958811 0.220480
v 0.563287 -0.939788 0.230970
v 0.551411 -0.919975 0.239235
v 0.539177 -0.899562 0.245196
v 0.526700 -0.878747 0.248796
v 0.514102 -0.857729 0.250000
v 0.501505 -0.836711 0.248796
v 0.489028 -0.815895 0.245196
v 0.476793 -0.795482 0.239235
v 0.464918 -0.775669 0.230970
v 0.453516 -0.756646 0.220480
v 0.442697 -0.738597 0.207867
v 0.432567 -0.721694 0.193253
v 0.423221 -0.706102 0.176777
v 0.414751 -0.691970 0.158598
v 0.407237 -0.679435 0.138893
v 0.400753 -0.668616 0.117849
v 0.395360 -0.659619 0.095671
v 0.391111 -0.652530 0.072571
v 0.388046 -0.647417 0.048773
v 0.386196 -0.644329 0.024504
v 0.385577 -0.643297 -0.000000
v 0.386196 -0.644329 -0.024504
v 0.388046 -0.647417 -0.048773
v 0.391111 -0.652530 -0.072571
v 0.395360 -0.659619 -0.095671
v 0.400753 -0.668616 -0.117849
v 0.407237 -0.679435 -0.138893
v 0.414751 -0.691970 -0.158598
v 0.423221 -0.706102 -0.176777
v 0.432567 -0.721694 -0.193253
v 0.442697 -0.738597 -0.207867
v 0.453516 -0.756646 -0.220480
v 0.464918 -0.775669 -0.230970
v 0.476793 -0.795482 -0.239235
v 0.489028 -0.815895 -0.245196
v 0.501505 -0.836711 -0.248796
v 0.514102 -0.857729 -0.250000
v 0.526700 -0.878747 -0.248796
v 0.539177 -0.899562 -0.245196
v 0.551411 -0.919975 -0.239235
v 0.563287 -0.939788 -0.230970
v 0.574689 -0.958811 -0.220480
v 0.585507 -0.976861 -0.207867
v 0.595638 -0.993763 -0.193253
v 0.604984 -1.009355 -0.176777
v 0.613454 -1.023487 -0.158598
v 0.620968 -1.036023 -0.138893
v 0.627452 -1.046841 -0.117849
v 0.632845 -1.055838 -0.095671
v 0.637094 -1.062928 -0.072571
v 0.640158 -1.068041 -0.048773
v 0.642009 -1.071128 -0.024504
v 0.694463 -1.039337 -0.000000
v 0.693794 -1.038336 0.024504
v 0.691794 -1.035343 0.048773
v 0.688482 -1.030386 0.072571
v 0.683890 -1.023514 0.095671
v 0.678062 -1.014792 0.117849
v 0.671055 -1.004305 0.138893
v 0.662935 -0.992153 0.158598
v 0.653782 -0.978454 0.176777
v 0.643683 -0.963339 0.193253
v 0.632735 -0.946955 0.207867
v 0.621044 -0.929458 0.220480
v 0.608722 -0.911017 0.230970
v 0.595888 -0.891810 0.239235
v 0.582667 -0.872023 0.245196
v 0.569184 -0.851844 0.248796
v 0.555570 -0.831470 0.250000
v 0.541956 -0.811095 0.248796
v 0.528474 -0.790917 0.245196
v 0.515252 -0.771129 0.239235
v 0.502418 -0.751922 0.230970
v 0.490097 -0.733482 0.220480
v 0.478406 -0.715985 0.207867
v 0.467458 -0.699600 0.193253
v 0.457358 -0.684485 0.176777
v 0.448205 -0.670786 0.158598
v 0.440085 -0.658634 0.138893
v 0.433078 -0.648147 0.117849
v 0.427250 -0.639425 0.095671
v 0.422658 -0.632553 0.072571
v 0.419346 -0.627596 0.048773
v 0.417346 -0.624603 0.024504
v 0.416678 -0.623602 -0.000000
v 0.417346 -0.624603 -0.024504
v 0.419346 -0.627596 -0.048773
v 0.422658 -0.632553 -0.072571
v 0.427250 -0.639425 -0.095671
v 0.433078 -0.648147 -0.117849
v 0.440085 -0.658634 -0.138893
v 0.448205 -0.670786 -0.158598
v 0.457358 -0.684485 -0.176777
v 0.467458 -0.699600 -0.193253
v 0.478406 -0.715985 -0.207867
v 0.490097 -0.733482 -0.220480
v 0.502418 -0.751922 -0.230970
v 0.515252 -0.771129 -0.239235
v 0.528474 -0.790917 -0.245196
v 0.541956 -0.811095 -0.248796
v 0.555570 -0.831470 -0.250000
v 0.569184 -0.851844 -0.248796
v 0.582667 -0.872023 -0.245196
v 0.595888 -0.891810 -0.239235
v 0.608722 -0.911017 -0.230970
v 0.621044 -0.929458 -0.220480
v 0.632735 -0.946955 -0.207867
v 0.643683 -0.963339 -0.193253
v 0.653782 -0.978454 -0.176777
v 0.662935 -0.992153 -0.158598
v 0.671055 -1.004305 -0.138893
v 0.678062 -1.014792 -0.117849
v 0.683890 -1.023514 -0.095671
v 0.688482 -1.030386 -0.072571
v 0.691794 -1.035343 -0.048773
v 0.693794 -1.038336 -0.024504
v 0.744624 -1.004009 -0.000000
v 0.743907 -1.003042 0.024504
v 0.741763 -1.000151 0.048773
v 0.738211 -0.995363 0.072571
v 0.733288 -0.988724 0.095671
v 0.727039 -0.980299 0.117849
v 0.719526 -0.970168 0.138893
v 0.710820 -0.958429 0.158598
v 0.701005 -0.945196 0.176777
v 0.690176 -0.930595 0.193253
v 0.678437 -0.914767 0.207867
v 0.665902 -0.897865 0.220480
v 0.652690 -0.880051 0.230970
v 0.638930 -0.861497 0.239235
v 0.624753 -0.842382 0.245196
v 0.610296 -0.822890 0.248796
v 0.595699 -0.803208 0.250000
v 0.581102 -0.783525 0.248796
v 0.566646 -0.764033 0.245196
v 0.552469 -0.744918 0.239235
v 0.538708 -0.726364 0.230970
v 0.525497 -0.708550 0.220480
v 0.512961 -0.691648 0.207867
v 0.501222 -0.675820 0.193253
v 0.490394 -0.661219 0.176777
v 0.480579 -0.647986 0.158598
v 0.471873 -0.636247 0.138893
v 0.464359 -0.626116 0.117849
v 0.458111 -0.617691 0.095671
v 0.453187 -0.611052 0.072571
v 0.449636 -0.606264 0.048773
v 0.447492 -0.603373 0.024504
v 0.446774 -0.602406 -0.000000
v 0.447492 -0.603373 -0.024504
v 0.449636 -0.606264 -0.048773
v 0.453187 -0.611052 -0.072571
v 0.458111 -0.617691 -0.095671
v 0.464359 -0.626116 -0.117849
v 0.471873 -0.636247 -0.138893
v 0.480579 -0.647986 -0.158598
v 0.490394 -0.661219 -0.176777
v 0.501222 -0.675820 -0.193253
v 0.512961 -0.691648 -0.207867
v 0.525497 -0.708550 -0.220480
v 0.538708 -0.726364 -0.230970
v 0.552469 -0.744918 -0.239235
v 0.566646 -0.764033 -0.245196
v 0.581102 -0.783525 -0.248796
v 0.595699 -0.803208 -0.250000
v 0.610296 -0.822890 -0.248796
v 0.624753 -0.842382 -0.245196
v 0.638930 -0.861497 -0.239235
v 0.652690 -0.880051 -0.230970
v 0.665902 -0.897865 -0.220480
v 0.678437 -0.914767 -0.207867
v 0.690176 -0.930595 -0.193253
v 0.701005 -0.945196 -0.176777
v 0.710820 -0.958429 -0.158598
v 0.719526 -0.970168 -0.138893
v 0.727039 -0.980299 -0.117849
v 0.733288 -0.988724 -0.095671
v 0.738211 -0.995363 -0.072571
v 0.741763 -1.000151 -0.048773
v 0.743907 -1.003042 -0.024504
v 0.792992 -0.966263 -0.000000
v 0.792228 -0.965332 0.024504
v 0.789944 -0.962550 0.048773
v 0.786162 -0.957942 0.072571
v 0.780919 -0.951553 0.095671
v 0.774265 -0.943444 0.117849
v 0.766263 -0.933694 0.138893
v 0.756992 -0.922397 0.158598
v 0.746539 -0.909661 0.176777
v 0.735007 -0.895608 0.193253
v 0.722506 -0.880376 0.207867
v 0.709156 -0.864109 0.220480
v 0.695086 -0.846965 0.230970
v 0.680432 -0.829109 0.239235
v 0.665334 -0.810712 0.245196
v 0.649939 -0.791952 0.248796
v 0.634393 -0.773010 0.250000
v 0.618848 -0.754068 0.248796
v 0.603452 -0.735309 0.245196
v 0.588355 -0.716912 0.239235
v 0.573700 -0.699056 0.230970
v 0.559631 -0.681912 0.220480
v 0.546281 -0.665645 0.207867
v 0.533780 -0.650412 0.193253
v 0.522247 -0.636360 0.176777
v 0.511795 -0.623624 0.158598
v 0.502524 -0.612327 0.138893
v 0.494522 -0.602577 0.117849
v 0.487868 -0.594468 0.095671
v 0.482624 -0.588079 0.072571
v 0.478842 -0.583471 0.048773
v 0.476559 -0.580688 0.024504
v 0.475795 -0.579758 -0.000000
v 0.476559 -0.580688 -0.024504
v 0.478842 -0.583471 -0.048773
v 0.482624 -0.588079 -0.072571
v 0.487868 -0.594468 -0.095671
v 0.494522 -0.602577 -0.117849
v 0.502524 -0.612327 -0.138893
v 0.511795 -0.623624 -0.158598
v 0.522247 -0.636360 -0.176777
v 0.533780 -0.650412 -0.193253
v 0.546281 -0.665645 -0.207867
v 0.559631 -0.681912 -0.220480
v 0.573700 -0.699056 -0.230970
v 0.588355 -0.716912 -0.239235
v 0.603452 -0.735309 -0.245196
v 0.618848 -0.754068 -0.248796
v 0.634393 -0.773010 -0.250000
v 0.649939 -0.791952 -0.248796
v 0.665334 -0.810712 -0.245196
v 0.680432 -0.829109 -0.239235
v 0.695086 -0.846965 -0.230970
v 0.709156 -0.864109 -0.220480
v 0.722506 -0.880376 -0.207867
v 0.735007 -0.895608 -0.193253
v 0.746539 -0.909661 -0.176777
v 0.756992 -0.922397 -0.158598
v 0.766263 -0.933694 -0.138893
v 0.774265 -0.943444 -0.117849
v 0.780919 -0.951553 -0.095671
v 0.786162 -0.957942 -0.072571
v 0.789944 -0.962550 -0.048773
v 0.792228 -0.965332 -0.024504
v 0.839449 -0.926189 -0.000000
v 0.838641 -0.925297 0.024504
v 0.836223 -0.922629 0.048773
v 0.832220 -0.918212 0.072571
v 0.826669 -0.912088 0.095671
v 0.819625 -0.904316 0.117849
v 0.811154 -0.894970 0.138893
v 0.801340 -0.884142 0.158598
v 0.790275 -0.871934 0.176777
v 0.778067 -0.858464 0.193253
v 0.764834 -0.843863 0.207867
v 0.750702 -0.828271 0.220480
v 0.735808 -0.811838 0.230970
v 0.720295 -0.794723 0.239235
v 0.704313 -0.777089 0.245196
v 0.688015 -0.759107 0.248796
v 0.671559 -0.740951 0.250000
v 0.655103 -0.722794 0.248796
v 0.638806 -0.704813 0.245196
v 0.622823 -0.687179 0.239235
v 0.607310 -0.670063 0.230970
v 0.592416 -0.653630 0.220480
v 0.578285 -0.638038 0.207867
v 0.565051 -0.623437 0.193253
v 0.552843 -0.609968 0.176777
v 0.541779 -0.597760 0.158598
v 0.531964 -0.586931 0.138893
v 0.523494 -0.577586 0.117849
v 0.516449 -0.569814 0.095671
v 0.510899 -0.563689 0.072571
v 0.506895 -0.559272 0.048773
v 0.504478 -0.556605 0.024504
v 0.503669 -0.555713 -0.000000
v 0.504478 -0.556605 -0.024504
v 0.506895 -0.559272 -0.048773
v 0.510899 -0.563689 -0.072571
v 0.516449 -0.569814 -0.095671
v 0.523494 -0.577586 -0.117849
v 0.531964 -0.586931 -0.138893
v 0.541779 -0.597760 -0.158598
v 0.552843 -0.609968 -0.176777
v 0.565051 -0.623437 -0.193253
v 0.578285 -0.638038 -0.207867
v 0.592416 -0.653630 -0.220480
v 0.607310 -0.670063 -0.230970
v 0.622823 -0.687179 -0.239235
v 0.638806 -0.704813 -0.245196
v 0.655103 -0.722794 -0.248796
v 0.671559 -0.740951 -0.250000
v 0.688015 -0.759107 -0.248796
v 0.704313 -0.777089 -0.245196
v 0.720295 -0.794723 -0.239235
v 0.735808 -0.811838 -0.230970
v 0.750702 -0.828271 -0.220480
v 0.764834 -0.843863 -0.207867
v 0.778067 -0.858464 -0.193253
v 0.790275 -0.871934 -0.176777
v 0.801340 -0.884142 -0.158598
v 0.811154 -0.894970 -0.138893
v 0.819625 -0.904316 -0.117849
v 0.826669 -0.912088 -0.095671
v 0.832220 -0.918212 -0.072571
v 0.836223 -0.922629 -0.048773
v 0.838641 -0.925297 -0.024504
v 0.883883 -0.883884 -0.000000
v 0.883032 -0.883033 0.024504
v 0.880486 -0.880487 0.048773
v 0.876271 -0.876272 0.072571
v 0.870427 -0.870428 0.095671
v 0.863009 -0.863010 0.117849
v 0.854091 -0.854092 0.138893
v 0.843757 -0.843757 0.158598
v 0.832106 -0.832107 0.176777
v 0.819252 -0.819253 0.193253
v 0.805318 -0.805319 0.207867
v 0.790438 -0.790439 0.220480
v 0.774756 -0.774757 0.230970
v 0.758422 -0.758423 0.239235
v 0.741594 -0.741595 0.245196
v 0.724434 -0.724434 0.248796
v 0.707106 -0.707107 0.250000
v 0.689779 -0.689780 0.248796
v 0.672619 -0.672620 0.245196
v 0.655791 -0.655792 0.239235
v 0.639457 -0.639458 0.230970
v 0.623775 -0.623775 0.220480
v 0.608895 -0.608895 0.207867
v 0.594961 -0.594961 0.193253
v 0.582106 -0.582107 0.176777
v 0.570456 -0.570457 0.158598
v 0.560122 -0.560123 0.138893
v 0.551203 -0.551204 0.117849
v 0.543786 -0.543787 0.095671
v 0.537942 -0.537942 0.072571
v 0.533727 -0.533727 0.048773
v 0.531181 -0.531182 0.024504
v 0.530330 -0.530330 -0.000000
v 0.531181 -0.531182 -0.024504
v 0.533727 -0.533727 -0.048773
v 0.537942 -0.537942 -0.072571
v 0.543786 -0.543787 -0.095671
v 0.551203 -0.551204 -0.117849
v 0.560122 -0.560123 -0.138893
v 0.570456 -0.570457 -0.158598
v 0.582106 -0.582107 -0.176777
v 0.594961 -0.594961 -0.193253
v 0.608895 -0.608895 -0.207867
v 0.623775 -0.623775 -0.220480
v 0.639457 -0.639458 -0.230970
v 0.655791 -0.655792 -0.239235
v 0.672619 -0.672620 -0.245196
v 0.689779 -0.689780 -0.248796
v 0.707106 -0.707107 -0.250000
v 0.724434 -0.724434 -0.248796
v 0.741594 -0.741595 -0.245196
v 0.758422 -0.758423 -0.239235
v 0.774756 -0.774757 -0.230970
v 0.790438 -0.790439 -0.220480
v 0.805318 -0.805319 -0.207867
v 0.819252 -0.819253 -0.193253
v 0.832106 -0.832107 -0.176777
v 0.843757 -0.843757 -0.158598
v 0.854091 -0.854092 -0.138893
v 0.863009 -0.863010 -0.117849
v 0.870427 -0.870428 -0.095671
v 0.876271 -0.876272 -0.072571
v 0.880486 -0.880487 -0.048773
v 0.883032 -0.883033 -0.024504
v 0.926189 -0.839449 -0.000000
v 0.925297 -0.838641 0.024504
v 0.922629 -0.836223 0.048773
v 0.918212 -0.832220 0.072571
v 0.912088 -0.826669 0.095671
v 0.904316 -0.819625 0.117849
v 0.894970 -0.811155 0.138893
v 0.884141 -0.801340 0.158598
v 0.871934 -0.790275 0.176777
v 0.858464 -0.778067 0.193253
v 0.843863 -0.764834 0.207867
v 0.828271 -0.750702 0.220480
v 0.811838 -0.735808 0.230970
v 0.794722 -0.720295 0.239235
v 0.777089 -0.704313 0.245196
v 0.759107 -0.688015 0.248796
v 0.740951 -0.671559 0.250000
v 0.722794 -0.655103 0.248796
v 0.704813 -0.638806 0.245196
v 0.687179 -0.622823 0.239235
v 0.670063 -0.607311 0.230970
v 0.653630 -0.592417 0.220480
v 0.638038 -0.578285 0.207867
v 0.623437 -0.565051 0.193253
v 0.609968 -0.552843 0.176777
v 0.597760 -0.541779 0.158598
v 0.586931 -0.531964 0.138893
v 0.577586 -0.523494 0.117849
v 0.569813 -0.516449 0.095671
v 0.563689 -0.510899 0.072571
v 0.559272 -0.506895 0.048773
v 0.556605 -0.504478 0.024504
v 0.555713 -0.503669 -0.000000
v 0.556605 -0.504478 -0.024504
v 0.559272 -0.506895 -0.048773
v 0.563689 -0.510899 -0.072571
v 0.569813 -0.516449 -0.095671
v 0.577586 -0.523494 -0.117849
v 0.586931 -0.531964 -0.138893
v 0.597760 -0.541779 -0.158598
v 0.609968 -0.552843 -0.176777
v 0.623437 -0.565051 -0.193253
v 0.638038 -0.578285 -0.207867
v 0.653630 -0.592417 -0.220480
v 0.670063 -0.607311 -0.230970
v 0.687179 -0.622823 -0.239235
v 0.704813 -0.638806 -0.245196
v 0.722794 -0.655103 -0.248796
v 0.740951 -0.671559 -0.250000
v 0.759107 -0.688015 -0.248796
v 0.777089 -0.704313 -0.245196
v 0.794722 -0.720295 -0.239235
v 0.811838 -0.735808 -0.230970
v 0.828271 -0.750702 -0.220480
v 0.843863 -0.764834 -0.207867
v 0.858464 -0.778067 -0.193253
v 0.871934 -0.790275 -0.176777
v 0.884141 -0.801340 -0.158598
v 0.894970 -0.811155 -0.138893
v 0.904316 -0.819625 -0.117849
v 0.912088 -0.826669 -0.095671
v 0.918212 -0.832220 -0.072571
v 0.922629 -0.836223 -0.048773
v 0.925297 -0.838641 -0.024504
v 0.966263 -0.792992 -0.000000
v 0.965332 -0.792228 0.024504
v 0.962550 -0.789944 0.048773
v 0.957941 -0.786163 0.072571
v 0.951552 -0.780919 0.095671
v 0.943444 -0.774265 0.117849
v 0.933694 -0.766263 0.138893
v 0.922396 -0.756992 0.158598
v 0.909660 -0.746539 0.176777
v 0.895608 -0.735007 0.193253
v 0.880376 -0.722506 0.207867
v 0.864109 -0.709156 0.220480
v 0.846965 -0.695086 0.230970
v 0.829108 -0.680432 0.239235
v 0.810712 -0.665335 0.245196
v 0.791952 -0.649939 0.248796
v 0.773010 -0.634394 0.250000
v 0.754068 -0.618848 0.248796
v 0.735309 -0.603453 0.245196
v 0.716912 -0.588355 0.239235
v 0.699056 -0.573701 0.230970
v 0.681912 -0.559631 0.220480
v 0.665645 -0.546281 0.207867
v 0.650412 -0.533780 0.193253
v 0.636360 -0.522247 0.176777
v 0.623624 -0.511795 0.158598
v 0.612327 -0.502524 0.138893
v 0.602577 -0.494522 0.117849
v 0.594468 -0.487868 0.095671
v 0.588079 -0.482624 0.072571
v 0.583471 -0.478843 0.048773
v 0.580688 -0.476559 0.024504
v 0.579758 -0.475795 -0.000000
v 0.580688 -0.476559 -0.024504
v 0.583471 -0.478843 -0.048773
v 0.588079 -0.482624 -0.072571
v 0.594468 -0.487868 -0.095671
v 0.602577 -0.494522 -0.117849
v 0.612327 -0.502524 -0.138893
v 0.623624 -0.511795 -0.158598
v 0.636360 -0.522247 -0.176777
v 0.650412 -0.533780 -0.193253
v 0.665645 -0.546281 -0.207867
v 0.681912 -0.559631 -0.220480
v 0.699056 -0.573701 -0.230970
v 0.716912 -0.588355 -0.239235
v 0.735309 -0.603453 -0.245196
v 0.754068 -0.618848 -0.248796
v 0.773010 -0.634394 -0.250000
v 0.791952 -0.649939 -0.248796
v 0.810712 -0.665335 -0.245196
v 0.829108 -0.680432 -0.239235
v 0.846965 -0.695086 -0.230970
v 0.864109 -0.709156 -0.220480
v 0.880376 -0.722506 -0.207867
v 0.895608 -0.735007 -0.193253
v 0.909660 -0.746539 -0.176777
v 0.922396 -0.756992 -0.158598
v 0.933694 -0.766263 -0.138893
v 0.943444 -0.774265 -0.117849
v 0.951552 -0.780919 -0.095671
v 0.957941 -0.786163 -0.072571
v 0.962550 -0.789944 -0.048773
v 0.965332 -0.792228 -0.024504
v 1.004009 -0.744624 -0.000000
v 1.003042 -0.743907 0.024504
v 1.000151 -0.741763 0.048773
v 0.995363 -0.738212 0.072571
v 0.988724 -0.733288 0.095671
v 0.980299 -0.727039 0.117849
v 0.970168 -0.719526 0.138893
v 0.958429 -0.710820 0.158598
v 0.945196 -0.701005 0.176777
v 0.930595 -0.690176 0.193253
v 0.914767 -0.678438 0.207867
v 0.897865 -0.665902 0.220480
v 0.880051 -0.652690 0.230970
v 0.861497 -0.638930 0.239235
v 0.842382 -0.624753 0.245196
v 0.822890 -0.610297 0.248796
v 0.803207 -0.595699 0.250000
v 0.783525 -0.581102 0.248796
v 0.764033 -0.566646 0.245196
v 0.744918 -0.552469 0.239235
v 0.726364 -0.538708 0.230970
v 0.708550 -0.525497 0.220480
v 0.691648 -0.512961 0.207867
v 0.675820 -0.501222 0.193253
v 0.661219 -0.490394 0.176777
v 0.647986 -0.480579 0.158598
v 0.636247 -0.471873 0.138893
v 0.626116 -0.464359 0.117849
v 0.617691 -0.458111 0.095671
v 0.611052 -0.453187 0.072571
v 0.606264 -0.449636 0.048773
v 0.603373 -0.447492 0.024504
v 0.602406 -0.446775 -0.000000
v 0.603373 -0.447492 -0.024504
v 0.606264 -0.449636 -0.048773
v 0.611052 -0.453187 -0.072571
v 0.617691 -0.458111 -0.095671
v 0.626116 -0.464359 -0.117849
v 0.636247 -0.471873 -0.138893
v 0.647986 -0.480579 -0.158598
v 0.661219 -0.490394 -0.176777
v 0.675820 -0.501222 -0.193253
v 0.691648 -0.512961 -0.207867
v 0.708550 -0.525497 -0.220480
v 0.726364 -0.538708 -0.230970
v 0.744918 -0.552469 -0.239235
v 0.764033 -0.566646 -0.245196
v 0.783525 -0.581102 -0.248796
v 0.803207 -0.595699 -0.250000
v 0.822890 -0.610297 -0.248796
v 0.842382 -0.624753 -0.245196
v 0.861497 -0.638930 -0.239235
v 0.880051 -0.652690 -0.230970
v 0.897865 -0.665902 -0.220480
v 0.914767 -0.678438 -0.207867
v 0.930595 -0.690176 -0.193253
v 0.945196 -0.701005 -0.176777
v 0.958429 -0.710820 -0.158598
v 0.970168 -0.719526 -0.138893
v 0.980299 -0.727039 -0.117849
v 0.988724 -0.733288 -0.095671
v 0.995363 -0.738212 -0.072571
v 1.000151 -0.741763 -0.048773
v 1.003042 -0.743907 -0.024504
v 1.039337 -0.694463 -0.000000
v 1.038336 -0.693794 0.024504
v 1.035343 -0.691794 0.048773
v 1.030386 -0.688482 0.072571
v 1.023514 -0.683890 0.095671
v 1.014792 -0.678063 0.117849
v 1.004305 -0.671055 0.138893
v 0.992153 -0.662936 0.158598
v 0.978454 -0.653782 0.176777
v 0.963339 -0.643683 0.193253
v 0.946954 -0.632735 0.207867
v 0.929458 -0.621044 0.220480
v 0.911017 -0.608722 0.230970
v 0.891810 -0.595889 0.239235
v 0.872023 -0.582667 0.245196
v 0.851844 -0.569184 0.248796
v 0.831470 -0.555570 0.250000
v 0.811095 -0.541956 0.248796
v 0.790917 -0.528474 0.245196
v 0.771129 -0.515252 0.239235
v 0.751922 -0.502418 0.230970
v 0.733482 -0.490097 0.220480
v 0.715985 -0.478406 0.207867
v 0.699600 -0.467458 0.193253
v 0.684485 -0.457358 0.176777
v 0.670786 -0.448205 0.158598
v 0.658634 -0.440085 0.138893
v 0.648147 -0.433078 0.117849
v 0.639425 -0.427250 0.095671
v 0.632553 -0.422658 0.072571
v 0.627596 -0.419346 0.048773
v 0.624603 -0.417347 0.024504
v 0.623602 -0.416678 -0.000000
v 0.624603 -0.417347 -0.024504
v 0.627596 -0.419346 -0.048773
v 0.632553 -0.422658 -0.072571
v 0.639425 -0.427250 -0.095671
v 0.648147 -0.433078 -0.117849
v 0.658634 -0.440085 -0.138893
v 0.670786 -0.448205 -0.158598
v 0.684485 -0.457358 -0.176777
v 0.699600 -0.467458 -0.193253
v 0.715985 -0.478406 -0.207867
v 0.733482 -0.490097 -0.220480
v 0.751922 -0.502418 -0.230970
v 0.771129 -0.515252 -0.239235
v 0.790917 -0.528474 -0.245196
v 0.811095 -0.541956 -0.248796
v 0.831470 -0.555570 -0.250000
v 0.851844 -0.569184 -0.248796
v 0.872023 -0.582667 -0.245196
v 0.891810 -0.595889 -0.239235
v 0.911017 -0.608722 -0.230970
v 0.929458 -0.621044 -0.220480
v 0.946954 -0.632735 -0.207867
v 0.963339 -0.643683 -0.193253
v 0.978454 -0.653782 -0.176777
v 0.992153 -0.662936 -0.158598
v 1.004305 -0.671055 -0.138893
v 1.014792 -0.678063 -0.117849
v 1.023514 -0.683890 -0.095671
v 1.030386 -0.688482 -0.072571
v 1.035343 -0.691794 -0.048773
v 1.038336 -0.693794 -0.024504
v 1.072161 -0.642628 -0.000000
v 1.071128 -0.642009 0.024504
v 1.068041 -0.640159 0.048773
v 1.062927 -0.637094 0.072571
v 1.055838 -0.632845 0.095671
v 1.046841 -0.627452 0.117849
v 1.036022 -0.620968 0.138893
v 1.023487 -0.613454 0.158598
v 1.009355 -0.604984 0.176777
v 0.993763 -0.595638 0.193253
v 0.976861 -0.585508 0.207867
v 0.958811 -0.574689 0.220480
v 0.939788 -0.563287 0.230970
v 0.919975 -0.551412 0.239235
v 0.899562 -0.539177 0.245196
v 0.878747 -0.526700 0.248796
v 0.857729 -0.514103 0.250000
v 0.836711 -0.501505 0.248796
v 0.815895 -0.489029 0.245196
v 0.795482 -0.476794 0.239235
v 0.775669 -0.464918 0.230970
v 0.756646 -0.453516 0.220480
v 0.738597 -0.442698 0.207867
v 0.721694 -0.432567 0.193253
v 0.706102 -0.423221 0.176777
v 0.691970 -0.414751 0.158598
v 0.679435 -0.407237 0.138893
v 0.668616 -0.400753 0.117849
v 0.659619 -0.395360 0.095671
v 0.652530 -0.391111 0.072571
v 0.647417 -0.388047 0.048773
v 0.644329 -0.386196 0.024504
v 0.643296 -0.385577 -0.000000
v 0.644329 -0.386196 -0.024504
v 0.647417 -0.388047 -0.048773
v 0.652530 -0.391111 -0.072571
v 0.659619 -0.395360 -0.095671
v 0.668616 -0.400753 -0.117849
v 0.679435 -0.407237 -0.138893
v 0.691970 -0.414751 -0.158598
v 0.706102 -0.423221 -0.176777
v 0.721694 -0.432567 -0.193253
v 0.738597 -0.442698 -0.207867
v 0.756646 -0.453516 -0.220480
v 0.775669 -0.464918 -0.230970
v 0.795482 -0.476794 -0.239235
v 0.815895 -0.489029 -0.245196
v 0.836711 -0.501505 -0.248796
v 0.857729 -0.514103 -0.250000
v 0.878747 -0.526700 -0.248796
v 0.899562 -0.539177 -0.245196
v 0.919975 -0.551412 -0.239235
v 0.939788 -0.563287 -0.230970
v 0.958811 -0.574689 -0.220480
v 0.976861 -0.585508 -0.207867
v 0.993763 -0.595638 -0.193253
v 1.009355 -0.604984 -0.176777
v 1.023487 -0.613454 -0.158598
v 1.036022 -0.620968 -0.138893
v 1.046841 -0.627452 -0.117849
v 1.055838 -0.632845 -0.095671
v 1.062927 -0.637094 -0.072571
v 1.068041 -0.640159 -0.048773
v 1.071128 -0.642009 -0.024504
v 1.102402 -0.589246 -0.000000
v 1.101340 -0.588678 0.024504
v 1.098165 -0.586981 0.048773
v 1.092908 -0.584171 0.072571
v 1.085619 -0.580275 0.095671
v 1.076368 -0.575330 0.117849
v 1.065244 -0.569384 0.138893
v 1.052355 -0.562495 0.158598
v 1.037825 -0.554728 0.176777
v 1.021793 -0.546159 0.193253
v 1.004414 -0.536870 0.207867
v 0.985855 -0.526950 0.220480
v 0.966296 -0.516495 0.230970
v 0.945923 -0.505606 0.239235
v 0.924935 -0.494388 0.245196
v 0.903532 -0.482948 0.248796
v 0.881921 -0.471397 0.250000
v 0.860311 -0.459845 0.248796
v 0.838908 -0.448405 0.245196
v 0.817919 -0.437187 0.239235
v 0.797547 -0.426298 0.230970
v 0.777988 -0.415843 0.220480
v 0.759429 -0.405923 0.207867
v 0.742050 -0.396634 0.193253
v 0.726018 -0.388065 0.176777
v 0.711488 -0.380298 0.158598
v 0.698599 -0.373409 0.138893
v 0.687475 -0.367463 0.117849
v 0.678224 -0.362518 0.095671
v 0.670935 -0.358622 0.072571
v 0.665677 -0.355812 0.048773
v 0.662503 -0.354115 0.024504
v 0.661441 -0.353547 -0.000000
v 0.662503 -0.354115 -0.024504
v 0.665677 -0.355812 -0.048773
v 0.670935 -0.358622 -0.072571
v 0.678224 -0.362518 -0.095671
v 0.687475 -0.367463 -0.117849
v 0.698599 -0.373409 -0.138893
v 0.711488 -0.380298 -0.158598
v 0.726018 -0.388065 -0.176777
v 0.742050 -0.396634 -0.193253
v 0.759429 -0.405923 -0.207867
v 0.777988 -0.415843 -0.220480
v 0.797547 -0.426298 -0.230970
v 0.817919 -0.437187 -0.239235
v 0.838908 -0.448405 -0.245196
v 0.860311 -0.459845 -0.248796
v 0.881921 -0.471397 -0.250000
v 0.903532 -0.482948 -0.248796
v 0.924935 -0.494388 -0.245196
v 0.945923 -0.505606 -0.239235
v 0.966296 -0.516495 -0.230970
v 0.985855 -0.526950 -0.220480
v 1.004414 -0.536870 -0.207867
v 1.021793 -0.546159 -0.193253
v 1.037825 -0.554728 -0.176777
v 1.052355 -0.562495 -0.158598
v 1.065244 -0.569384 -0.138893
v 1.076368 -0.575330 -0.117849
v 1.085619 -0.580275 -0.095671
v 1.092908 -0.584171 -0.072571
v 1.098165 -0.586981 -0.048773
v 1.101340 -0.588678 -0.024504
v 1.129986 -0.534445 -0.000000
v 1.128898 -0.533930 0.024504
v 1.125644 -0.532391 0.048773
v 1.120255 -0.529842 0.072571
v 1.112783 -0.526308 0.095671
v 1.103301 -0.521823 0.117849
v 1.091899 -0.516430 0.138893
v 1.078687 -0.510182 0.158598
v 1.063793 -0.503137 0.176777
v 1.047360 -0.495365 0.193253
v 1.029546 -0.486940 0.207867
v 1.010523 -0.477943 0.220480
v 0.990474 -0.468460 0.230970
v 0.969593 -0.458584 0.239235
v 0.948079 -0.448409 0.245196
v 0.926141 -0.438033 0.248796
v 0.903989 -0.427556 0.250000
v 0.881837 -0.417079 0.248796
v 0.859899 -0.406703 0.245196
v 0.838386 -0.396527 0.239235
v 0.817504 -0.386651 0.230970
v 0.797455 -0.377169 0.220480
v 0.778432 -0.368171 0.207867
v 0.760618 -0.359746 0.193253
v 0.744185 -0.351974 0.176777
v 0.729291 -0.344929 0.158598
v 0.716079 -0.338681 0.138893
v 0.704677 -0.333288 0.117849
v 0.695195 -0.328803 0.095671
v 0.687723 -0.325269 0.072571
v 0.682334 -0.322721 0.048773
v 0.679080 -0.321181 0.024504
v 0.677992 -0.320667 -0.000000
v 0.679080 -0.321181 -0.024504
v 0.682334 -0.322721 -0.048773
v 0.687723 -0.325269 -0.072571
v 0.695195 -0.328803 -0.095671
v 0.704677 -0.333288 -0.117849
v 0.716079 -0.338681 -0.138893
v 0.729291 -0.344929 -0.158598
v 0.744185 -0.351974 -0.176777
v 0.760618 -0.359746 -0.193253
v 0.778432 -0.368171 -0.207867
v 0.797455 -0.377169 -0.220480
v 0.817504 -0.386651 -0.230970
v 0.838386 -0.396527 -0.239235
v 0.859899 -0.406703 -0.245196
v 0.881837 -0.417079 -0.248796
v 0.903989 -0.427556 -0.250000
v 0.926141 -0.438033 -0.248796
v 0.948079 -0.448409 -0.245196
v 0.969593 -0.458584 -0.239235
v 0.990474 -0.468460 -0.230970
v 1.010523 -0.477943 -0.220480
v 1.029546 -0.486940 -0.207867
v 1.047360 -0.495365 -0.193253
v 1.063793 -0.503137 -0.176777
v 1.078687 -0.510182 -0.158598
v 1.091899 -0.516430 -0.138893
v 1.103301 -0.521823 -0.117849
v 1.112783 -0.526308 -0.095671
v 1.120255 -0.529842 -0.072571
v 1.125644 -0.532391 -0.048773
v 1.128898 -0.533930 -0.024504
v 1.154849 -0.478355 -0.000000
v 1.153737 -0.477894 0.024504
v 1.150411 -0.476516 0.048773
v 1.144904 -0.474235 0.072571
v 1.137268 -0.471072 0.095671
v 1.127577 -0.467058 0.117849
v 1.115924 -0.462231 0.138893
v 1.102421 -0.456638 0.158598
v 1.087200 -0.450333 0.176777
v 1.070405 -0.443377 0.193253
v 1.052199 -0.435836 0.207867
v 1.032758 -0.427783 0.220480
v 1.012268 -0.419295 0.230970
v 0.990926 -0.410456 0.239235
v 0.968939 -0.401348 0.245196
v 0.946518 -0.392061 0.248796
v 0.923879 -0.382684 0.250000
v 0.901240 -0.373306 0.248796
v 0.878819 -0.364019 0.245196
v 0.856832 -0.354912 0.239235
v 0.835491 -0.346072 0.230970
v 0.815001 -0.337585 0.220480
v 0.795559 -0.329532 0.207867
v 0.777354 -0.321991 0.193253
v 0.760559 -0.315034 0.176777
v 0.745337 -0.308729 0.158598
v 0.731835 -0.303136 0.138893
v 0.720182 -0.298310 0.117849
v 0.710491 -0.294295 0.095671
v 0.702855 -0.291132 0.072571
v 0.697348 -0.288851 0.048773
v 0.694022 -0.287474 0.024504
v 0.692910 -0.287013 -0.000000
v 0.694022 -0.287474 -0.024504
v 0.697348 -0.288851 -0.048773
v 0.702855 -0.291132 -0.072571
v 0.710491 -0.294295 -0.095671
v 0.720182 -0.298310 -0.117849
v 0.731835 -0.303136 -0.138893
v 0.745337 -0.308729 -0.158598
v 0.760559 -0.315034 -0.176777
v 0.777354 -0.321991 -0.193253
v 0.795559 -0.329532 -0.207867
v 0.815001 -0.337585 -0.220480
v 0.835491 -0.346072 -0.230970
v 0.856832 -0.354912 -0.239235
v 0.878819 -0.364019 -0.245196
v 0.901240 -0.373306 -0.248796
v 0.923879 -0.382684 -0.250000
v 0.946518 -0.392061 -0.248796
v 0.968939 -0.401348 -0.245196
v 0.990926 -0.410456 -0.239235
v 1.012268 -0.419295 -0.230970
v 1.032758 -0.427783 -0.220480
v 1.052199 -0.435836 -0.207867
v 1.070405 -0.443377 -0.193253
v 1.087200 -0.450333 -0.176777
v 1.102421 -0.456638 -0.158598
v 1.115924 -0.462231 -0.138893
v 1.127577 -0.467058 -0.117849
v 1.137268 -0.471072 -0.095671
v 1.144904 -0.474235 -0.072571
v 1.150411 -0.476516 -0.048773
v 1.153737 -0.477894 -0.024504
v 1.176930 -0.421113 -0.000000
v 1.175797 -0.420707 0.024504
v 1.172407 -0.419494 0.048773
v 1.166794 -0.417486 0.072571
v 1.159012 -0.414702 0.095671
v 1.149136 -0.411168 0.117849
v 1.137260 -0.406919 0.138893
v 1.123500 -0.401995 0.158598
v 1.107987 -0.396444 0.176777
v 1.090871 -0.390320 0.193253
v 1.072317 -0.383682 0.207867
v 1.052504 -0.376592 0.220480
v 1.031622 -0.369121 0.230970
v 1.009873 -0.361339 0.239235
v 0.987466 -0.353321 0.245196
v 0.964616 -0.345145 0.248796
v 0.941544 -0.336890 0.250000
v 0.918472 -0.328635 0.248796
v 0.895622 -0.320459 0.245196
v 0.873215 -0.312442 0.239235
v 0.851466 -0.304660 0.230970
v 0.830584 -0.297188 0.220480
v 0.810771 -0.290099 0.207867
v 0.792217 -0.283460 0.193253
v 0.775101 -0.277336 0.176777
v 0.759588 -0.271785 0.158598
v 0.745828 -0.266862 0.138893
v 0.733952 -0.262612 0.117849
v 0.724076 -0.259079 0.095671
v 0.716294 -0.256294 0.072571
v 0.710681 -0.254286 0.048773
v 0.707291 -0.253073 0.024504
v 0.706158 -0.252668 -0.000000
v 0.707291 -0.253073 -0.024504
v 0.710681 -0.254286 -0.048773
v 0.716294 -0.256294 -0.072571
v 0.724076 -0.259079 -0.095671
v 0.733952 -0.262612 -0.117849
v 0.745828 -0.266862 -0.138893
v 0.759588 -0.271785 -0.158598
v 0.775101 -0.277336 -0.176777
v 0.792217 -0.283460 -0.193253
v 0.810771 -0.290099 -0.207867
v 0.830584 -0.297188 -0.220480
v 0.851466 -0.304660 -0.230970
v 0.873215 -0.312442 -0.239235
v 0.895622 -0.320459 -0.245196
v 0.918472 -0.328635 -0.248796
v 0.941544 -0.336890 -0.250000
v 0.964616 -0.345145 -0.248796
v 0.987466 -0.353321 -0.245196
v 1.009873 -0.361339 -0.239235
v 1.031622 -0.369121 -0.230970
v 1.052504 -0.376592 -0.220480
v 1.072317 -0.383682 -0.207867
v 1.090871 -0.390320 -0.193253
v 1.107987 -0.396444 -0.176777
v 1.123500 -0.401995 -0.158598
v 1.137260 -0.406919 -0.138893
v 1.149136 -0.411168 -0.117849
v 1.159012 -0.414702 -0.095671
v 1.166794 -0.417486 -0.072571
v 1.172407 -0.419494 -0.048773
v 1.175797 -0.420707 -0.024504
v 1.196175 -0.362856 -0.000000
v 1.195023 -0.362507 0.024504
v 1.191579 -0.361462 0.048773
v 1.185874 -0.359731 0.072571
v 1.177965 -0.357332 0.095671
v 1.167927 -0.354287 0.117849
v 1.155857 -0.350626 0.138893
v 1.141871 -0.346383 0.158598
v 1.126105 -0.341600 0.176777
v 1.108709 -0.336323 0.193253
v 1.089852 -0.330603 0.207867
v 1.069715 -0.324495 0.220480
v 1.048492 -0.318057 0.230970
v 1.026386 -0.311351 0.239235
v 1.003613 -0.304443 0.245196
v 0.980389 -0.297398 0.248796
v 0.956940 -0.290285 0.250000
v 0.933491 -0.283172 0.248796
v 0.910268 -0.276127 0.245196
v 0.887494 -0.269218 0.239235
v 0.865389 -0.262513 0.230970
v 0.844166 -0.256075 0.220480
v 0.824028 -0.249966 0.207867
v 0.805171 -0.244246 0.193253
v 0.787776 -0.238969 0.176777
v 0.772009 -0.234186 0.158598
v 0.758024 -0.229944 0.138893
v 0.745954 -0.226283 0.117849
v 0.735916 -0.223238 0.095671
v 0.728007 -0.220838 0.072571
v 0.722302 -0.219108 0.048773
v 0.718857 -0.218063 0.024504
v 0.717705 -0.217714 -0.000000
v 0.718857 -0.218063 -0.024504
v 0.722302 -0.219108 -0.048773
v 0.728007 -0.220838 -0.072571
v 0.735916 -0.223238 -0.095671
v 0.745954 -0.226283 -0.117849
v 0.758024 -0.229944 -0.138893
v 0.772009 -0.234186 -0.158598
v 0.787776 -0.238969 -0.176777
v 0.805171 -0.244246 -0.193253
v 0.824028 -0.249966 -0.207867
v 0.844166 -0.256075 -0.220480
v 0.865389 -0.262513 -0.230970
v 0.887494 -0.269218 -0.239235
v 0.910268 -0.276127 -0.245196
v 0.933491 -0.283172 -0.248796
v 0.956940 -0.290285 -0.250000
v 0.980389 -0.297398 -0.248796
v 1.003613 -0.304443 -0.245196
v 1.026386 -0.311351 -0.239235
v 1.048492 -0.318057 -0.230970
v 1.069715 -0.324495 -0.220480
v 1.089852 -0.330603 -0.207867
v 1.108709 -0.336323 -0.193253
v 1.126105 -0.341600 -0.176777
v 1.141871 -0.346383 -0.158598
v 1.155857 -0.350626 -0.138893
v 1.167927 -0.354287 -0.117849
v 1.177965 -0.357332 -0.095671
v 1.185874 -0.359731 -0.072571
v 1.191579 -0.361462 -0.048773
v 1.195023 -0.362507 -0.024504
v 1.212539 -0.303725 -0.000000
v 1.211371 -0.303433 0.024504
v 1.207879 -0.302558 0.048773
v 1.202097 -0.301110 0.072571
v 1.194079 -0.299101 0.095671
v 1.183904 -0.296553 0.117849
v 1.171669 -0.293488 0.138893
v 1.157492 -0.289937 0.158598
v 1.141510 -0.285933 0.176777
v 1.123877 -0.281516 0.193253
v 1.104761 -0.276728 0.207867
v 1.084349 -0.271615 0.220480
v 1.062835 -0.266226 0.230970
v 1.040428 -0.260614 0.239235
v 1.017342 -0.254831 0.245196
v 0.993801 -0.248934 0.248796
v 0.970031 -0.242980 0.250000
v 0.946261 -0.237026 0.248796
v 0.922720 -0.231129 0.245196
v 0.899635 -0.225347 0.239235
v 0.877228 -0.219734 0.230970
v 0.855714 -0.214345 0.220480
v 0.835301 -0.209232 0.207867
v 0.816186 -0.204444 0.193253
v 0.798552 -0.200027 0.176777
v 0.782570 -0.196024 0.158598
v 0.768393 -0.192473 0.138893
v 0.756158 -0.189408 0.117849
v 0.745983 -0.186859 0.095671
v 0.737966 -0.184851 0.072571
v 0.732183 -0.183402 0.048773
v 0.728691 -0.182528 0.024504
v 0.727523 -0.182235 -0.000000
v 0.728691 -0.182528 -0.024504
v 0.732183 -0.183402 -0.048773
v 0.737966 -0.184851 -0.072571
v 0.745983 -0.186859 -0.095671
v 0.756158 -0.189408 -0.117849
v 0.768393 -0.192473 -0.138893
v 0.782570 -0.196024 -0.158598
v 0.798552 -0.200027 -0.176777
v 0.816186 -0.204444 -0.193253
v 0.835301 -0.209232 -0.207867
v 0.855714 -0.214345 -0.220480
v 0.877228 -0.219734 -0.230970
v 0.899635 -0.225347 -0.239235
v 0.922720 -0.231129 -0.245196
v 0.946261 -0.237026 -0.248796
v 0.970031 -0.242980 -0.250000
v 0.993801 -0.248934 -0.248796
v 1.017342 -0.254831 -0.245196
v 1.040428 -0.260614 -0.239235
v 1.062835 -0.266226 -0.230970
v 1.084349 -0.271615 -0.220480
v 1.104761 -0.276728 -0.207867
v 1.123877 -0.281516 -0.193253
v 1.141510 -0.285933 -0.176777
v 1.157492 -0.289937 -0.158598
v 1.171669 -0.293488 -0.138893
v 1.183904 -0.296553 -0.117849
v 1.194079 -0.299101 -0.095671
v 1.202097 -0.301110 -0.072571
v 1.207879 -0.302558 -0.048773
v 1.211371 -0.303433 -0.024504
v 1.225982 -0.243863 -0.000000
v 1.224801 -0.243628 0.024504
v 1.221270 -0.242926 0.048773
v 1.215424 -0.241763 0.072571
v 1.207317 -0.240150 0.095671
v 1.197029 -0.238104 0.117849
v 1.184659 -0.235643 0.138893
v 1.170325 -0.232792 0.158598
v 1.154165 -0.229578 0.176777
v 1.136336 -0.226031 0.193253
v 1.117009 -0.222187 0.207867
v 1.096370 -0.218081 0.220480
v 1.074618 -0.213755 0.230970
v 1.051962 -0.209248 0.239235
v 1.028621 -0.204605 0.245196
v 1.004819 -0.199871 0.248796
v 0.980785 -0.195090 0.250000
v 0.956752 -0.190310 0.248796
v 0.932950 -0.185575 0.245196
v 0.909609 -0.180932 0.239235
v 0.886953 -0.176426 0.230970
v 0.865201 -0.172099 0.220480
v 0.844562 -0.167994 0.207867
v 0.825234 -0.164149 0.193253
v 0.807405 -0.160603 0.176777
v 0.791246 -0.157388 0.158598
v 0.776912 -0.154537 0.138893
v 0.764541 -0.152077 0.117849
v 0.754253 -0.150030 0.095671
v 0.746147 -0.148418 0.072571
v 0.740300 -0.147255 0.048773
v 0.736770 -0.146552 0.024504
v 0.735589 -0.146318 -0.000000
v 0.736770 -0.146552 -0.024504
v 0.740300 -0.147255 -0.048773
v 0.746147 -0.148418 -0.072571
v 0.754253 -0.150030 -0.095671
v 0.764541 -0.152077 -0.117849
v 0.776912 -0.154537 -0.138893
v 0.791246 -0.157388 -0.158598
v 0.807405 -0.160603 -0.176777
v 0.825234 -0.164149 -0.193253
v 0.844562 -0.167994 -0.207867
v 0.865201 -0.172099 -0.220480
v 0.886953 -0.176426 -0.230970
v 0.909609 -0.180932 -0.239235
v 0.932950 -0.185575 -0.245196
v 0.956752 -0.190310 -0.248796
v 0.980785 -0.195090 -0.250000
v 1.004819 -0.199871 -0.248796
v 1.028621 -0.204605 -0.245196
v 1.051962 -0.209248 -0.239235
v 1.074618 -0.213755 -0.230970
v 1.096370 -0.218081 -0.220480
v 1.117009 -0.222187 -0.207867
v 1.136336 -0.226031 -0.193253
v 1.154165 -0.229578 -0.176777
v 1.170325 -0.232792 -0.158598
v 1.184659 -0.235643 -0.138893
v 1.197029 -0.238104 -0.117849
v 1.207317 -0.240150 -0.095671
v 1.215424 -0.241763 -0.072571
v 1.221270 -0.242926 -0.048773
v 1.224801 -0.243628 -0.024504
v 1.236471 -0.183413 -0.000000
v 1.235280 -0.183236 0.024504
v 1.231719 -0.182708 0.048773
v 1.225822 -0.181833 0.072571
v 1.217647 -0.180620 0.095671
v 1.207271 -0.179081 0.117849
v 1.194794 -0.177231 0.138893
v 1.180337 -0.175086 0.158598
v 1.164040 -0.172669 0.176777
v 1.146058 -0.170001 0.193253
v 1.126566 -0.167110 0.207867
v 1.105750 -0.164022 0.220480
v 1.083812 -0.160768 0.230970
v 1.060962 -0.157379 0.239235
v 1.037421 -0.153887 0.245196
v 1.013416 -0.150326 0.248796
v 0.989177 -0.146730 0.250000
v 0.964938 -0.143135 0.248796
v 0.940932 -0.139574 0.245196
v 0.917391 -0.136082 0.239235
v 0.894541 -0.132692 0.230970
v 0.872603 -0.129438 0.220480
v 0.851787 -0.126350 0.207867
v 0.832295 -0.123459 0.193253
v 0.814313 -0.120792 0.176777
v 0.798016 -0.118374 0.158598
v 0.783559 -0.116230 0.138893
v 0.771083 -0.114379 0.117849
v 0.760707 -0.112840 0.095671
v 0.752531 -0.111627 0.072571
v 0.746634 -0.110752 0.048773
v 0.743073 -0.110224 0.024504
v 0.741882 -0.110048 -0.000000
v 0.743073 -0.110224 -0.024504
v 0.746634 -0.110752 -0.048773
v 0.752531 -0.111627 -0.072571
v 0.760707 -0.112840 -0.095671
v 0.771083 -0.114379 -0.117849
v 0.783559 -0.116230 -0.138893
v 0.798016 -0.118374 -0.158598
v 0.814313 -0.120792 -0.176777
v 0.832295 -0.123459 -0.193253
v 0.851787 -0.126350 -0.207867
v 0.872603 -0.129438 -0.220480
v 0.894541 -0.132692 -0.230970
v 0.917391 -0.136082 -0.239235
v 0.940932 -0.139574 -0.245196
v 0.964938 -0.143135 -0.248796
v 0.989177 -0.146730 -0.250000
v 1.013416 -0.150326 -0.248796
v 1.037421 -0.153887 -0.245196
v 1.060962 -0.157379 -0.239235
v 1.083812 -0.160768 -0.230970
v 1.105750 -0.164022 -0.220480
v 1.126566 -0.167110 -0.207867
v 1.146058 -0.170001 -0.193253
v 1.164040 -0.172669 -0.176777
v 1.180337 -0.175086 -0.158598
v 1.194794 -0.177231 -0.138893
v 1.207271 -0.179081 -0.117849
v 1.217647 -0.180620 -0.095671
v 1.225822 -0.181833 -0.072571
v 1.231719 -0.182708 -0.048773
v 1.235280 -0.183236 -0.024504
v 1.243981 -0.122522 -0.000000
v 1.242783 -0.122404 0.024504
v 1.239200 -0.122051 0.048773
v 1.233268 -0.121467 0.072571
v 1.225042 -0.120657 0.095671
v 1.214603 -0.119629 0.117849
v 1.202051 -0.118392 0.138893
v 1.187507 -0.116960 0.158598
v 1.171110 -0.115345 0.176777
v 1.153019 -0.113563 0.193253
v 1.133408 -0.111632 0.207867
v 1.112466 -0.109569 0.220480
v 1.090395 -0.107395 0.230970
v 1.067406 -0.105131 0.239235
v 1.043722 -0.102798 0.245196
v 1.019571 -0.100420 0.248796
v 0.995185 -0.098018 0.250000
v 0.970798 -0.095616 0.248796
v 0.946647 -0.093237 0.245196
v 0.922963 -0.090904 0.239235
v 0.899974 -0.088640 0.230970
v 0.877903 -0.086466 0.220480
v 0.856961 -0.084404 0.207867
v 0.837350 -0.082472 0.193253
v 0.819259 -0.080690 0.176777
v 0.802863 -0.079075 0.158598
v 0.788318 -0.077643 0.138893
v 0.775766 -0.076407 0.117849
v 0.765327 -0.075379 0.095671
v 0.757102 -0.074568 0.072571
v 0.751169 -0.073984 0.048773
v 0.747587 -0.073631 0.024504
v 0.746388 -0.073513 -0.000000
v 0.747587 -0.073631 -0.024504
v 0.751169 -0.073984 -0.048773
v 0.757102 -0.074568 -0.072571
v 0.765327 -0.075379 -0.095671
v 0.775766 -0.076407 -0.117849
v 0.788318 -0.077643 -0.138893
v 0.802863 -0.079075 -0.158598
v 0.819259 -0.080690 -0.176777
v 0.837350 -0.082472 -0.193253
v 0.856961 -0.084404 -0.207867
v 0.877903 -0.086466 -0.220480
v 0.899974 -0.088640 -0.230970
v 0.922963 -0.090904 -0.239235
v 0.946647 -0.093237 -0.245196
v 0.970798 -0.095616 -0.248796
v 0.995185 -0.098018 -0.250000
v 1.019571 -0.100419 -0.248796
v 1.043722 -0.102798 -0.245196
v 1.067406 -0.105131 -0.239235
v 1.090395 -0.107395 -0.230970
v 1.112466 -0.109569 -0.220480
v 1.133408 -0.111632 -0.207867
v 1.153019 -0.113563 -0.193253
v 1.171110 -0.115345 -0.176777
v 1.187507 -0.116960 -0.158598
v 1.202051 -0.118392 -0.138893
v 1.214603 -0.119629 -0.117849
v 1.225042 -0.120657 -0.095671
v 1.233268 -0.121467 -0.072571
v 1.239200 -0.122051 -0.048773
v 1.242783 -0.122404 -0.024504
v 1.248494 -0.061335 -0.000000
v 1.247292 -0.061276 0.024504
v 1.243696 -0.061099 0.048773
v 1.237742 -0.060807 0.072571
v 1.229487 -0.060401 0.095671
v 1.219010 -0.059887 0.117849
v 1.206412 -0.059268 0.138893
v 1.191815 -0.058551 0.158598
v 1.175359 -0.057742 0.176777
v 1.157203 -0.056850 0.193253
v 1.137521 -0.055883 0.207867
v 1.116503 -0.054851 0.220480
v 1.094351 -0.053762 0.230970
v 1.071279 -0.052629 0.239235
v 1.047509 -0.051461 0.245196
v 1.023270 -0.050270 0.248796
v 0.998795 -0.049068 0.250000
v 0.974321 -0.047866 0.248796
v 0.950082 -0.046675 0.245196
v 0.926312 -0.045507 0.239235
v 0.903240 -0.044374 0.230970
v 0.881088 -0.043285 0.220480
v 0.860070 -0.042253 0.207867
v 0.840388 -0.041286 0.193253
v 0.822232 -0.040394 0.176777
v 0.805776 -0.039586 0.158598
v 0.791178 -0.038868 0.138893
v 0.778581 -0.038250 0.117849
v 0.768104 -0.037735 0.095671
v 0.759849 -0.037329 0.072571
v 0.753894 -0.037037 0.048773
v 0.750299 -0.036860 0.024504
v 0.749097 -0.036801 -0.000000
v 0.750299 -0.036860 -0.024504
v 0.753894 -0.037037 -0.048773
v 0.759849 -0.037329 -0.072571
v 0.768104 -0.037735 -0.095671
v 0.778581 -0.038250 -0.117849
v 0.791178 -0.038868 -0.138893
v 0.805776 -0.039586 -0.158598
v 0.822232 -0.040394 -0.176777
v 0.840388 -0.041286 -0.193253
v 0.860070 -0.042253 -0.207867
v 0.881088 -0.043285 -0.220480
v 0.903240 -0.044374 -0.230970
v 0.926312 -0.045507 -0.239235
v 0.950082 -0.046675 -0.245196
v 0.974321 -0.047866 -0.248796
v 0.998795 -0.049068 -0.250000
v 1.023270 -0.050270 -0.248796
v 1.047509 -0.051461 -0.245196
v 1.071279 -0.052629 -0.239235
v 1.094351 -0.053762 -0.230970
v 1.116503 -0.054851 -0.220480
v 1.137521 -0.055883 -0.207867
v 1.157203 -0.056850 -0.193253
v 1.175359 -0.057742 -0.176777
v 1.191815 -0.058551 -0.158598
v 1.206412 -0.059268 -0.138893
v 1.219010 -0.059887 -0.117849
v 1.229487 -0.060401 -0.095671
v 1.237742 -0.060807 -0.072571
v 1.243696 -0.061099 -0.048773
v 1.247292 -0.061276 -0.024504
s 0
f 65 2 1
f 66 3 2
f 67 4 3
f 4 69 5
f 69 6 5
f 70 7 6
f 71 8 7
f 8 73 9
f 73 10 9
f 74 11 10
f 11 76 12
f 12 77 13
f 13 78 14
f 78 15 14
f 79 16 15
f 80 17 16
f 81 18 17
f 82 19 18
f 83 20 19
f 84 21 20
f 85 22 21
f 86 23 22
f 87 24 23
f 88 25 24
f 89 26 25
f 90 27 26
f 27 92 28
f 92 29 28
f 93 30 29
f 94 31 30
f 95 32 31
f 96 33 32
f 97 34 33
f 98 35 34
f 99 36 35
f 36 101 37
f 37 102 38
f 102 39 38
f 39 104 40
f 40 105 41
f 41 106 42
f 106 43 42
f 43 108 44
f 44 109 45
f 45 110 46
f 110 47 46
f 111 48 47
f 48 113 49
f 49 114 50
f 114 51 50
f 115 52 51
f 116 53 52
f 117 54 53
f 118 55 54
f 119 56 55
f 56 121 57
f 57 122 58
f 122 59 58
f 59 124 60
f 124 61 60
f 125 62 61
f 126 63 62
f 127 64 63
f 64 65 1
f 65 130 66
f 130 67 66
f 131 68 67
f 132 69 68
f 133 70 69
f 70 135 71
f 135 72 71
f 136 73 72
f 137 74 73
f 138 75 74
f 139 76 75
f 140 77 76
f 141 78 77
f 142 79 78
f 143 80 79
f 80 145 81
f 81 146 82
f 146 83 82
f 147 84 83
f 84 149 85
f 149 86 85
f 86 151 87
f 87 152 88
f 88 153 89
f 89 154 90
f 154 91 90
f 155 92 91
f 156 93 92
f 157 94 93
f 94 159 95
f 159 96 95
f 160 97 96
f 161 98 97
f 162 99 98
f 163 100 99
f 164 101 100
f 101 166 102
f 102 167 103
f 167 104 103
f 168 105 104
f 169 106 105
f 170 107 106
f 171 108 107
f 108 173 109
f 173 110 109
f 110 175 111
f 111 176 112
f 176 113 112
f 177 114 113
f 114 179 115
f 115 180 116
f 180 117 116
f 181 118 117
f 118 183 119
f 183 120 119
f 184 121 120
f 185 122 121
f 122 187 123
f 187 124 123
f 124 189 125
f 189 126 125
f 190 127 126
f 127 192 128
f 192 65 128
f 193 130 129
f 130 195 131
f 131 196 132
f 196 133 132
f 133 198 134
f 134 199 135
f 135 200 136
f 136 201 137
f 201 138 137
f 138 203 139
f 203 140 139
f 140 205 141
f 205 142 141
f 142 207 143
f 207 144 143
f 144 209 145
f 209 146 145
f 210 147 146
f 147 212 148
f 212 149 148
f 149 214 150
f 214 151 150
f 151 216 152
f 152 217 153
f 153 218 154
f 218 155 154
f 155 220 156
f 156 221 157
f 157 222 158
f 222 159 158
f 223 160 159
f 224 161 160
f 225 162 161
f 226 163 162
f 227 164 163
f 228 165 164
f 229 166 165
f 230 167 166
f 231 168 167
f 232 169 168
f 233 170 169
f 234 171 170
f 171 236 172
f 236 173 172
f 237 174 173
f 238 175 174
f 239 176 175
f 240 177 176
f 241 178 177
f 242 179 178
f 243 180 179
f 244 181 180
f 245 182 181
f 246 183 182
f 247 184 183
f 184 249 185
f 249 186 185
f 250 187 186
f 187 252 188
f 252 189 188
f 189 254 190
f 254 191 190
f 255 192 191
f 192 193 129
f 257 194 193
f 258 195 194
f 259 196 195
f 196 261 197
f 261 198 197
f 262 199 198
f 263 200 199
f 264 201 200
f 265 202 201
f 202 267 203
f 267 204 203
f 268 205 204
f 205 270 206
f 270 207 206
f 271 208 207
f 208 273 209
f 273 210 209
f 274 211 210
f 275 212 211
f 276 213 212
f 277 214 213
f 214 279 215
f 215 280 216
f 280 217 216
f 217 282 218
f 218 283 219
f 283 220 219
f 284 221 220
f 221 286 222
f 222 287 223
f 287 224 223
f 288 225 224
f 225 290 226
f 290 227 226
f 291 228 227
f 292 229 228
f 229 294 230
f 294 231 230
f 295 232 231
f 296 233 232
f 233 298 234
f 298 235 234
f 299 236 235
f 236 301 237
f 237 302 238
f 238 303 239
f 239 304 240
f 304 241 240
f 305 242 241
f 242 307 243
f 307 244 243
f 308 245 244
f 245 310 246
f 310 247 246
f 311 248 247
f 248 313 249
f 249 314 250
f 250 315 251
f 315 252 251
f 252 317 253
f 253 318 254
f 318 255 254
f 319 256 255
f 256 257 193
f 257 322 258
f 258 323 259
f 323 260 259
f 324 261 260
f 325 262 261
f 262 327 263
f 327 264 263
f 264 329 265
f 265 330 266
f 266 331 267
f 331 268 267
f 268 333 269
f 333 270 269
f 270 335 271
f 335 272 271
f 336 273 272
f 273 338 274
f 274 339 275
f 339 276 275
f 340 277 276
f 277 342 278
f 278 343 279
f 279 344 280
f 280 345 281
f 281 346 282
f 346 283 282
f 283 348 284
f 284 349 285
f 349 286 285
f 350 287 286
f 351 288 287
f 288 353 289
f 353 290 289
f 354 291 290
f 355 292 291
f 356 293 292
f 357 294 293
f 358 295 294
f 295 360 296
f 360 297 296
f 361 298 297
f 362 299 298
f 363 300 299
f 364 301 300
f 301 366 302
f 302 367 303
f 367 304 303
f 368 305 304
f 305 370 306
f 306 371 307
f 371 308 307
f 372 309 308
f 373 310 309
f 310 375 311
f 375 312 311
f 376 313 312
f 377 314 313
f 314 379 315
f 379 316 315
f 380 317 316
f 317 382 318
f 318 383 319
f 383 320 319
f 384 257 320
f 321 386 322
f 386 323 322
f 387 324 323
f 324 389 325
f 389 326 325
f 326 391 327
f 391 328 327
f 392 329 328
f 329 394 330
f 394 331 330
f 395 332 331
f 332 397 333
f 397 334 333
f 334 399 335
f 399 336 335
f 336 401 337
f 401 338 337
f 402 339 338
f 339 404 340
f 404 341 340
f 405 342 341
f 406 343 342
f 343 408 344
f 408 345 344
f 345 410 346
f 346 411 347
f 411 348 347
f 412 349 348
f 413 350 349
f 414 351 350
f 351 416 352
f 416 353 352
f 417 354 353
f 418 355 354
f 355 420 356
f 356 421 357
f 421 358 357
f 422 359 358
f 423 360 359
f 424 361 360
f 361 426 362
f 426 363 362
f 363 428 364
f 364 429 365
f 429 366 365
f 430 367 366
f 367 432 368
f 368 433 369
f 369 434 370
f 434 371 370
f 435 372 371
f 372 437 373
f 437 374 373
f 374 439 375
f 375 440 376
f 440 377 376
f 377 442 378
f 378 443 379
f 443 380 379
f 444 381 380
f 381 446 382
f 382 447 383
f 383 448 384
f 448 321 384
f 385 450 386
f 450 387 386
f 451 388 387
f 452 389 388
f 453 390 389
f 454 391 390
f 391 456 392
f 456 393 392
f 457 394 393
f 458 395 394
f 395 460 396
f 460 397 396
f 397 462 398
f 398 463 399
f 399 464 400
f 464 401 400
f 465 402 401
f 402 467 403
f 403 468 404
f 404 469 405
f 405 470 406
f 406 471 407
f 407 472 408
f 472 409 408
f 473 410 409
f 410 475 411
f 475 412 411
f 476 413 412
f 477 414 413
f 478 415 414
f 479 416 415
f 480 417 416
f 481 418 417
f 418 483 419
f 483 420 419
f 420 485 421
f 485 422 421
f 422 487 423
f 487 424 423
f 424 489 425
f 489 426 425
f 490 427 426
f 491 428 427
f 492 429 428
f 493 430 429
f 494 431 430
f 495 432 431
f 432 497 433
f 497 434 433
f 498 435 434
f 499 436 435
f 500 437 436
f 437 502 438
f 502 439 438
f 439 504 440
f 504 441 440
f 505 442 441
f 506 443 442
f 507 444 443
f 444 509 445
f 509 446 445
f 510 447 446
f 511 448 447
f 512 385 448
f 449 514 450
f 450 515 451
f 515 452 451
f 516 453 452
f 517 454 453
f 518 455 454
f 519 456 455
f 456 521 457
f 521 458 457
f 522 459 458
f 459 524 460
f 524 461 460
f 461 526 462
f 526 463 462
f 527 464 463
f 464 529 465
f 529 466 465
f 530 467 466
f 531 468 467
f 532 469 468
f 533 470 469
f 470 535 471
f 535 472 471
f 472 537 473
f 473 538 474
f 538 475 474
f 539 476 475
f 476 541 477
f 541 478 477
f 542 479 478
f 543 480 479
f 544 481 480
f 481 546 482
f 546 483 482
f 483 548 484
f 484 549 485
f 549 486 485
f 486 551 487
f 551 488 487
f 488 553 489
f 553 490 489
f 490 555 491
f 555 492 491
f 492 557 493
f 557 494 493
f 494 559 495
f 495 560 496
f 496 561 497
f 561 498 497
f 562 499 498
f 563 500 499
f 564 501 500
f 501 566 502
f 566 503 502
f 503 568 504
f 504 569 505
f 569 506 505
f 506 571 507
f 507 572 508
f 572 509 508
f 573 510 509
f 510 575 511
f 575 512 511
f 576 449 512
f 513 578 514
f 578 515 514
f 579 516 515
f 580 517 516
f 581 518 517
f 582 519 518
f 583 520 519
f 584 521 520
f 585 522 521
f 586 523 522
f 523 588 524
f 588 525 524
f 525 590 526
f 590 527 526
f 591 528 527
f 592 529 528
f 593 530 529
f 594 531 530
f 595 532 531
f 596 533 532
f 533 598 534
f 534 599 535
f 599 536 535
f 536 601 537
f 601 538 537
f 602 539 538
f 539 604 540
f 540 605 541
f 605 542 541
f 542 607 543
f 543 608 544
f 608 545 544
f 545 610 546
f 610 547 546
f 611 548 547
f 548 613 549
f 613 550 549
f 614 551 550
f 551 616 552
f 616 553 552
f 617 554 553
f 554 619 555
f 619 556 555
f 620 557 556
f 557 622 558
f 558 623 559
f 559 624 560
f 560 625 561
f 561 626 562
f 562 627 563
f 563 628 564
f 628 565 564
f 565 630 566
f 630 567 566
f 567 632 568
f 568 633 569
f 569 634 570
f 634 571 570
f 635 572 571
f 636 573 572
f 573 638 574
f 574 639 575
f 639 576 575
f 640 513 576
f 577 642 578
f 642 579 578
f 579 644 580
f 580 645 581
f 581 646 582
f 582 647 583
f 583 648 584
f 584 649 585
f 585 650 586
f 586 651 587
f 651 588 587
f 652 589 588
f 589 654 590
f 654 591 590
f 655 592 591
f 656 593 592
f 593 658 594
f 658 595 594
f 659 596 595
f 596 661 597
f 661 598 597
f 598 663 599
f 663 600 599
f 664 601 600
f 601 666 602
f 666 603 602
f 603 668 604
f 604 669 605
f 669 606 605
f 606 671 607
f 671 608 607
f 672 609 608
f 673 610 609
f 674 611 610
f 675 612 611
f 612 677 613
f 677 614 613
f 678 615 614
f 679 616 615
f 680 617 616
f 681 618 617
f 618 683 619
f 683 620 619
f 684 621 620
f 685 622 621
f 686 623 622
f 687 624 623
f 688 625 624
f 689 626 625
f 626 691 627
f 691 628 627
f 692 629 628
f 693 630 629
f 630 695 631
f 695 632 631
f 696 633 632
f 697 634 633
f 698 635 634
f 699 636 635
f 636 701 637
f 701 638 637
f 702 639 638
f 639 704 640
f 704 577 640
f 641 706 642
f 706 643 642
f 707 644 643
f 644 709 645
f 709 646 645
f 710 647 646
f 711 648 647
f 712 649 648
f 713 650 649
f 714 651 650
f 715 652 651
f 716 653 652
f 717 654 653
f 718 655 654
f 655 720 656
f 656 721 657
f 721 658 657
f 722 659 658
f 723 660 659
f 724 661 660
f 661 726 662
f 662 727 663
f 727 664 663
f 728 665 664
f 729 666 665
f 730 667 666
f 731 668 667
f 668 733 669
f 733 670 669
f 670 735 671
f 735 672 671
f 736 673 672
f 673 738 674
f 674 739 675
f 739 676 675
f 740 677 676
f 741 678 677
f 742 679 678
f 679 744 680
f 744 681 680
f 681 746 682
f 682 747 683
f 747 684 683
f 748 685 684
f 685 750 686
f 686 751 687
f 687 752 688
f 688 753 689
f 753 690 689
f 754 691 690
f 755 692 691
f 756 693 692
f 693 758 694
f 694 759 695
f 695 760 696
f 696 761 697
f 761 698 697
f 698 763 699
f 699 764 700
f 700 765 701
f 765 702 701
f 702 767 703
f 703 768 704
f 768 641 704
f 769 706 705
f 770 707 706
f 771 708 707
f 708 773 709
f 773 710 709
f 774 711 710
f 711 776 712
f 776 713 712
f 777 714 713
f 778 715 714
f 715 780 716
f 780 717 716
f 781 718 717
f 718 783 719
f 783 720 719
f 784 721 720
f 721 786 722
f 786 723 722
f 723 788 724
f 724 789 725
f 725 790 726
f 726 791 727
f 791 728 727
f 792 729 728
f 793 730 729
f 794 731 730
f 731 796 732
f 796 733 732
f 797 734 733
f 734 799 735
f 799 736 735
f 800 737 736
f 737 802 738
f 738 803 739
f 803 740 739
f 740 805 741
f 741 806 742
f 806 743 742
f 807 744 743
f 744 809 745
f 809 746 745
f 810 747 746
f 811 748 747
f 812 749 748
f 813 750 749
f 814 751 750
f 751 816 752
f 816 753 752
f 817 754 753
f 818 755 754
f 819 756 755
f 756 821 757
f 757 822 758
f 822 759 758
f 759 824 760
f 824 761 760
f 761 826 762
f 826 763 762
f 827 764 763
f 828 765 764
f 829 766 765
f 766 831 767
f 767 832 768
f 768 769 705
f 833 770 769
f 770 835 771
f 835 772 771
f 772 837 773
f 837 774 773
f 838 775 774
f 839 776 775
f 776 841 777
f 841 778 777
f 842 779 778
f 843 780 779
f 844 781 780
f 845 782 781
f 782 847 783
f 783 848 784
f 784 849 785
f 849 786 785
f 786 851 787
f 851 788 787
f 788 853 789
f 853 790 789
f 790 855 791
f 855 792 791
f 856 793 792
f 793 858 794
f 794 859 795
f 795 860 796
f 860 797 796
f 861 798 797
f 798 863 799
f 863 800 799
f 800 865 801
f 865 802 801
f 802 867 803
f 867 804 803
f 804 869 805
f 869 806 805
f 870 807 806
f 871 808 807
f 872 809 808
f 809 874 810
f 874 811 810
f 875 812 811
f 812 877 813
f 877 814 813
f 878 815 814
f 879 816 815
f 816 881 817
f 881 818 817
f 882 819 818
f 883 820 819
f 820 885 821
f 821 886 822
f 886 823 822
f 887 824 823
f 888 825 824
f 889 826 825
f 890 827 826
f 827 892 828
f 828 893 829
f 893 830 829
f 830 895 831
f 895 832 831
f 832 833 769
f 897 834 833
f 834 899 835
f 899 836 835
f 900 837 836
f 901 838 837
f 902 839 838
f 903 840 839
f 840 905 841
f 905 842 841
f 906 843 842
f 907 844 843
f 908 845 844
f 909 846 845
f 910 847 846
f 847 912 848
f 848 913 849
f 913 850 849
f 850 915 851
f 915 852 851
f 852 917 853
f 917 854 853
f 854 919 855
f 919 856 855
f 920 857 856
f 921 858 857
f 922 859 858
f 923 860 859
f 860 925 861
f 925 862 861
f 926 863 862
f 927 864 863
f 928 865 864
f 929 866 865
f 866 931 867
f 931 868 867
f 868 933 869
f 933 870 869
f 934 871 870
f 935 872 871
f 872 937 873
f 873 938 874
f 938 875 874
f 939 876 875
f 940 877 876
f 941 878 877
f 878 943 879
f 943 880 879
f 944 881 880
f 945 882 881
f 946 883 882
f 883 948 884
f 884 949 885
f 885 950 886
f 886 951 887
f 887 952 888
f 888 953 889
f 953 890 889
f 890 955 891
f 891 956 892
f 892 957 893
f 893 958 894
f 894 959 895
f 959 896 895
f 896 897 833
f 961 898 897
f 962 899 898
f 963 900 899
f 900 965 901
f 965 902 901
f 966 903 902
f 903 968 904
f 904 969 905
f 905 970 906
f 906 971 907
f 971 908 907
f 972 909 908
f 973 910 909
f 974 911 910
f 975 912 911
f 912 977 913
f 913 978 914
f 914 979 915
f 915 980 916
f 980 917 916
f 981 918 917
f 918 983 919
f 983 920 919
f 920 985 921
f 985 922 921
f 986 923 922
f 987 924 923
f 988 925 924
f 925 990 926
f 926 991 927
f 991 928 927
f 928 993 929
f 993 930 929
f 930 995 931
f 995 932 931
f 996 933 932
f 997 934 933
f 934 999 935
f 999 936 935
f 1000 937 936
f 1001 938 937
f 938 1003 939
f 1003 940 939
f 940 1005 941
f 941 1006 942
f 1006 943 942
f 1007 944 943
f 1008 945 944
f 1009 946 945
f 946 1011 947
f 1011 948 947
f 1012 949 948
f 949 1014 950
f 1014 951 950
f 1015 952 951
f 1016 953 952
f 1017 954 953
f 1018 955 954
f 955 1020 956
f 956 1021 957
f 1021 958 957
f 958 1023 959
f 1023 960 959
f 1024 897 960
f 961 1026 962
f 1026 963 962
f 1027 964 963
f 1028 965 964
f 1029 966 965
f 1030 967 966
f 1031 968 967
f 1032 969 968
f 1033 970 969
f 1034 971 970
f 971 1036 972
f 1036 973 972
f 973 1038 974
f 1038 975 974
f 1039 976 975
f 1040 977 976
f 1041 978 977
f 1042 979 978
f 1043 980 979
f 1044 981 980
f 1045 982 981
f 1046 983 982
f 1047 984 983
f 1048 985 984
f 985 1050 986
f 1050 987 986
f 1051 988 987
f 1052 989 988
f 1053 990 989
f 1054 991 990
f 991 1056 992
f 1056 993 992
f 1057 994 993
f 1058 995 994
f 1059 996 995
f 996 1061 997
f 1061 998 997
f 998 1063 999
f 999 1064 1000
f 1064 1001 1000
f 1001 1066 1002
f 1002 1067 1003
f 1003 1068 1004
f 1004 1069 1005
f 1069 1006 1005
f 1006 1071 1007
f 1007 1072 1008
f 1008 1073 1009
f 1009 1074 1010
f 1010 1075 1011
f 1011 1076 1012
f 1076 1013 1012
f 1013 1078 1014
f 1078 1015 1014
f 1015 1080 1016
f 1016 1081 1017
f 1017 1082 1018
f 1082 1019 1018
f 1019 1084 1020
f 1084 1021 1020
f 1021 1086 1022
f 1086 1023 1022
f 1023 1088 1024
f 1088 961 1024
f 1025 1090 1026
f 1090 1027 1026
f 1027 1092 1028
f 1028 1093 1029
f 1093 1030 1029
f 1094 1031 1030
f 1095 1032 1031
f 1032 1097 1033
f 1097 1034 1033
f 1034 1099 1035
f 1035 1100 1036
f 1036 1101 1037
f 1101 1038 1037
f 1038 1103 1039
f 1103 1040 1039
f 1104 1041 1040
f 1041 1106 1042
f 1042 1107 1043
f 1107 1044 1043
f 1044 1109 1045
f 1045 1110 1046
f 1046 1111 1047
f 1111 1048 1047
f 1112 1049 1048
f 1049 1114 1050
f 1050 1115 1051
f 1115 1052 1051
f 1116 1053 1052
f 1117 1054 1053
f 1054 1119 1055
f 1119 1056 1055
f 1056 1121 1057
f 1121 1058 1057
f 1058 1123 1059
f 1123 1060 1059
f 1124 1061 1060
f 1125 1062 1061
f 1126 1063 1062
f 1127 1064 1063
f 1128 1065 1064
f 1065 1130 1066
f 1066 1131 1067
f 1131 1068 1067
f 1132 1069 1068
f 1133 1070 1069
f 1070 1135 1071
f 1135 1072 1071
f 1136 1073 1072
f 1137 1074 1073
f 1138 1075 1074
f 1139 1076 1075
f 1076 1141 1077
f 1141 1078 1077
f 1142 1079 1078
f 1143 1080 1079
f 1144 1081 1080
f 1145 1082 1081
f 1146 1083 1082
f 1083 1148 1084
f 1148 1085 1084
f 1085 1150 1086
f 1150 1087 1086
f 1087 1152 1088
f 1152 1025 1088
f 1153 1090 1089
f 1154 1091 1090
f 1155 1092 1091
f 1092 1157 1093
f 1157 1094 1093
f 1158 1095 1094
f 1095 1160 1096
f 1160 1097 1096
f 1097 1162 1098
f 1162 1099 1098
f 1163 1100 1099
f 1164 1101 1100
f 1165 1102 1101
f 1102 1167 1103
f 1103 1168 1104
f 1104 1169 1105
f 1105 1170 1106
f 1106 1171 1107
f 1171 1108 1107
f 1172 1109 1108
f 1173 1110 1109
f 1110 1175 1111
f 1175 1112 1111
f 1176 1113 1112
f 1113 1178 1114
f 1114 1179 1115
f 1115 1180 1116
f 1180 1117 1116
f 1117 1182 1118
f 1118 1183 1119
f 1183 1120 1119
f 1184 1121 1120
f 1185 1122 1121
f 1122 1187 1123
f 1187 1124 1123
f 1188 1125 1124
f 1125 1190 1126
f 1190 1127 1126
f 1191 1128 1127
f 1192 1129 1128
f 1193 1130 1129
f 1194 1131 1130
f 1195 1132 1131
f 1132 1197 1133
f 1133 1198 1134
f 1198 1135 1134
f 1199 1136 1135
f 1200 1137 1136
f 1201 1138 1137
f 1202 1139 1138
f 1203 1140 1139
f 1140 1205 1141
f 1205 1142 1141
f 1142 1207 1143
f 1143 1208 1144
f 1208 1145 1144
f 1209 1146 1145
f 1210 1147 1146
f 1147 1212 1148
f 1212 1149 1148
f 1213 1150 1149
f 1150 1215 1151
f 1151 1216 1152
f 1216 1089 1152
f 1153 1218 1154
f 1218 1155 1154
f 1155 1220 1156
f 1156 1221 1157
f 1221 1158 1157
f 1158 1223 1159
f 1159 1224 1160
f 1224 1161 1160
f 1225 1162 1161
f 1162 1227 1163
f 1163 1228 1164
f 1228 1165 1164
f 1229 1166 1165
f 1230 1167 1166
f 1167 1232 1168
f 1168 1233 1169
f 1169 1234 1170
f 1234 1171 1170
f 1171 1236 1172
f 1236 1173 1172
f 1237 1174 1173
f 1238 1175 1174
f 1239 1176 1175
f 1176 1241 1177
f 1241 1178 1177
f 1242 1179 1178
f 1243 1180 1179
f 1244 1181 1180
f 1181 1246 1182
f 1246 1183 1182
f 1183 1248 1184
f 1248 1185 1184
f 1185 1250 1186
f 1250 1187 1186
f 1251 1188 1187
f 1252 1189 1188
f 1253 1190 1189
f 1190 1255 1191
f 1255 1192 1191
f 1192 1257 1193
f 1257 1194 1193
f 1258 1195 1194
f 1195 1260 1196
f 1260 1197 1196
f 1197 1262 1198
f 1198 1263 1199
f 1263 1200 1199
f 1264 1201 1200
f 1265 1202 1201
f 1266 1203 1202
f 1203 1268 1204
f 1204 1269 1205
f 1205 1270 1206
f 1270 1207 1206
f 1271 1208 1207
f 1208 1273 1209
f 1209 1274 1210
f 1274 1211 1210
f 1275 1212 1211
f 1212 1277 1213
f 1277 1214 1213
f 1278 1215 1214
f 1215 1280 1216
f 1280 1153 1216
f 1281 1218 1217
f 1282 1219 1218
f 1219 1284 1220
f 1284 1221 1220
f 1285 1222 1221
f 1222 1287 1223
f 1287 1224 1223
f 1224 1289 1225
f 1289 1226 1225
f 1226 1291 1227
f 1227 1292 1228
f 1228 1293 1229
f 1229 1294 1230
f 1230 1295 1231
f 1295 1232 1231
f 1232 1297 1233
f 1233 1298 1234
f 1298 1235 1234
f 1299 1236 1235
f 1300 1237 1236
f 1237 1302 1238
f 1238 1303 1239
f 1303 1240 1239
f 1304 1241 1240
f 1305 1242 1241
f 1242 1307 1243
f 1243 1308 1244
f 1244 1309 1245
f 1309 1246 1245
f 1246 1311 1247
f 1247 1312 1248
f 1312 1249 1248
f 1249 1314 1250
f 1314 1251 1250
f 1315 1252 1251
f 1252 1317 1253
f 1317 1254 1253
f 1318 1255 1254
f 1319 1256 1255
f 1320 1257 1256
f 1321 1258 1257
f 1258 1323 1259
f 1323 1260 1259
f 1324 1261 1260
f 1261 1326 1262
f 1262 1327 1263
f 1263 1328 1264
f 1328 1265 1264
f 1329 1266 1265
f 1330 1267 1266
f 1331 1268 1267
f 1332 1269 1268
f 1333 1270 1269
f 1334 1271 1270
f 1335 1272 1271
f 1272 1337 1273
f 1337 1274 1273
f 1338 1275 1274
f 1339 1276 1275
f 1276 1341 1277
f 1277 1342 1278
f 1342 1279 1278
f 1343 1280 1279
f 1344 1217 1280
f 1345 1282 1281
f 1346 1283 1282
f 1283 1348 1284
f 1348 1285 1284
f 1349 1286 1285
f 1350 1287 1286
f 1287 1352 1288
f 1352 1289 1288
f 1353 1290 1289
f 1290 1355 1291
f 1291 1356 1292
f 1356 1293 1292
f 1293 1358 1294
f 1358 1295 1294
f 1295 1360 1296
f 1360 1297 1296
f 1361 1298 1297
f 1298 1363 1299
f 1363 1300 1299
f 1364 1301 1300
f 1365 1302 1301
f 1366 1303 1302
f 1367 1304 1303
f 1304 1369 1305
f 1305 1370 1306
f 1370 1307 1306
f 1307 1372 1308
f 1372 1309 1308
f 1373 1310 1309
f 1374 1311 1310
f 1375 1312 1311
f 1376 1313 1312
f 1377 1314 1313
f 1378 1315 1314
f 1379 1316 1315
f 1316 1381 1317
f 1381 1318 1317
f 1382 1319 1318
f 1319 1384 1320
f 1384 1321 1320
f 1385 1322 1321
f 1322 1387 1323
f 1323 1388 1324
f 1388 1325 1324
f 1325 1390 1326
f 1326 1391 1327
f 1391 1328 1327
f 1328 1393 1329
f 1329 1394 1330
f 1394 1331 1330
f 1395 1332 1331
f 1396 1333 1332
f 1333 1398 1334
f 1398 1335 1334
f 1399 1336 1335
f 1336 1401 1337
f 1337 1402 1338
f 1402 1339 1338
f 1403 1340 1339
f 1340 1405 1341
f 1341 1406 1342
f 1406 1343 1342
f 1343 1408 1344
f 1344 1345 1281
f 1409 1346 1345
f 1410 1347 1346
f 1347 1412 1348
f 1412 1349 1348
f 1349 1414 1350
f 1350 1415 1351
f 1351 1416 1352
f 1416 1353 1352
f 1417 1354 1353
f 1418 1355 1354
f 1419 1356 1355
f 1420 1357 1356
f 1421 1358 1357
f 1422 1359 1358
f 1359 1424 1360
f 1424 1361 1360
f 1425 1362 1361
f 1426 1363 1362
f 1427 1364 1363
f 1428 1365 1364
f 1365 1430 1366
f 1430 1367 1366
f 1431 1368 1367
f 1432 1369 1368
f 1433 1370 1369
f 1434 1371 1370
f 1371 1436 1372
f 1372 1437 1373
f 1437 1374 1373
f 1374 1439 1375
f 1439 1376 1375
f 1440 1377 1376
f 1377 1442 1378
f 1378 1443 1379
f 1443 1380 1379
f 1380 1445 1381
f 1445 1382 1381
f 1446 1383 1382
f 1383 1448 1384
f 1384 1449 1385
f 1385 1450 1386
f 1386 1451 1387
f 1387 1452 1388
f 1452 1389 1388
f 1453 1390 1389
f 1454 1391 1390
f 1391 1456 1392
f 1392 1457 1393
f 1393 1458 1394
f 1458 1395 1394
f 1395 1460 1396
f 1460 1397 1396
f 1397 1462 1398
f 1462 1399 1398
f 1399 1464 1400
f 1464 1401 1400
f 1401 1466 1402
f 1466 1403 1402
f 1467 1404 1403
f 1468 1405 1404
f 1469 1406 1405
f 1470 1407 1406
f 1407 1472 1408
f 1472 1345 1408
f 1473 1410 1409
f 1410 1475 1411
f 1475 1412 1411
f 1412 1477 1413
f 1413 1478 1414
f 1414 1479 1415
f 1479 1416 1415
f 1416 1481 1417
f 1481 1418 1417
f 1418 1483 1419
f 1483 1420 1419
f 1484 1421 1420
f 1485 1422 1421
f 1486 1423 1422
f 1487 1424 1423
f 1488 1425 1424
f 1489 1426 1425
f 1490 1427 1426
f 1427 1492 1428
f 1428 1493 1429
f 1493 1430 1429
f 1430 1495 1431
f 1431 1496 1432
f 1432 1497 1433
f 1497 1434 1433
f 1434 1499 1435
f 1435 1500 1436
f 1500 1437 1436
f 1501 1438 1437
f 1502 1439 1438
f 1503 1440 1439
f 1504 1441 1440
f 1505 1442 1441
f 1506 1443 1442
f 1507 1444 1443
f 1444 1509 1445
f 1445 1510 1446
f 1446 1511 1447
f 1511 1448 1447
f 1448 1513 1449
f 1513 1450 1449
f 1514 1451 1450
f 1515 1452 1451
f 1452 1517 1453
f 1517 1454 1453
f 1518 1455 1454
f 1519 1456 1455
f 1456 1521 1457
f 1521 1458 1457
f 1458 1523 1459
f 1523 1460 1459
f 1460 1525 1461
f 1525 1462 1461
f 1526 1463 1462
f 1527 1464 1463
f 1528 1465 1464
f 1529 1466 1465
f 1466 1531 1467
f 1531 1468 1467
f 1532 1469 1468
f 1533 1470 1469
f 1534 1471 1470
f 1535 1472 1471
f 1536 1409 1472
f 1537 1474 1473
f 1474 1539 1475
f 1539 1476 1475
f 1540 1477 1476
f 1477 1542 1478
f 1478 1543 1479
f 1479 1544 1480
f 1480 1545 1481
f 1481 1546 1482
f 1546 1483 1482
f 1547 1484 1483
f 1548 1485 1484
f 1485 1550 1486
f 1550 1487 1486
f 1487 1552 1488
f 1488 1553 1489
f 1489 1554 1490
f 1554 1491 1490
f 1555 1492 1491
f 1556 1493 1492
f 1557 1494 1493
f 1494 1559 1495
f 1559 1496 1495
f 1560 1497 1496
f 1497 1562 1498
f 1562 1499 1498
f 1499 1564 1500
f 1564 1501 1500
f 1501 1566 1502
f 1566 1503 1502
f 1567 1504 1503
f 1568 1505 1504
f 1569 1506 1505
f 1506 1571 1507
f 1571 1508 1507
f 1572 1509 1508
f 1509 1574 1510
f 1574 1511 1510
f 1575 1512 1511
f 1576 1513 1512
f 1577 1514 1513
f 1578 1515 1514
f 1579 1516 1515
f 1580 1517 1516
f 1581 1518 1517
f 1518 1583 1519
f 1519 1584 1520
f 1584 1521 1520
f 1585 1522 1521
f 1586 1523 1522
f 1587 1524 1523
f 1588 1525 1524
f 1589 1526 1525
f 1526 1591 1527
f 1527 1592 1528
f 1592 1529 1528
f 1593 1530 1529
f 1594 1531 1530
f 1595 1532 1531
f 1596 1533 1532
f 1533 1598 1534
f 1534 1599 1535
f 1599 1536 1535
f 1536 1537 1473
f 1537 1602 1538
f 1538 1603 1539
f 1603 1540 1539
f 1604 1541 1540
f 1541 1606 1542
f 1606 1543 1542
f 1543 1608 1544
f 1608 1545 1544
f 1609 1546 1545
f 1610 1547 1546
f 1547 1612 1548
f 1548 1613 1549
f 1613 1550 1549
f 1550 1615 1551
f 1615 1552 1551
f 1616 1553 1552
f 1617 1554 1553
f 1618 1555 1554
f 1555 1620 1556
f 1556 1621 1557
f 1621 1558 1557
f 1558 1623 1559
f 1623 1560 1559
f 1624 1561 1560
f 1561 1626 1562
f 1626 1563 1562
f 1627 1564 1563
f 1628 1565 1564
f 1629 1566 1565
f 1566 1631 1567
f 1631 1568 1567
f 1632 1569 1568
f 1633 1570 1569
f 1634 1571 1570
f 1635 1572 1571
f 1636 1573 1572
f 1637 1574 1573
f 1574 1639 1575
f 1575 1640 1576
f 1640 1577 1576
f 1641 1578 1577
f 1578 1643 1579
f 1643 1580 1579
f 1644 1581 1580
f 1645 1582 1581
f 1646 1583 1582
f 1583 1648 1584
f 1648 1585 1584
f 1649 1586 1585
f 1586 1651 1587
f 1651 1588 1587
f 1652 1589 1588
f 1653 1590 1589
f 1654 1591 1590
f 1655 1592 1591
f 1592 1657 1593
f 1657 1594 1593
f 1658 1595 1594
f 1595 1660 1596
f 1660 1597 1596
f 1597 1662 1598
f 1598 1663 1599
f 1663 1600 1599
f 1664 1537 1600
f 1665 1602 1601
f 1666 1603 1602
f 1603 1668 1604
f 1668 1605 1604
f 1669 1606 1605
f 1606 1671 1607
f 1671 1608 1607
f 1672 1609 1608
f 1673 1610 1609
f 1674 1611 1610
f 1675 1612 1611
f 1676 1613 1612
f 1677 1614 1613
f 1678 1615 1614
f 1679 1616 1615
f 1616 1681 1617
f 1681 1618 1617
f 1682 1619 1618
f 1683 1620 1619
f 1684 1621 1620
f 1685 1622 1621
f 1686 1623 1622
f 1687 1624 1623
f 1688 1625 1624
f 1689 1626 1625
f 1626 1691 1627
f 1691 1628 1627
f 1692 1629 1628
f 1693 1630 1629
f 1694 1631 1630
f 1695 1632 1631
f 1696 1633 1632
f 1697 1634 1633
f 1698 1635 1634
f 1699 1636 1635
f 1700 1637 1636
f 1701 1638 1637
f 1638 1703 1639
f 1703 1640 1639
f 1640 1705 1641
f 1641 1706 1642
f 1642 1707 1643
f 1707 1644 1643
f 1708 1645 1644
f 1645 1710 1646
f 1646 1711 1647
f 1647 1712 1648
f 1648 1713 1649
f 1713 1650 1649
f 1714 1651 1650
f 1715 1652 1651
f 1652 1717 1653
f 1717 1654 1653
f 1654 1719 1655
f 1655 1720 1656
f 1720 1657 1656
f 1657 1722 1658
f 1658 1723 1659
f 1723 1660 1659
f 1724 1661 1660
f 1661 1726 1662
f 1726 1663 1662
f 1663 1728 1664
f 1728 1601 1664
f 1729 1666 1665
f 1730 1667 1666
f 1667 1732 1668
f 1732 1669 1668
f 1733 1670 1669
f 1670 1735 1671
f 1671 1736 1672
f 1672 1737 1673
f 1673 1738 1674
f 1674 1739 1675
f 1675 1740 1676
f 1676 1741 1677
f 1741 1678 1677
f 1678 1743 1679
f 1743 1680 1679
f 1744 1681 1680
f 1745 1682 1681
f 1682 1747 1683
f 1747 1684 1683
f 1684 1749 1685
f 1685 1750 1686
f 1750 1687 1686
f 1687 1752 1688
f 1688 1753 1689
f 1689 1754 1690
f 1690 1755 1691
f 1755 1692 1691
f 1692 1757 1693
f 1757 1694 1693
f 1758 1695 1694
f 1695 1760 1696
f 1760 1697 1696
f 1697 1762 1698
f 1762 1699 1698
f 1699 1764 1700
f 1764 1701 1700
f 1765 1702 1701
f 1766 1703 1702
f 1767 1704 1703
f 1768 1705 1704
f 1769 1706 1705
f 1770 1707 1706
f 1771 1708 1707
f 1772 1709 1708
f 1773 1710 1709
f 1710 1775 1711
f 1775 1712 1711
f 1776 1713 1712
f 1777 1714 1713
f 1714 1779 1715
f 1779 1716 1715
f 1716 1781 1717
f 1781 1718 1717
f 1782 1719 1718
f 1783 1720 1719
f 1784 1721 1720
f 1785 1722 1721
f 1786 1723 1722
f 1787 1724 1723
f 1724 1789 1725
f 1725 1790 1726
f 1790 1727 1726
f 1727 1792 1728
f 1728 1729 1665
f 1793 1730 1729
f 1730 1795 1731
f 1795 1732 1731
f 1796 1733 1732
f 1797 1734 1733
f 1798 1735 1734
f 1799 1736 1735
f 1800 1737 1736
f 1801 1738 1737
f 1802 1739 1738
f 1803 1740 1739
f 1804 1741 1740
f 1805 1742 1741
f 1742 1807 1743
f 1743 1808 1744
f 1744 1809 1745
f 1809 1746 1745
f 1746 1811 1747
f 1747 1812 1748
f 1748 1813 1749
f 1813 1750 1749
f 1814 1751 1750
f 1815 1752 1751
f 1816 1753 1752
f 1753 1818 1754
f 1818 1755 1754
f 1819 1756 1755
f 1820 1757 1756
f 1757 1822 1758
f 1822 1759 1758
f 1823 1760 1759
f 1824 1761 1760
f 1761 1826 1762
f 1826 1763 1762
f 1827 1764 1763
f 1828 1765 1764
f 1765 1830 1766
f 1766 1831 1767
f 1831 1768 1767
f 1832 1769 1768
f 1769 1834 1770
f 1770 1835 1771
f 1771 1836 1772
f 1772 1837 1773
f 1837 1774 1773
f 1774 1839 1775
f 1839 1776 1775
f 1776 1841 1777
f 1777 1842 1778
f 1842 1779 1778
f 1843 1780 1779
f 1780 1845 1781
f 1845 1782 1781
f 1782 1847 1783
f 1783 1848 1784
f 1784 1849 1785
f 1785 1850 1786
f 1786 1851 1787
f 1787 1852 1788
f 1788 1853 1789
f 1789 1854 1790
f 1790 1855 1791
f 1855 1792 1791
f 1856 1729 1792
f 1793 1858 1794
f 1858 1795 1794
f 1795 1860 1796
f 1860 1797 1796
f 1797 1862 1798
f 1862 1799 1798
f 1863 1800 1799
f 1800 1865 1801
f 1801 1866 1802
f 1866 1803 1802
f 1867 1804 1803
f 1804 1869 1805
f 1869 1806 1805
f 1870 1807 1806
f 1807 1872 1808
f 1872 1809 1808
f 1873 1810 1809
f 1810 1875 1811
f 1811 1876 1812
f 1876 1813 1812
f 1813 1878 1814
f 1878 1815 1814
f 1879 1816 1815
f 1816 1881 1817
f 1881 1818 1817
f 1818 1883 1819
f 1883 1820 1819
f 1884 1821 1820
f 1885 1822 1821
f 1822 1887 1823
f 1887 1824 1823
f 1824 1889 1825
f 1889 1826 1825
f 1890 1827 1826
f 1891 1828 1827
f 1828 1893 1829
f 1893 1830 1829
f 1894 1831 1830
f 1831 1896 1832
f 1832 1897 1833
f 1897 1834 1833
f 1834 1899 1835
f 1899 1836 1835
f 1900 1837 1836
f 1837 1902 1838
f 1902 1839 1838
f 1903 1840 1839
f 1840 1905 1841
f 1841 1906 1842
f 1906 1843 1842
f 1907 1844 1843
f 1908 1845 1844
f 1909 1846 1845
f 1910 1847 1846
f 1847 1912 1848
f 1912 1849 1848
f 1913 1850 1849
f 1850 1915 1851
f 1851 1916 1852
f 1916 1853 1852
f 1917 1854 1853
f 1918 1855 1854
f 1855 1920 1856
f 1920 1793 1856
f 1921 1858 1857
f 1922 1859 1858
f 1923 1860 1859
f 1924 1861 1860
f 1861 1926 1862
f 1926 1863 1862
f 1927 1864 1863
f 1928 1865 1864
f 1929 1866 1865
f 1930 1867 1866
f 1931 1868 1867
f 1932 1869 1868
f 1933 1870 1869
f 1934 1871 1870
f 1935 1872 1871
f 1936 1873 1872
f 1937 1874 1873
f 1938 1875 1874
f 1939 1876 1875
f 1940 1877 1876
f 1941 1878 1877
f 1878 1943 1879
f 1879 1944 1880
f 1944 1881 1880
f 1881 1946 1882
f 1946 1883 1882
f 1947 1884 1883
f 1948 1885 1884
f 1949 1886 1885
f 1950 1887 1886
f 1887 1952 1888
f 1952 1889 1888
f 1953 1890 1889
f 1954 1891 1890
f 1891 1956 1892
f 1956 1893 1892
f 1893 1958 1894
f 1894 1959 1895
f 1895 1960 1896
f 1896 1961 1897
f 1897 1962 1898
f 1962 1899 1898
f 1963 1900 1899
f 1900 1965 1901
f 1901 1966 1902
f 1966 1903 1902
f 1967 1904 1903
f 1904 1969 1905
f 1905 1970 1906
f 1906 1971 1907
f 1907 1972 1908
f 1908 1973 1909
f 1909 1974 1910
f 1910 1975 1911
f 1911 1976 1912
f 1912 1977 1913
f 1913 1978 1914
f 1914 1979 1915
f 1979 1916 1915
f 1980 1917 1916
f 1981 1918 1917
f 1982 1919 1918
f 1983 1920 1919
f 1984 1857 1920
f 1985 1922 1921
f 1922 1987 1923
f 1987 1924 1923
f 1988 1925 1924
f 1989 1926 1925
f 1990 1927 1926
f 1927 1992 1928
f 1928 1993 1929
f 1993 1930 1929
f 1930 1995 1931
f 1931 1996 1932
f 1932 1997 1933
f 1997 1934 1933
f 1934 1999 1935
f 1935 2000 1936
f 1936 2001 1937
f 2001 1938 1937
f 1938 2003 1939
f 1939 2004 1940
f 2004 1941 1940
f 2005 1942 1941
f 1942 2007 1943
f 2007 1944 1943
f 1944 2009 1945
f 1945 2010 1946
f 2010 1947 1946
f 1947 2012 1948
f 1948 2013 1949
f 1949 2014 1950
f 2014 1951 1950
f 2015 1952 1951
f 2016 1953 1952
f 2017 1954 1953
f 2018 1955 1954
f 2019 1956 1955
f 2020 1957 1956
f 2021 1958 1957
f 2022 1959 1958
f 1959 2024 1960
f 2024 1961 1960
f 2025 1962 1961
f 2026 1963 1962
f 2027 1964 1963
f 1964 2029 1965
f 1965 2030 1966
f 2030 1967 1966
f 2031 1968 1967
f 2032 1969 1968
f 2033 1970 1969
f 2034 1971 1970
f 2035 1972 1971
f 2036 1973 1972
f 2037 1974 1973
f 2038 1975 1974
f 2039 1976 1975
f 2040 1977 1976
f 2041 1978 1977
f 2042 1979 1978
f 1979 2044 1980
f 2044 1981 1980
f 2045 1982 1981
f 2046 1983 1982
f 2047 1984 1983
f 1984 1985 1921
f 2049 1986 1985
f 2050 1987 1986
f 2051 1988 1987
f 2052 1989 1988
f 2053 1990 1989
f 2054 1991 1990
f 2055 1992 1991
f 1992 2057 1993
f 1993 2058 1994
f 2058 1995 1994
f 2059 1996 1995
f 2060 1997 1996
f 2061 1998 1997
f 2062 1999 1998
f 2063 2000 1999
f 2000 2065 2001
f 2065 2002 2001
f 2002 2067 2003
f 2067 2004 2003
f 2068 2005 2004
f 2069 2006 2005
f 2006 2071 2007
f 2007 2072 2008
f 2008 2073 2009
f 2009 2074 2010
f 2074 2011 2010
f 2075 2012 2011
f 2076 2013 2012
f 2077 2014 2013
f 2078 2015 2014
f 2015 2080 2016
f 2080 2017 2016
f 2081 2018 2017
f 2082 2019 2018
f 2083 2020 2019
f 2020 2085 2021
f 2085 2022 2021
f 2086 2023 2022
f 2087 2024 2023
f 2088 2025 2024
f 2089 2026 2025
f 2026 2091 2027
f 2091 2028 2027
f 2092 2029 2028
f 2029 2094 2030
f 2030 2095 2031
f 2095 2032 2031
f 2096 2033 2032
f 2097 2034 2033
f 2034 2099 2035
f 2035 2100 2036
f 2036 2101 2037
f 2037 2102 2038
f 2038 2103 2039
f 2039 2104 2040
f 2104 2041 2040
f 2105 2042 2041
f 2106 2043 2042
f 2107 2044 2043
f 2044 2109 2045
f 2045 2110 2046
f 2110 2047 2046
f 2047 2112 2048
f 2112 1985 2048
f 2049 2114 2050
f 2050 2115 2051
f 2115 2052 2051
f 2052 2117 2053
f 2053 2118 2054
f 2118 2055 2054
f 2055 2120 2056
f 2120 2057 2056
f 2121 2058 2057
f 2122 2059 2058
f 2059 2124 2060
f 2060 2125 2061
f 2061 2126 2062
f 2062 2127 2063
f 2063 2128 2064
f 2128 2065 2064
f 2129 2066 2065
f 2130 2067 2066
f 2067 2132 2068
f 2132 2069 2068
f 2133 2070 2069
f 2070 2135 2071
f 2135 2072 2071
f 2136 2073 2072
f 2137 2074 2073
f 2138 2075 2074
f 2139 2076 2075
f 2076 2141 2077
f 2077 2142 2078
f 2142 2079 2078
f 2143 2080 2079
f 2144 2081 2080
f 2145 2082 2081
f 2146 2083 2082
f 2147 2084 2083
f 2148 2085 2084
f 2149 2086 2085
f 2150 2087 2086
f 2151 2088 2087
f 2088 2153 2089
f 2089 2154 2090
f 2090 2155 2091
f 2155 2092 2091
f 2156 2093 2092
f 2093 2158 2094
f 2158 2095 2094
f 2095 2160 2096
f 2160 2097 2096
f 2097 2162 2098
f 2162 2099 2098
f 2163 2100 2099
f 2164 2101 2100
f 2165 2102 2101
f 2166 2103 2102
f 2167 2104 2103
f 2104 2169 2105
f 2105 2170 2106
f 2170 2107 2106
f 2171 2108 2107
f 2172 2109 2108
f 2173 2110 2109
f 2174 2111 2110
f 2175 2112 2111
f 2176 2049 2112
f 2177 2114 2113
f 2178 2115 2114
f 2179 2116 2115
f 2180 2117 2116
f 2117 2182 2118
f 2182 2119 2118
f 2183 2120 2119
f 2184 2121 2120
f 2185 2122 2121
f 2186 2123 2122
f 2187 2124 2123
f 2124 2189 2125
f 2189 2126 2125
f 2190 2127 2126
f 2191 2128 2127
f 2128 2193 2129
f 2129 2194 2130
f 2194 2131 2130
f 2195 2132 2131
f 2196 2133 2132
f 2197 2134 2133
f 2134 2199 2135
f 2135 2200 2136
f 2136 2201 2137
f 2137 2202 2138
f 2202 2139 2138
f 2203 2140 2139
f 2204 2141 2140
f 2205 2142 2141
f 2142 2207 2143
f 2207 2144 2143
f 2208 2145 2144
f 2209 2146 2145
f 2210 2147 2146
f 2211 2148 2147
f 2212 2149 2148
f 2213 2150 2149
f 2214 2151 2150
f 2215 2152 2151
f 2216 2153 2152
f 2217 2154 2153
f 2218 2155 2154
f 2219 2156 2155
f 2156 2221 2157
f 2157 2222 2158
f 2158 2223 2159
f 2223 2160 2159
f 2224 2161 2160
f 2225 2162 2161
f 2162 2227 2163
f 2163 2228 2164
f 2228 2165 2164
f 2229 2166 2165
f 2230 2167 2166
f 2231 2168 2167
f 2232 2169 2168
f 2233 2170 2169
f 2234 2171 2170
f 2235 2172 2171
f 2236 2173 2172
f 2237 2174 2173
f 2238 2175 2174
f 2175 2240 2176
f 2240 2113 2176
f 2177 2242 2178
f 2242 2179 2178
f 2243 2180 2179
f 2244 2181 2180
f 2245 2182 2181
f 2246 2183 2182
f 2247 2184 2183
f 2184 2249 2185
f 2249 2186 2185
f 2250 2187 2186
f 2251 2188 2187
f 2252 2189 2188
f 2253 2190 2189
f 2190 2255 2191
f 2255 2192 2191
f 2256 2193 2192
f 2257 2194 2193
f 2258 2195 2194
f 2259 2196 2195
f 2260 2197 2196
f 2261 2198 2197
f 2262 2199 2198
f 2263 2200 2199
f 2264 2201 2200
f 2265 2202 2201
f 2266 2203 2202
f 2267 2204 2203
f 2268 2205 2204
f 2269 2206 2205
f 2270 2207 2206
f 2271 2208 2207
f 2272 2209 2208
f 2209 2274 2210
f 2210 2275 2211
f 2211 2276 2212
f 2276 2213 2212
f 2213 2278 2214
f 2214 2279 2215
f 2279 2216 2215
f 2216 2281 2217
f 2217 2282 2218
f 2282 2219 2218
f 2219 2284 2220
f 2220 2285 2221
f 2221 2286 2222
f 2286 2223 2222
f 2223 2288 2224
f 2288 2225 2224
f 2225 2290 2226
f 2226 2291 2227
f 2291 2228 2227
f 2292 2229 2228
f 2293 2230 2229
f 2230 2295 2231
f 2231 2296 2232
f 2232 2297 2233
f 2297 2234 2233
f 2234 2299 2235
f 2235 2300 2236
f 2236 2301 2237
f 2301 2238 2237
f 2302 2239 2238
f 2303 2240 2239
f 2304 2177 2240
f 2241 2306 2242
f 2306 2243 2242
f 2307 2244 2243
f 2308 2245 2244
f 2309 2246 2245
f 2310 2247 2246
f 2311 2248 2247
f 2248 2313 2249
f 2313 2250 2249
f 2250 2315 2251
f 2315 2252 2251
f 2316 2253 2252
f 2253 2318 2254
f 2318 2255 2254
f 2319 2256 2255
f 2320 2257 2256
f 2321 2258 2257
f 2258 2323 2259
f 2323 2260 2259
f 2324 2261 2260
f 2325 2262 2261
f 2326 2263 2262
f 2263 2328 2264
f 2328 2265 2264
f 2329 2266 2265
f 2266 2331 2267
f 2331 2268 2267
f 2332 2269 2268
f 2333 2270 2269
f 2270 2335 2271
f 2335 2272 2271
f 2272 2337 2273
f 2337 2274 2273
f 2274 2339 2275
f 2339 2276 2275
f 2340 2277 2276
f 2277 2342 2278
f 2278 2343 2279
f 2343 2280 2279
f 2344 2281 2280
f 2281 2346 2282
f 2346 2283 2282
f 2283 2348 2284
f 2348 2285 2284
f 2285 2350 2286
f 2286 2351 2287
f 2351 2288 2287
f 2288 2353 2289
f 2289 2354 2290
f 2290 2355 2291
f 2355 2292 2291
f 2356 2293 2292
f 2293 2358 2294
f 2358 2295 2294
f 2359 2296 2295
f 2360 2297 2296
f 2361 2298 2297
f 2362 2299 2298
f 2299 2364 2300
f 2300 2365 2301
f 2301 2366 2302
f 2366 2303 2302
f 2303 2368 2304
f 2368 2241 2304
f 2369 2306 2305
f 2370 2307 2306
f 2307 2372 2308
f 2372 2309 2308
f 2309 2374 2310
f 2374 2311 2310
f 2375 2312 2311
f 2376 2313 2312
f 2313 2378 2314
f 2378 2315 2314
f 2379 2316 2315
f 2316 2381 2317
f 2381 2318 2317
f 2382 2319 2318
f 2319 2384 2320
f 2320 2385 2321
f 2385 2322 2321
f 2322 2387 2323
f 2323 2388 2324
f 2324 2389 2325
f 2325 2390 2326
f 2390 2327 2326
f 2391 2328 2327
f 2392 2329 2328
f 2393 2330 2329
f 2394 2331 2330
f 2331 2396 2332
f 2332 2397 2333
f 2397 2334 2333
f 2334 2399 2335
f 2399 2336 2335
f 2336 2401 2337
f 2401 2338 2337
f 2338 2403 2339
f 2403 2340 2339
f 2404 2341 2340
f 2405 2342 2341
f 2406 2343 2342
f 2407 2344 2343
f 2344 2409 2345
f 2345 2410 2346
f 2346 2411 2347
f 2411 2348 2347
f 2412 2349 2348
f 2413 2350 2349
f 2414 2351 2350
f 2415 2352 2351
f 2416 2353 2352
f 2417 2354 2353
f 2418 2355 2354
f 2355 2420 2356
f 2356 2421 2357
f 2421 2358 2357
f 2422 2359 2358
f 2359 2424 2360
f 2424 2361 2360
f 2425 2362 2361
f 2362 2427 2363
f 2363 2428 2364
f 2428 2365 2364
f 2365 2430 2366
f 2430 2367 2366
f 2367 2432 2368
f 2368 2369 2305
f 2369 2434 2370
f 2370 2435 2371
f 2371 2436 2372
f 2436 2373 2372
f 2373 2438 2374
f 2438 2375 2374
f 2375 2440 2376
f 2376 2441 2377
f 2377 2442 2378
f 2378 2443 2379
f 2379 2444 2380
f 2380 2445 2381
f 2381 2446 2382
f 2382 2447 2383
f 2383 2448 2384
f 2384 2449 2385
f 2385 2450 2386
f 2386 2451 2387
f 2387 2452 2388
f 2388 2453 2389
f 2389 2454 2390
f 2454 2391 2390
f 2391 2456 2392
f 2392 2457 2393
f 2393 2458 2394
f 2394 2459 2395
f 2395 2460 2396
f 2460 2397 2396
f 2397 2462 2398
f 2398 2463 2399
f 2399 2464 2400
f 2400 2465 2401
f 2465 2402 2401
f 2466 2403 2402
f 2467 2404 2403
f 2404 2469 2405
f 2405 2470 2406
f 2470 2407 2406
f 2471 2408 2407
f 2472 2409 2408
f 2473 2410 2409
f 2474 2411 2410
f 2411 2476 2412
f 2476 2413 2412
f 2477 2414 2413
f 2478 2415 2414
f 2479 2416 2415
f 2416 2481 2417
f 2481 2418 2417
f 2482 2419 2418
f 2483 2420 2419
f 2484 2421 2420
f 2485 2422 2421
f 2486 2423 2422
f 2487 2424 2423
f 2488 2425 2424
f 2489 2426 2425
f 2490 2427 2426
f 2427 2492 2428
f 2492 2429 2428
f 2429 2494 2430
f 2494 2431 2430
f 2495 2432 2431
f 2496 2369 2432
f 2497 2434 2433
f 2434 2499 2435
f 2499 2436 2435
f 2436 2501 2437
f 2501 2438 2437
f 2502 2439 2438
f 2503 2440 2439
f 2504 2441 2440
f 2505 2442 2441
f 2506 2443 2442
f 2507 2444 2443
f 2508 2445 2444
f 2509 2446 2445
f 2510 2447 2446
f 2511 2448 2447
f 2512 2449 2448
f 2513 2450 2449
f 2514 2451 2450
f 2515 2452 2451
f 2452 2517 2453
f 2517 2454 2453
f 2518 2455 2454
f 2519 2456 2455
f 2520 2457 2456
f 2521 2458 2457
f 2522 2459 2458
f 2523 2460 2459
f 2524 2461 2460
f 2525 2462 2461
f 2526 2463 2462
f 2527 2464 2463
f 2464 2529 2465
f 2529 2466 2465
f 2466 2531 2467
f 2531 2468 2467
f 2532 2469 2468
f 2469 2534 2470
f 2470 2535 2471
f 2471 2536 2472
f 2472 2537 2473
f 2473 2538 2474
f 2474 2539 2475
f 2475 2540 2476
f 2476 2541 2477
f 2541 2478 2477
f 2542 2479 2478
f 2479 2544 2480
f 2544 2481 2480
f 2481 2546 2482
f 2482 2547 2483
f 2483 2548 2484
f 2548 2485 2484
f 2485 2550 2486
f 2486 2551 2487
f 2487 2552 2488
f 2488 2553 2489
f 2553 2490 2489
f 2490 2555 2491
f 2555 2492 2491
f 2492 2557 2493
f 2557 2494 2493
f 2494 2559 2495
f 2559 2496 2495
f 2496 2497 2433
f 2561 2498 2497
f 2498 2563 2499
f 2563 2500 2499
f 2564 2501 2500
f 2501 2566 2502
f 2502 2567 2503
f 2503 2568 2504
f 2504 2569 2505
f 2505 2570 2506
f 2506 2571 2507
f 2571 2508 2507
f 2572 2509 2508
f 2509 2574 2510
f 2574 2511 2510
f 2511 2576 2512
f 2576 2513 2512
f 2577 2514 2513
f 2578 2515 2514
f 2515 2580 2516
f 2580 2517 2516
f 2517 2582 2518
f 2518 2583 2519
f 2519 2584 2520
f 2584 2521 2520
f 2521 2586 2522
f 2586 2523 2522
f 2587 2524 2523
f 2524 2589 2525
f 2589 2526 2525
f 2526 2591 2527
f 2591 2528 2527
f 2528 2593 2529
f 2593 2530 2529
f 2530 2595 2531
f 2595 2532 2531
f 2596 2533 2532
f 2597 2534 2533
f 2598 2535 2534
f 2599 2536 2535
f 2600 2537 2536
f 2601 2538 2537
f 2602 2539 2538
f 2603 2540 2539
f 2604 2541 2540
f 2541 2606 2542
f 2542 2607 2543
f 2607 2544 2543
f 2608 2545 2544
f 2545 2610 2546
f 2610 2547 2546
f 2611 2548 2547
f 2612 2549 2548
f 2549 2614 2550
f 2614 2551 2550
f 2615 2552 2551
f 2616 2553 2552
f 2617 2554 2553
f 2618 2555 2554
f 2619 2556 2555
f 2620 2557 2556
f 2557 2622 2558
f 2622 2559 2558
f 2623 2560 2559
f 2624 2497 2560
f 2625 2562 2561
f 2626 2563 2562
f 2563 2628 2564
f 2628 2565 2564
f 2629 2566 2565
f 2630 2567 2566
f 2631 2568 2567
f 2632 2569 2568
f 2633 2570 2569
f 2634 2571 2570
f 2571 2636 2572
f 2636 2573 2572
f 2573 2638 2574
f 2638 2575 2574
f 2639 2576 2575
f 2640 2577 2576
f 2641 2578 2577
f 2578 2643 2579
f 2643 2580 2579
f 2644 2581 2580
f 2645 2582 2581
f 2646 2583 2582
f 2583 2648 2584
f 2648 2585 2584
f 2649 2586 2585
f 2650 2587 2586
f 2651 2588 2587
f 2588 2653 2589
f 2589 2654 2590
f 2654 2591 2590
f 2655 2592 2591
f 2656 2593 2592
f 2593 2658 2594
f 2594 2659 2595
f 2659 2596 2595
f 2660 2597 2596
f 2661 2598 2597
f 2598 2663 2599
f 2663 2600 2599
f 2600 2665 2601
f 2665 2602 2601
f 2666 2603 2602
f 2603 2668 2604
f 2604 2669 2605
f 2605 2670 2606
f 2606 2671 2607
f 2671 2608 2607
f 2672 2609 2608
f 2609 2674 2610
f 2674 2611 2610
f 2611 2676 2612
f 2676 2613 2612
f 2677 2614 2613
f 2678 2615 2614
f 2679 2616 2615
f 2616 2681 2617
f 2617 2682 2618
f 2618 2683 2619
f 2619 2684 2620
f 2684 2621 2620
f 2621 2686 2622
f 2686 2623 2622
f 2623 2688 2624
f 2624 2625 2561
f 2625 2690 2626
f 2690 2627 2626
f 2627 2692 2628
f 2692 2629 2628
f 2693 2630 2629
f 2694 2631 2630
f 2631 2696 2632
f 2696 2633 2632
f 2697 2634 2633
f 2634 2699 2635
f 2635 2700 2636
f 2700 2637 2636
f 2637 2702 2638
f 2702 2639 2638
f 2703 2640 2639
f 2704 2641 2640
f 2705 2642 2641
f 2706 2643 2642
f 2707 2644 2643
f 2708 2645 2644
f 2645 2710 2646
f 2710 2647 2646
f 2711 2648 2647
f 2648 2713 2649
f 2713 2650 2649
f 2714 2651 2650
f 2715 2652 2651
f 2716 2653 2652
f 2717 2654 2653
f 2654 2719 2655
f 2719 2656 2655
f 2656 2721 2657
f 2721 2658 2657
f 2658 2723 2659
f 2723 2660 2659
f 2660 2725 2661
f 2725 2662 2661
f 2662 2727 2663
f 2663 2728 2664
f 2728 2665 2664
f 2665 2730 2666
f 2666 2731 2667
f 2731 2668 2667
f 2732 2669 2668
f 2669 2734 2670
f 2670 2735 2671
f 2671 2736 2672
f 2672 2737 2673
f 2673 2738 2674
f 2738 2675 2674
f 2675 2740 2676
f 2740 2677 2676
f 2677 2742 2678
f 2742 2679 2678
f 2743 2680 2679
f 2680 2745 2681
f 2681 2746 2682
f 2746 2683 2682
f 2683 2748 2684
f 2684 2749 2685
f 2749 2686 2685
f 2750 2687 2686
f 2751 2688 2687
f 2752 2625 2688
f 2689 2754 2690
f 2754 2691 2690
f 2755 2692 2691
f 2756 2693 2692
f 2757 2694 2693
f 2758 2695 2694
f 2695 2760 2696
f 2696 2761 2697
f 2761 2698 2697
f 2762 2699 2698
f 2699 2764 2700
f 2700 2765 2701
f 2701 2766 2702
f 2766 2703 2702
f 2767 2704 2703
f 2704 2769 2705
f 2705 2770 2706
f 2770 2707 2706
f 2771 2708 2707
f 2708 2773 2709
f 2709 2774 2710
f 2710 2775 2711
f 2775 2712 2711
f 2712 2777 2713
f 2777 2714 2713
f 2778 2715 2714
f 2779 2716 2715
f 2716 2781 2717
f 2781 2718 2717
f 2718 2783 2719
f 2783 2720 2719
f 2784 2721 2720
f 2785 2722 2721
f 2722 2787 2723
f 2787 2724 2723
f 2724 2789 2725
f 2789 2726 2725
f 2790 2727 2726
f 2791 2728 2727
f 2728 2793 2729
f 2793 2730 2729
f 2730 2795 2731
f 2795 2732 2731
f 2796 2733 2732
f 2797 2734 2733
f 2734 2799 2735
f 2735 2800 2736
f 2800 2737 2736
f 2801 2738 2737
f 2738 2803 2739
f 2803 2740 2739
f 2804 2741 2740
f 2805 2742 2741
f 2806 2743 2742
f 2743 2808 2744
f 2808 2745 2744
f 2809 2746 2745
f 2810 2747 2746
f 2811 2748 2747
f 2812 2749 2748
f 2813 2750 2749
f 2814 2751 2750
f 2751 2816 2752
f 2816 2689 2752
f 2753 2818 2754
f 2818 2755 2754
f 2755 2820 2756
f 2820 2757 2756
f 2821 2758 2757
f 2822 2759 2758
f 2823 2760 2759
f 2824 2761 2760
f 2825 2762 2761
f 2762 2827 2763
f 2827 2764 2763
f 2828 2765 2764
f 2829 2766 2765
f 2766 2831 2767
f 2767 2832 2768
f 2768 2833 2769
f 2769 2834 2770
f 2770 2835 2771
f 2771 2836 2772
f 2836 2773 2772
f 2773 2838 2774
f 2838 2775 2774
f 2839 2776 2775
f 2840 2777 2776
f 2777 2842 2778
f 2842 2779 2778
f 2779 2844 2780
f 2844 2781 2780
f 2845 2782 2781
f 2846 2783 2782
f 2847 2784 2783
f 2784 2849 2785
f 2849 2786 2785
f 2786 2851 2787
f 2787 2852 2788
f 2852 2789 2788
f 2789 2854 2790
f 2854 2791 2790
f 2791 2856 2792
f 2856 2793 2792
f 2857 2794 2793
f 2794 2859 2795
f 2795 2860 2796
f 2860 2797 2796
f 2797 2862 2798
f 2862 2799 2798
f 2863 2800 2799
f 2864 2801 2800
f 2865 2802 2801
f 2866 2803 2802
f 2867 2804 2803
f 2804 2869 2805
f 2869 2806 2805
f 2806 2871 2807
f 2871 2808 2807
f 2808 2873 2809
f 2873 2810 2809
f 2874 2811 2810
f 2875 2812 2811
f 2812 2877 2813
f 2813 2878 2814
f 2878 2815 2814
f 2815 2880 2816
f 2880 2753 2816
f 2817 2882 2818
f 2882 2819 2818
f 2819 2884 2820
f 2820 2885 2821
f 2885 2822 2821
f 2822 2887 2823
f 2823 2888 2824
f 2888 2825 2824
f 2825 2890 2826
f 2890 2827 2826
f 2827 2892 2828
f 2828 2893 2829
f 2829 2894 2830
f 2830 2895 2831
f 2831 2896 2832
f 2832 2897 2833
f 2833 2898 2834
f 2834 2899 2835
f 2835 2900 2836
f 2836 2901 2837
f 2837 2902 2838
f 2902 2839 2838
f 2839 2904 2840
f 2840 2905 2841
f 2905 2842 2841
f 2906 2843 2842
f 2843 2908 2844
f 2844 2909 2845
f 2909 2846 2845
f 2910 2847 2846
f 2911 2848 2847
f 2848 2913 2849
f 2913 2850 2849
f 2850 2915 2851
f 2915 2852 2851
f 2852 2917 2853
f 2917 2854 2853
f 2918 2855 2854
f 2919 2856 2855
f 2856 2921 2857
f 2921 2858 2857
f 2922 2859 2858
f 2923 2860 2859
f 2924 2861 2860
f 2925 2862 2861
f 2926 2863 2862
f 2927 2864 2863
f 2928 2865 2864
f 2929 2866 2865
f 2930 2867 2866
f 2931 2868 2867
f 2932 2869 2868
f 2933 2870 2869
f 2934 2871 2870
f 2871 2936 2872
f 2936 2873 2872
f 2937 2874 2873
f 2938 2875 2874
f 2939 2876 2875
f 2940 2877 2876
f 2941 2878 2877
f 2942 2879 2878
f 2879 2944 2880
f 2944 2817 2880
f 2945 2882 2881
f 2882 2947 2883
f 2947 2884 2883
f 2884 2949 2885
f 2885 2950 2886
f 2886 2951 2887
f 2887 2952 2888
f 2952 2889 2888
f 2889 2954 2890
f 2890 2955 2891
f 2955 2892 2891
f 2956 2893 2892
f 2957 2894 2893
f 2958 2895 2894
f 2895 2960 2896
f 2960 2897 2896
f 2897 2962 2898
f 2898 2963 2899
f 2963 2900 2899
f 2964 2901 2900
f 2965 2902 2901
f 2902 2967 2903
f 2903 2968 2904
f 2968 2905 2904
f 2905 2970 2906
f 2906 2971 2907
f 2971 2908 2907
f 2908 2973 2909
f 2973 2910 2909
f 2974 2911 2910
f 2975 2912 2911
f 2912 2977 2913
f 2977 2914 2913
f 2978 2915 2914
f 2979 2916 2915
f 2980 2917 2916
f 2981 2918 2917
f 2982 2919 2918
f 2983 2920 2919
f 2984 2921 2920
f 2921 2986 2922
f 2986 2923 2922
f 2987 2924 2923
f 2924 2989 2925
f 2989 2926 2925
f 2926 2991 2927
f 2991 2928 2927
f 2992 2929 2928
f 2993 2930 2929
f 2994 2931 2930
f 2931 2996 2932
f 2996 2933 2932
f 2933 2998 2934
f 2934 2999 2935
f 2999 2936 2935
f 3000 2937 2936
f 3001 2938 2937
f 3002 2939 2938
f 2939 3004 2940
f 3004 2941 2940
f 3005 2942 2941
f 3006 2943 2942
f 3007 2944 2943
f 3008 2881 2944
f 2945 3010 2946
f 2946 3011 2947
f 2947 3012 2948
f 3012 2949 2948
f 3013 2950 2949
f 3014 2951 2950
f 3015 2952 2951
f 3016 2953 2952
f 2953 3018 2954
f 2954 3019 2955
f 3019 2956 2955
f 3020 2957 2956
f 2957 3022 2958
f 3022 2959 2958
f 3023 2960 2959
f 3024 2961 2960
f 3025 2962 2961
f 3026 2963 2962
f 3027 2964 2963
f 3028 2965 2964
f 2965 3030 2966
f 2966 3031 2967
f 3031 2968 2967
f 3032 2969 2968
f 3033 2970 2969
f 2970 3035 2971
f 2971 3036 2972
f 3036 2973 2972
f 3037 2974 2973
f 3038 2975 2974
f 3039 2976 2975
f 3040 2977 2976
f 3041 2978 2977
f 3042 2979 2978
f 3043 2980 2979
f 2980 3045 2981
f 3045 2982 2981
f 3046 2983 2982
f 3047 2984 2983
f 2984 3049 2985
f 3049 2986 2985
f 2986 3051 2987
f 3051 2988 2987
f 3052 2989 2988
f 2989 3054 2990
f 2990 3055 2991
f 2991 3056 2992
f 3056 2993 2992
f 2993 3058 2994
f 3058 2995 2994
f 3059 2996 2995
f 3060 2997 2996
f 2997 3062 2998
f 2998 3063 2999
f 3063 3000 2999
f 3064 3001 3000
f 3001 3066 3002
f 3002 3067 3003
f 3003 3068 3004
f 3004 3069 3005
f 3069 3006 3005
f 3070 3007 3006
f 3071 3008 3007
f 3072 2945 3008
f 3009 3074 3010
f 3010 3075 3011
f 3075 3012 3011
f 3012 3077 3013
f 3077 3014 3013
f 3078 3015 3014
f 3079 3016 3015
f 3080 3017 3016
f 3081 3018 3017
f 3082 3019 3018
f 3083 3020 3019
f 3020 3085 3021
f 3021 3086 3022
f 3086 3023 3022
f 3087 3024 3023
f 3024 3089 3025
f 3025 3090 3026
f 3090 3027 3026
f 3027 3092 3028
f 3028 3093 3029
f 3093 3030 3029
f 3094 3031 3030
f 3095 3032 3031
f 3032 3097 3033
f 3097 3034 3033
f 3034 3099 3035
f 3099 3036 3035
f 3100 3037 3036
f 3101 3038 3037
f 3038 3103 3039
f 3103 3040 3039
f 3040 3105 3041
f 3105 3042 3041
f 3106 3043 3042
f 3107 3044 3043
f 3108 3045 3044
f 3109 3046 3045
f 3046 3111 3047
f 3111 3048 3047
f 3048 3113 3049
f 3049 3114 3050
f 3050 3115 3051
f 3051 3116 3052
f 3052 3117 3053
f 3117 3054 3053
f 3054 3119 3055
f 3055 3120 3056
f 3120 3057 3056
f 3121 3058 3057
f 3058 3123 3059
f 3059 3124 3060
f 3124 3061 3060
f 3125 3062 3061
f 3062 3127 3063
f 3063 3128 3064
f 3128 3065 3064
f 3065 3130 3066
f 3066 3131 3067
f 3067 3132 3068
f 3132 3069 3068
f 3133 3070 3069
f 3070 3135 3071
f 3135 3072 3071
f 3136 3009 3072
f 3073 3138 3074
f 3074 3139 3075
f 3075 3140 3076
f 3076 3141 3077
f 3077 3142 3078
f 3142 3079 3078
f 3143 3080 3079
f 3144 3081 3080
f 3145 3082 3081
f 3082 3147 3083
f 3083 3148 3084
f 3084 3149 3085
f 3149 3086 3085
f 3150 3087 3086
f 3151 3088 3087
f 3152 3089 3088
f 3153 3090 3089
f 3090 3155 3091
f 3155 3092 3091
f 3092 3157 3093
f 3157 3094 3093
f 3094 3159 3095
f 3159 3096 3095
f 3160 3097 3096
f 3097 3162 3098
f 3098 3163 3099
f 3163 3100 3099
f 3100 3165 3101
f 3101 3166 3102
f 3166 3103 3102
f 3167 3104 3103
f 3104 3169 3105
f 3169 3106 3105
f 3170 3107 3106
f 3107 3172 3108
f 3172 3109 3108
f 3173 3110 3109
f 3110 3175 3111
f 3175 3112 3111
f 3176 3113 3112
f 3177 3114 3113
f 3178 3115 3114
f 3179 3116 3115
f 3116 3181 3117
f 3181 3118 3117
f 3118 3183 3119
f 3183 3120 3119
f 3184 3121 3120
f 3185 3122 3121
f 3122 3187 3123
f 3123 3188 3124
f 3188 3125 3124
f 3189 3126 3125
f 3190 3127 3126
f 3191 3128 3127
f 3128 3193 3129
f 3129 3194 3130
f 3194 3131 3130
f 3131 3196 3132
f 3196 3133 3132
f 3197 3134 3133
f 3198 3135 3134
f 3199 3136 3135
f 3200 3073 3136
f 3201 3138 3137
f 3202 3139 3138
f 3203 3140 3139
f 3204 3141 3140
f 3141 3206 3142
f 3142 3207 3143
f 3143 3208 3144
f 3144 3209 3145
f 3145 3210 3146
f 3210 3147 3146
f 3147 3212 3148
f 3148 3213 3149
f 3213 3150 3149
f 3214 3151 3150
f 3215 3152 3151
f 3152 3217 3153
f 3217 3154 3153
f 3154 3219 3155
f 3155 3220 3156
f 3220 3157 3156
f 3221 3158 3157
f 3222 3159 3158
f 3159 3224 3160
f 3224 3161 3160
f 3161 3226 3162
f 3226 3163 3162
f 3227 3164 3163
f 3228 3165 3164
f 3165 3230 3166
f 3230 3167 3166
f 3231 3168 3167
f 3232 3169 3168
f 3233 3170 3169
f 3234 3171 3170
f 3235 3172 3171
f 3236 3173 3172
f 3237 3174 3173
f 3174 3239 3175
f 3175 3240 3176
f 3240 3177 3176
f 3241 3178 3177
f 3242 3179 3178
f 3179 3244 3180
f 3180 3245 3181
f 3181 3246 3182
f 3246 3183 3182
f 3247 3184 3183
f 3248 3185 3184
f 3249 3186 3185
f 3250 3187 3186
f 3251 3188 3187
f 3188 3253 3189
f 3253 3190 3189
f 3254 3191 3190
f 3191 3256 3192
f 3256 3193 3192
f 3257 3194 3193
f 3258 3195 3194
f 3259 3196 3195
f 3260 3197 3196
f 3261 3198 3197
f 3198 3263 3199
f 3199 3264 3200
f 3200 3201 3137
f 3265 3202 3201
f 3266 3203 3202
f 3267 3204 3203
f 3268 3205 3204
f 3269 3206 3205
f 3270 3207 3206
f 3207 3272 3208
f 3208 3273 3209
f 3273 3210 3209
f 3210 3275 3211
f 3275 3212 3211
f 3276 3213 3212
f 3277 3214 3213
f 3214 3279 3215
f 3279 3216 3215
f 3280 3217 3216
f 3281 3218 3217
f 3282 3219 3218
f 3219 3284 3220
f 3284 3221 3220
f 3221 3286 3222
f 3286 3223 3222
f 3287 3224 3223
f 3288 3225 3224
f 3289 3226 3225
f 3290 3227 3226
f 3291 3228 3227
f 3292 3229 3228
f 3293 3230 3229
f 3230 3295 3231
f 3295 3232 3231
f 3232 3297 3233
f 3297 3234 3233
f 3234 3299 3235
f 3299 3236 3235
f 3236 3301 3237
f 3237 3302 3238
f 3238 3303 3239
f 3303 3240 3239
f 3240 3305 3241
f 3241 3306 3242
f 3306 3243 3242
f 3243 3308 3244
f 3308 3245 3244
f 3245 3310 3246
f 3310 3247 3246
f 3247 3312 3248
f 3248 3313 3249
f 3249 3314 3250
f 3314 3251 3250
f 3315 3252 3251
f 3252 3317 3253
f 3253 3318 3254
f 3254 3319 3255
f 3319 3256 3255
f 3256 3321 3257
f 3321 3258 3257
f 3322 3259 3258
f 3259 3324 3260
f 3260 3325 3261
f 3261 3326 3262
f 3326 3263 3262
f 3263 3328 3264
f 3264 3265 3201
f 3329 3266 3265
f 3330 3267 3266
f 3267 3332 3268
f 3332 3269 3268
f 3269 3334 3270
f 3270 3335 3271
f 3335 3272 3271
f 3272 3337 3273
f 3337 3274 3273
f 3338 3275 3274
f 3275 3340 3276
f 3340 3277 3276
f 3341 3278 3277
f 3342 3279 3278
f 3279 3344 3280
f 3280 3345 3281
f 3345 3282 3281
f 3346 3283 3282
f 3283 3348 3284
f 3348 3285 3284
f 3285 3350 3286
f 3286 3351 3287
f 3287 3352 3288
f 3352 3289 3288
f 3289 3354 3290
f 3354 3291 3290
f 3355 3292 3291
f 3356 3293 3292
f 3357 3294 3293
f 3358 3295 3294
f 3295 3360 3296
f 3360 3297 3296
f 3361 3298 3297
f 3362 3299 3298
f 3363 3300 3299
f 3364 3301 3300
f 3365 3302 3301
f 3302 3367 3303
f 3367 3304 3303
f 3368 3305 3304
f 3305 3370 3306
f 3306 3371 3307
f 3371 3308 3307
f 3372 3309 3308
f 3373 3310 3309
f 3374 3311 3310
f 3311 3376 3312
f 3376 3313 3312
f 3377 3314 3313
f 3378 3315 3314
f 3379 3316 3315
f 3380 3317 3316
f 3317 3382 3318
f 3382 3319 3318
f 3383 3320 3319
f 3320 3385 3321
f 3385 3322 3321
f 3322 3387 3323
f 3387 3324 3323
f 3324 3389 3325
f 3325 3390 3326
f 3390 3327 3326
f 3327 3392 3328
f 3392 3265 3328
f 3393 3330 3329
f 3394 3331 3330
f 3395 3332 3331
f 3396 3333 3332
f 3333 3398 3334
f 3334 3399 3335
f 3399 3336 3335
f 3336 3401 3337
f 3337 3402 3338
f 3338 3403 3339
f 3403 3340 3339
f 3404 3341 3340
f 3341 3406 3342
f 3406 3343 3342
f 3343 3408 3344
f 3408 3345 3344
f 3409 3346 3345
f 3346 3411 3347
f 3411 3348 3347
f 3412 3349 3348
f 3349 3414 3350
f 3414 3351 3350
f 3415 3352 3351
f 3416 3353 3352
f 3353 3418 3354
f 3418 3355 3354
f 3419 3356 3355
f 3420 3357 3356
f 3421 3358 3357
f 3422 3359 3358
f 3359 3424 3360
f 3424 3361 3360
f 3425 3362 3361
f 3426 3363 3362
f 3427 3364 3363
f 3364 3429 3365
f 3429 3366 3365
f 3366 3431 3367
f 3431 3368 3367
f 3432 3369 3368
f 3369 3434 3370
f 3370 3435 3371
f 3371 3436 3372
f 3436 3373 3372
f 3373 3438 3374
f 3374 3439 3375
f 3439 3376 3375
f 3440 3377 3376
f 3377 3442 3378
f 3442 3379 3378
f 3443 3380 3379
f 3444 3381 3380
f 3381 3446 3382
f 3446 3383 3382
f 3447 3384 3383
f 3448 3385 3384
f 3449 3386 3385
f 3386 3451 3387
f 3451 3388 3387
f 3452 3389 3388
f 3389 3454 3390
f 3454 3391 3390
f 3455 3392 3391
f 3392 3393 3329
f 3393 3458 3394
f 3394 3459 3395
f 3395 3460 3396
f 3460 3397 3396
f 3461 3398 3397
f 3462 3399 3398
f 3463 3400 3399
f 3400 3465 3401
f 3465 3402 3401
f 3402 3467 3403
f 3467 3404 3403
f 3468 3405 3404
f 3405 3470 3406
f 3470 3407 3406
f 3471 3408 3407
f 3472 3409 3408
f 3409 3474 3410
f 3410 3475 3411
f 3411 3476 3412
f 3412 3477 3413
f 3413 3478 3414
f 3478 3415 3414
f 3415 3480 3416
f 3480 3417 3416
f 3417 3482 3418
f 3482 3419 3418
f 3419 3484 3420
f 3484 3421 3420
f 3421 3486 3422
f 3486 3423 3422
f 3487 3424 3423
f 3488 3425 3424
f 3489 3426 3425
f 3426 3491 3427
f 3427 3492 3428
f 3492 3429 3428
f 3493 3430 3429
f 3494 3431 3430
f 3431 3496 3432
f 3496 3433 3432
f 3433 3498 3434
f 3498 3435 3434
f 3435 3500 3436
f 3500 3437 3436
f 3501 3438 3437
f 3502 3439 3438
f 3503 3440 3439
f 3504 3441 3440
f 3505 3442 3441
f 3442 3507 3443
f 3507 3444 3443
f 3508 3445 3444
f 3445 3510 3446
f 3446 3511 3447
f 3511 3448 3447
f 3512 3449 3448
f 3513 3450 3449
f 3450 3515 3451
f 3451 3516 3452
f 3516 3453 3452
f 3517 3454 3453
f 3518 3455 3454
f 3519 3456 3455
f 3520 3393 3456
f 3521 3458 3457
f 3458 3523 3459
f 3459 3524 3460
f 3524 3461 3460
f 3461 3526 3462
f 3526 3463 3462
f 3527 3464 3463
f 3464 3529 3465
f 3529 3466 3465
f 3466 3531 3467
f 3531 3468 3467
f 3468 3533 3469
f 3533 3470 3469
f 3470 3535 3471
f 3471 3536 3472
f 3536 3473 3472
f 3473 3538 3474
f 3474 3539 3475
f 3539 3476 3475
f 3540 3477 3476
f 3541 3478 3477
f 3478 3543 3479
f 3479 3544 3480
f 3480 3545 3481
f 3545 3482 3481
f 3482 3547 3483
f 3547 3484 3483
f 3548 3485 3484
f 3549 3486 3485
f 3486 3551 3487
f 3487 3552 3488
f 3552 3489 3488
f 3489 3554 3490
f 3554 3491 3490
f 3555 3492 3491
f 3492 3557 3493
f 3493 3558 3494
f 3494 3559 3495
f 3559 3496 3495
f 3560 3497 3496
f 3561 3498 3497
f 3562 3499 3498
f 3563 3500 3499
f 3564 3501 3500
f 3501 3566 3502
f 3502 3567 3503
f 3567 3504 3503
f 3568 3505 3504
f 3505 3570 3506
f 3570 3507 3506
f 3571 3508 3507
f 3572 3509 3508
f 3573 3510 3509
f 3510 3575 3511
f 3575 3512 3511
f 3576 3513 3512
f 3577 3514 3513
f 3514 3579 3515
f 3515 3580 3516
f 3580 3517 3516
f 3517 3582 3518
f 3582 3519 3518
f 3583 3520 3519
f 3520 3521 3457
f 3585 3522 3521
f 3586 3523 3522
f 3523 3588 3524
f 3524 3589 3525
f 3525 3590 3526
f 3590 3527 3526
f 3591 3528 3527
f 3528 3593 3529
f 3593 3530 3529
f 3594 3531 3530
f 3595 3532 3531
f 3532 3597 3533
f 3597 3534 3533
f 3598 3535 3534
f 3599 3536 3535
f 3600 3537 3536
f 3601 3538 3537
f 3602 3539 3538
f 3603 3540 3539
f 3604 3541 3540
f 3605 3542 3541
f 3606 3543 3542
f 3607 3544 3543
f 3608 3545 3544
f 3609 3546 3545
f 3610 3547 3546
f 3611 3548 3547
f 3612 3549 3548
f 3613 3550 3549
f 3550 3615 3551
f 3551 3616 3552
f 3616 3553 3552
f 3553 3618 3554
f 3618 3555 3554
f 3619 3556 3555
f 3556 3621 3557
f 3557 3622 3558
f 3558 3623 3559
f 3623 3560 3559
f 3560 3625 3561
f 3625 3562 3561
f 3562 3627 3563
f 3627 3564 3563
f 3564 3629 3565
f 3565 3630 3566
f 3566 3631 3567
f 3631 3568 3567
f 3568 3633 3569
f 3633 3570 3569
f 3570 3635 3571
f 3635 3572 3571
f 3572 3637 3573
f 3637 3574 3573
f 3574 3639 3575
f 3639 3576 3575
f 3576 3641 3577
f 3641 3578 3577
f 3578 3643 3579
f 3579 3644 3580
f 3644 3581 3580
f 3645 3582 3581
f 3646 3583 3582
f 3583 3648 3584
f 3584 3585 3521
f 3585 3650 3586
f 3586 3651 3587
f 3587 3652 3588
f 3588 3653 3589
f 3653 3590 3589
f 3654 3591 3590
f 3655 3592 3591
f 3656 3593 3592
f 3593 3658 3594
f 3594 3659 3595
f 3595 3660 3596
f 3596 3661 3597
f 3661 3598 3597
f 3662 3599 3598
f 3599 3664 3600
f 3600 3665 3601
f 3601 3666 3602
f 3602 3667 3603
f 3603 3668 3604
f 3604 3669 3605
f 3605 3670 3606
f 3606 3671 3607
f 3671 3608 3607
f 3608 3673 3609
f 3609 3674 3610
f 3610 3675 3611
f 3675 3612 3611
f 3612 3677 3613
f 3677 3614 3613
f 3614 3679 3615
f 3679 3616 3615
f 3616 3681 3617
f 3681 3618 3617
f 3682 3619 3618
f 3683 3620 3619
f 3620 3685 3621
f 3621 3686 3622
f 3622 3687 3623
f 3687 3624 3623
f 3688 3625 3624
f 3689 3626 3625
f 3626 3691 3627
f 3691 3628 3627
f 3628 3693 3629
f 3693 3630 3629
f 3694 3631 3630
f 3695 3632 3631
f 3696 3633 3632
f 3697 3634 3633
f 3634 3699 3635
f 3635 3700 3636
f 3700 3637 3636
f 3701 3638 3637
f 3702 3639 3638
f 3703 3640 3639
f 3704 3641 3640
f 3705 3642 3641
f 3706 3643 3642
f 3707 3644 3643
f 3708 3645 3644
f 3709 3646 3645
f 3710 3647 3646
f 3711 3648 3647
f 3712 3585 3648
f 3649 3714 3650
f 3714 3651 3650
f 3651 3716 3652
f 3716 3653 3652
f 3653 3718 3654
f 3718 3655 3654
f 3655 3720 3656
f 3720 3657 3656
f 3721 3658 3657
f 3722 3659 3658
f 3723 3660 3659
f 3724 3661 3660
f 3725 3662 3661
f 3726 3663 3662
f 3727 3664 3663
f 3728 3665 3664
f 3729 3666 3665
f 3730 3667 3666
f 3731 3668 3667
f 3732 3669 3668
f 3733 3670 3669
f 3734 3671 3670
f 3735 3672 3671
f 3736 3673 3672
f 3737 3674 3673
f 3738 3675 3674
f 3739 3676 3675
f 3676 3741 3677
f 3741 3678 3677
f 3742 3679 3678
f 3679 3744 3680
f 3744 3681 3680
f 3681 3746 3682
f 3746 3683 3682
f 3683 3748 3684
f 3748 3685 3684
f 3749 3686 3685
f 3686 3751 3687
f 3751 3688 3687
f 3688 3753 3689
f 3689 3754 3690
f 3690 3755 3691
f 3691 3756 3692
f 3692 3757 3693
f 3693 3758 3694
f 3758 3695 3694
f 3695 3760 3696
f 3696 3761 3697
f 3761 3698 3697
f 3698 3763 3699
f 3763 3700 3699
f 3700 3765 3701
f 3765 3702 3701
f 3702 3767 3703
f 3703 3768 3704
f 3704 3769 3705
f 3705 3770 3706
f 3706 3771 3707
f 3707 3772 3708
f 3772 3709 3708
f 3709 3774 3710
f 3774 3711 3710
f 3775 3712 3711
f 3776 3649 3712
f 3713 3778 3714
f 3778 3715 3714
f 3779 3716 3715
f 3716 3781 3717
f 3717 3782 3718
f 3782 3719 3718
f 3783 3720 3719
f 3784 3721 3720
f 3785 3722 3721
f 3786 3723 3722
f 3787 3724 3723
f 3724 3789 3725
f 3789 3726 3725
f 3726 3791 3727
f 3791 3728 3727
f 3792 3729 3728
f 3729 3794 3730
f 3730 3795 3731
f 3731 3796 3732
f 3796 3733 3732
f 3797 3734 3733
f 3734 3799 3735
f 3799 3736 3735
f 3800 3737 3736
f 3737 3802 3738
f 3738 3803 3739
f 3803 3740 3739
f 3804 3741 3740
f 3741 3806 3742
f 3742 3807 3743
f 3807 3744 3743
f 3808 3745 3744
f 3745 3810 3746
f 3746 3811 3747
f 3811 3748 3747
f 3748 3813 3749
f 3813 3750 3749
f 3814 3751 3750
f 3815 3752 3751
f 3816 3753 3752
f 3753 3818 3754
f 3754 3819 3755
f 3819 3756 3755
f 3820 3757 3756
f 3757 3822 3758
f 3822 3759 3758
f 3823 3760 3759
f 3824 3761 3760
f 3761 3826 3762
f 3762 3827 3763
f 3827 3764 3763
f 3764 3829 3765
f 3829 3766 3765
f 3830 3767 3766
f 3767 3832 3768
f 3768 3833 3769
f 3769 3834 3770
f 3834 3771 3770
f 3771 3836 3772
f 3836 3773 3772
f 3837 3774 3773
f 3774 3839 3775
f 3775 3840 3776
f 3840 3713 3776
f 3777 3842 3778
f 3842 3779 3778
f 3779 3844 3780
f 3780 3845 3781
f 3781 3846 3782
f 3782 3847 3783
f 3847 3784 3783
f 3784 3849 3785
f 3785 3850 3786
f 3786 3851 3787
f 3787 3852 3788
f 3788 3853 3789
f 3789 3854 3790
f 3790 3855 3791
f 3791 3856 3792
f 3792 3857 3793
f 3793 3858 3794
f 3858 3795 3794
f 3795 3860 3796
f 3796 3861 3797
f 3861 3798 3797
f 3862 3799 3798
f 3799 3864 3800
f 3800 3865 3801
f 3801 3866 3802
f 3802 3867 3803
f 3803 3868 3804
f 3868 3805 3804
f 3805 3870 3806
f 3870 3807 3806
f 3807 3872 3808
f 3872 3809 3808
f 3873 3810 3809
f 3874 3811 3810
f 3875 3812 3811
f 3876 3813 3812
f 3813 3878 3814
f 3878 3815 3814
f 3879 3816 3815
f 3880 3817 3816
f 3881 3818 3817
f 3882 3819 3818
f 3819 3884 3820
f 3820 3885 3821
f 3885 3822 3821
f 3886 3823 3822
f 3887 3824 3823
f 3888 3825 3824
f 3889 3826 3825
f 3890 3827 3826
f 3891 3828 3827
f 3892 3829 3828
f 3893 3830 3829
f 3894 3831 3830
f 3895 3832 3831
f 3832 3897 3833
f 3897 3834 3833
f 3834 3899 3835
f 3899 3836 3835
f 3900 3837 3836
f 3901 3838 3837
f 3902 3839 3838
f 3839 3904 3840
f 3904 3777 3840
f 3841 3906 3842
f 3906 3843 3842
f 3843 3908 3844
f 3908 3845 3844
f 3909 3846 3845
f 3846 3911 3847
f 3847 3912 3848
f 3848 3913 3849
f 3913 3850 3849
f 3914 3851 3850
f 3915 3852 3851
f 3916 3853 3852
f 3917 3854 3853
f 3918 3855 3854
f 3919 3856 3855
f 3920 3857 3856
f 3921 3858 3857
f 3922 3859 3858
f 3923 3860 3859
f 3924 3861 3860
f 3925 3862 3861
f 3926 3863 3862
f 3927 3864 3863
f 3864 3929 3865
f 3929 3866 3865
f 3930 3867 3866
f 3931 3868 3867
f 3932 3869 3868
f 3869 3934 3870
f 3934 3871 3870
f 3935 3872 3871
f 3936 3873 3872
f 3937 3874 3873
f 3874 3939 3875
f 3875 3940 3876
f 3940 3877 3876
f 3877 3942 3878
f 3942 3879 3878
f 3879 3944 3880
f 3880 3945 3881
f 3945 3882 3881
f 3882 3947 3883
f 3883 3948 3884
f 3948 3885 3884
f 3885 3950 3886
f 3886 3951 3887
f 3887 3952 3888
f 3888 3953 3889
f 3889 3954 3890
f 3890 3955 3891
f 3955 3892 3891
f 3956 3893 3892
f 3893 3958 3894
f 3894 3959 3895
f 3895 3960 3896
f 3960 3897 3896
f 3961 3898 3897
f 3962 3899 3898
f 3963 3900 3899
f 3900 3965 3901
f 3965 3902 3901
f 3966 3903 3902
f 3903 3968 3904
f 3968 3841 3904
f 3905 3970 3906
f 3970 3907 3906
f 3971 3908 3907
f 3908 3973 3909
f 3909 3974 3910
f 3910 3975 3911
f 3911 3976 3912
f 3976 3913 3912
f 3977 3914 3913
f 3914 3979 3915
f 3915 3980 3916
f 3916 3981 3917
f 3981 3918 3917
f 3918 3983 3919
f 3983 3920 3919
f 3920 3985 3921
f 3921 3986 3922
f 3986 3923 3922
f 3923 3988 3924
f 3924 3989 3925
f 3925 3990 3926
f 3926 3991 3927
f 3927 3992 3928
f 3928 3993 3929
f 3929 3994 3930
f 3930 3995 3931
f 3995 3932 3931
f 3932 3997 3933
f 3933 3998 3934
f 3998 3935 3934
f 3999 3936 3935
f 3936 4001 3937
f 4001 3938 3937
f 4002 3939 3938
f 4003 3940 3939
f 4004 3941 3940
f 4005 3942 3941
f 3942 4007 3943
f 4007 3944 3943
f 4008 3945 3944
f 4009 3946 3945
f 4010 3947 3946
f 4011 3948 3947
f 4012 3949 3948
f 4013 3950 3949
f 4014 3951 3950
f 3951 4016 3952
f 4016 3953 3952
f 4017 3954 3953
f 4018 3955 3954
f 4019 3956 3955
f 3956 4021 3957
f 4021 3958 3957
f 4022 3959 3958
f 4023 3960 3959
f 4024 3961 3960
f 4025 3962 3961
f 4026 3963 3962
f 4027 3964 3963
f 4028 3965 3964
f 4029 3966 3965
f 4030 3967 3966
f 3967 4032 3968
f 4032 3905 3968
f 4033 3970 3969
f 4034 3971 3970
f 4035 3972 3971
f 4036 3973 3972
f 3973 4038 3974
f 3974 4039 3975
f 4039 3976 3975
f 3976 4041 3977
f 4041 3978 3977
f 4042 3979 3978
f 4043 3980 3979
f 3980 4045 3981
f 4045 3982 3981
f 4046 3983 3982
f 3983 4048 3984
f 4048 3985 3984
f 4049 3986 3985
f 4050 3987 3986
f 3987 4052 3988
f 4052 3989 3988
f 4053 3990 3989
f 4054 3991 3990
f 4055 3992 3991
f 4056 3993 3992
f 4057 3994 3993
f 4058 3995 3994
f 4059 3996 3995
f 3996 4061 3997
f 4061 3998 3997
f 4062 3999 3998
f 4063 4000 3999
f 4064 4001 4000
f 4065 4002 4001
f 4066 4003 4002
f 4003 4068 4004
f 4068 4005 4004
f 4069 4006 4005
f 4006 4071 4007
f 4007 4072 4008
f 4008 4073 4009
f 4009 4074 4010
f 4010 4075 4011
f 4011 4076 4012
f 4012 4077 4013
f 4013 4078 4014
f 4078 4015 4014
f 4015 4080 4016
f 4016 4081 4017
f 4017 4082 4018
f 4082 4019 4018
f 4019 4084 4020
f 4020 4085 4021
f 4085 4022 4021
f 4022 4087 4023
f 4023 4088 4024
f 4024 4089 4025
f 4089 4026 4025
f 4026 4091 4027
f 4091 4028 4027
f 4092 4029 4028
f 4093 4030 4029
f 4094 4031 4030
f 4095 4032 4031
f 4096 3969 4032
f 4097 4034 4033
f 4098 4035 4034
f 4035 4100 4036
f 4100 4037 4036
f 4101 4038 4037
f 4102 4039 4038
f 4103 4040 4039
f 4104 4041 4040
f 4041 4106 4042
f 4106 4043 4042
f 4107 4044 4043
f 4108 4045 4044
f 4109 4046 4045
f 4110 4047 4046
f 4047 4112 4048
f 4048 4113 4049
f 4113 4050 4049
f 4114 4051 4050
f 4115 4052 4051
f 4116 4053 4052
f 4117 4054 4053
f 4054 4119 4055
f 4055 4120 4056
f 4056 4121 4057
f 4057 4122 4058
f 4122 4059 4058
f 4123 4060 4059
f 4124 4061 4060
f 4125 4062 4061
f 4126 4063 4062
f 4063 4128 4064
f 4128 4065 4064
f 4129 4066 4065
f 4130 4067 4066
f 4131 4068 4067
f 4068 4133 4069
f 4069 4134 4070
f 4134 4071 4070
f 4135 4072 4071
f 4136 4073 4072
f 4137 4074 4073
f 4138 4075 4074
f 4139 4076 4075
f 4140 4077 4076
f 4141 4078 4077
f 4078 4143 4079
f 4079 4144 4080
f 4144 4081 4080
f 4145 4082 4081
f 4146 4083 4082
f 4147 4084 4083
f 4084 4149 4085
f 4085 4150 4086
f 4086 4151 4087
f 4087 4152 4088
f 4152 4089 4088
f 4153 4090 4089
f 4154 4091 4090
f 4155 4092 4091
f 4156 4093 4092
f 4157 4094 4093
f 4094 4159 4095
f 4159 4096 4095
f 4160 4033 4096
f 4161 4098 4097
f 4162 4099 4098
f 4163 4100 4099
f 4100 4165 4101
f 4165 4102 4101
f 4166 4103 4102
f 4103 4168 4104
f 4168 4105 4104
f 4169 4106 4105
f 4170 4107 4106
f 4107 4172 4108
f 4172 4109 4108
f 4109 4174 4110
f 4174 4111 4110
f 4175 4112 4111
f 4176 4113 4112
f 4177 4114 4113
f 4178 4115 4114
f 4179 4116 4115
f 4180 4117 4116
f 4181 4118 4117
f 4182 4119 4118
f 4183 4120 4119
f 4184 4121 4120
f 4185 4122 4121
f 4186 4123 4122
f 4187 4124 4123
f 4124 4189 4125
f 4125 4190 4126
f 4126 4191 4127
f 4191 4128 4127
f 4128 4193 4129
f 4193 4130 4129
f 4130 4195 4131
f 4195 4132 4131
f 4196 4133 4132
f 4197 4134 4133
f 4134 4199 4135
f 4135 4200 4136
f 4136 4201 4137
f 4137 4202 4138
f 4138 4203 4139
f 4203 4140 4139
f 4140 4205 4141
f 4141 4206 4142
f 4206 4143 4142
f 4143 4208 4144
f 4144 4209 4145
f 4145 4210 4146
f 4210 4147 4146
f 4147 4212 4148
f 4212 4149 4148
f 4213 4150 4149
f 4214 4151 4150
f 4151 4216 4152
f 4152 4217 4153
f 4153 4218 4154
f 4218 4155 4154
f 4219 4156 4155
f 4156 4221 4157
f 4221 4158 4157
f 4222 4159 4158
f 4223 4160 4159
f 4224 4097 4160
f 4225 4162 4161
f 4226 4163 4162
f 4163 4228 4164
f 4228 4165 4164
f 4229 4166 4165
f 4166 4231 4167
f 4167 4232 4168
f 4232 4169 4168
f 4169 4234 4170
f 4170 4235 4171
f 4171 4236 4172
f 4172 4237 4173
f 4173 4238 4174
f 4174 4239 4175
f 4175 4240 4176
f 4176 4241 4177
f 4177 4242 4178
f 4178 4243 4179
f 4179 4244 4180
f 4180 4245 4181
f 4181 4246 4182
f 4182 4247 4183
f 4183 4248 4184
f 4184 4249 4185
f 4185 4250 4186
f 4186 4251 4187
f 4187 4252 4188
f 4252 4189 4188
f 4189 4254 4190
f 4254 4191 4190
f 4255 4192 4191
f 4256 4193 4192
f 4257 4194 4193
f 4194 4259 4195
f 4259 4196 4195
f 4260 4197 4196
f 4261 4198 4197
f 4262 4199 4198
f 4263 4200 4199
f 4264 4201 4200
f 4265 4202 4201
f 4266 4203 4202
f 4267 4204 4203
f 4268 4205 4204
f 4269 4206 4205
f 4270 4207 4206
f 4271 4208 4207
f 4272 4209 4208
f 4273 4210 4209
f 4274 4211 4210
f 4275 4212 4211
f 4276 4213 4212
f 4277 4214 4213
f 4278 4215 4214
f 4279 4216 4215
f 4280 4217 4216
f 4217 4282 4218
f 4282 4219 4218
f 4283 4220 4219
f 4220 4285 4221
f 4285 4222 4221
f 4286 4223 4222
f 4287 4224 4223
f 4288 4161 4224
f 4289 4226 4225
f 4226 4291 4227
f 4291 4228 4227
f 4292 4229 4228
f 4293 4230 4229
f 4294 4231 4230
f 4295 4232 4231
f 4296 4233 4232
f 4297 4234 4233
f 4298 4235 4234
f 4299 4236 4235
f 4300 4237 4236
f 4301 4238 4237
f 4302 4239 4238
f 4303 4240 4239
f 4304 4241 4240
f 4305 4242 4241
f 4242 4307 4243
f 4307 4244 4243
f 4308 4245 4244
f 4309 4246 4245
f 4310 4247 4246
f 4311 4248 4247
f 4312 4249 4248
f 4313 4250 4249
f 4314 4251 4250
f 4251 4316 4252
f 4316 4253 4252
f 4317 4254 4253
f 4254 4319 4255
f 4319 4256 4255
f 4320 4257 4256
f 4257 4322 4258
f 4322 4259 4258
f 4323 4260 4259
f 4324 4261 4260
f 4261 4326 4262
f 4326 4263 4262
f 4263 4328 4264
f 4264 4329 4265
f 4265 4330 4266
f 4266 4331 4267
f 4267 4332 4268
f 4268 4333 4269
f 4269 4334 4270
f 4270 4335 4271
f 4335 4272 4271
f 4272 4337 4273
f 4273 4338 4274
f 4274 4339 4275
f 4275 4340 4276
f 4276 4341 4277
f 4277 4342 4278
f 4278 4343 4279
f 4279 4344 4280
f 4344 4281 4280
f 4345 4282 4281
f 4282 4347 4283
f 4283 4348 4284
f 4284 4349 4285
f 4285 4350 4286
f 4350 4287 4286
f 4351 4288 4287
f 4288 4289 4225
f 4353 4290 4289
f 4290 4355 4291
f 4355 4292 4291
f 4356 4293 4292
f 4293 4358 4294
f 4358 4295 4294
f 4359 4296 4295
f 4360 4297 4296
f 4297 4362 4298
f 4298 4363 4299
f 4299 4364 4300
f 4300 4365 4301
f 4365 4302 4301
f 4366 4303 4302
f 4303 4368 4304
f 4304 4369 4305
f 4305 4370 4306
f 4306 4371 4307
f 4307 4372 4308
f 4308 4373 4309
f 4309 4374 4310
f 4310 4375 4311
f 4311 4376 4312
f 4376 4313 4312
f 4313 4378 4314
f 4314 4379 4315
f 4379 4316 4315
f 4380 4317 4316
f 4381 4318 4317
f 4318 4383 4319
f 4383 4320 4319
f 4384 4321 4320
f 4385 4322 4321
f 4386 4323 4322
f 4387 4324 4323
f 4388 4325 4324
f 4389 4326 4325
f 4390 4327 4326
f 4391 4328 4327
f 4392 4329 4328
f 4329 4394 4330
f 4394 4331 4330
f 4395 4332 4331
f 4396 4333 4332
f 4397 4334 4333
f 4398 4335 4334
f 4399 4336 4335
f 4400 4337 4336
f 4401 4338 4337
f 4402 4339 4338
f 4403 4340 4339
f 4404 4341 4340
f 4405 4342 4341
f 4406 4343 4342
f 4407 4344 4343
f 4408 4345 4344
f 4409 4346 4345
f 4346 4411 4347
f 4347 4412 4348
f 4412 4349 4348
f 4413 4350 4349
f 4350 4415 4351
f 4415 4352 4351
f 4352 4353 4289
f 4417 4354 4353
f 4354 4419 4355
f 4419 4356 4355
f 4420 4357 4356
f 4421 4358 4357
f 4422 4359 4358
f 4423 4360 4359
f 4424 4361 4360
f 4425 4362 4361
f 4426 4363 4362
f 4427 4364 4363
f 4428 4365 4364
f 4429 4366 4365
f 4430 4367 4366
f 4431 4368 4367
f 4432 4369 4368
f 4433 4370 4369
f 4434 4371 4370
f 4435 4372 4371
f 4436 4373 4372
f 4373 4438 4374
f 4374 4439 4375
f 4439 4376 4375
f 4440 4377 4376
f 4441 4378 4377
f 4442 4379 4378
f 4443 4380 4379
f 4380 4445 4381
f 4445 4382 4381
f 4446 4383 4382
f 4447 4384 4383
f 4448 4385 4384
f 4385 4450 4386
f 4386 4451 4387
f 4387 4452 4388
f 4388 4453 4389
f 4453 4390 4389
f 4390 4455 4391
f 4391 4456 4392
f 4456 4393 4392
f 4457 4394 4393
f 4394 4459 4395
f 4459 4396 4395
f 4460 4397 4396
f 4397 4462 4398
f 4398 4463 4399
f 4463 4400 4399
f 4400 4465 4401
f 4401 4466 4402
f 4402 4467 4403
f 4403 4468 4404
f 4404 4469 4405
f 4405 4470 4406
f 4406 4471 4407
f 4407 4472 4408
f 4472 4409 4408
f 4409 4474 4410
f 4410 4475 4411
f 4411 4476 4412
f 4412 4477 4413
f 4413 4478 4414
f 4414 4479 4415
f 4479 4416 4415
f 4416 4417 4353
f 4481 4418 4417
f 4418 4483 4419
f 4419 4484 4420
f 4484 4421 4420
f 4421 4486 4422
f 4486 4423 4422
f 4423 4488 4424
f 4424 4489 4425
f 4425 4490 4426
f 4426 4491 4427
f 4491 4428 4427
f 4428 4493 4429
f 4429 4494 4430
f 4430 4495 4431
f 4431 4496 4432
f 4432 4497 4433
f 4433 4498 4434
f 4498 4435 4434
f 4435 4500 4436
f 4436 4501 4437
f 4437 4502 4438
f 4438 4503 4439
f 4439 4504 4440
f 4504 4441 4440
f 4441 4506 4442
f 4442 4507 4443
f 4507 4444 4443
f 4444 4509 4445
f 4445 4510 4446
f 4510 4447 4446
f 4447 4512 4448
f 4512 4449 4448
f 4449 4514 4450
f 4514 4451 4450
f 4515 4452 4451
f 4516 4453 4452
f 4517 4454 4453
f 4518 4455 4454
f 4519 4456 4455
f 4520 4457 4456
f 4521 4458 4457
f 4522 4459 4458
f 4523 4460 4459
f 4524 4461 4460
f 4525 4462 4461
f 4526 4463 4462
f 4463 4528 4464
f 4528 4465 4464
f 4529 4466 4465
f 4530 4467 4466
f 4531 4468 4467
f 4532 4469 4468
f 4533 4470 4469
f 4470 4535 4471
f 4535 4472 4471
f 4536 4473 4472
f 4537 4474 4473
f 4538 4475 4474
f 4475 4540 4476
f 4540 4477 4476
f 4477 4542 4478
f 4542 4479 4478
f 4543 4480 4479
f 4544 4417 4480
f 4545 4482 4481
f 4482 4547 4483
f 4547 4484 4483
f 4484 4549 4485
f 4485 4550 4486
f 4550 4487 4486
f 4551 4488 4487
f 4488 4553 4489
f 4553 4490 4489
f 4490 4555 4491
f 4555 4492 4491
f 4492 4557 4493
f 4557 4494 4493
f 4558 4495 4494
f 4559 4496 4495
f 4560 4497 4496
f 4561 4498 4497
f 4498 4563 4499
f 4499 4564 4500
f 4564 4501 4500
f 4565 4502 4501
f 4566 4503 4502
f 4567 4504 4503
f 4504 4569 4505
f 4569 4506 4505
f 4570 4507 4506
f 4571 4508 4507
f 4572 4509 4508
f 4573 4510 4509
f 4510 4575 4511
f 4511 4576 4512
f 4576 4513 4512
f 4577 4514 4513
f 4578 4515 4514
f 4579 4516 4515
f 4580 4517 4516
f 4517 4582 4518
f 4582 4519 4518
f 4519 4584 4520
f 4584 4521 4520
f 4585 4522 4521
f 4522 4587 4523
f 4587 4524 4523
f 4524 4589 4525
f 4589 4526 4525
f 4590 4527 4526
f 4591 4528 4527
f 4528 4593 4529
f 4529 4594 4530
f 4594 4531 4530
f 4531 4596 4532
f 4596 4533 4532
f 4597 4534 4533
f 4534 4599 4535
f 4599 4536 4535
f 4600 4537 4536
f 4601 4538 4537
f 4602 4539 4538
f 4603 4540 4539
f 4604 4541 4540
f 4605 4542 4541
f 4542 4607 4543
f 4607 4544 4543
f 4544 4545 4481
f 4609 4546 4545
f 4546 4611 4547
f 4611 4548 4547
f 4612 4549 4548
f 4613 4550 4549
f 4614 4551 4550
f 4615 4552 4551
f 4552 4617 4553
f 4617 4554 4553
f 4554 4619 4555
f 4619 4556 4555
f 4620 4557 4556
f 4621 4558 4557
f 4622 4559 4558
f 4623 4560 4559
f 4624 4561 4560
f 4625 4562 4561
f 4626 4563 4562
f 4627 4564 4563
f 4564 4629 4565
f 4565 4630 4566
f 4630 4567 4566
f 4631 4568 4567
f 4632 4569 4568
f 4633 4570 4569
f 4634 4571 4570
f 4571 4636 4572
f 4572 4637 4573
f 4573 4638 4574
f 4638 4575 4574
f 4639 4576 4575
f 4576 4641 4577
f 4641 4578 4577
f 4578 4643 4579
f 4643 4580 4579
f 4644 4581 4580
f 4645 4582 4581
f 4646 4583 4582
f 4647 4584 4583
f 4584 4649 4585
f 4585 4650 4586
f 4650 4587 4586
f 4587 4652 4588
f 4652 4589 4588
f 4653 4590 4589
f 4590 4655 4591
f 4591 4656 4592
f 4592 4657 4593
f 4593 4658 4594
f 4658 4595 4594
f 4659 4596 4595
f 4660 4597 4596
f 4661 4598 4597
f 4598 4663 4599
f 4599 4664 4600
f 4600 4665 4601
f 4665 4602 4601
f 4602 4667 4603
f 4667 4604 4603
f 4668 4605 4604
f 4669 4606 4605
f 4606 4671 4607
f 4671 4608 4607
f 4608 4609 4545
f 4609 4674 4610
f 4610 4675 4611
f 4611 4676 4612
f 4612 4677 4613
f 4677 4614 4613
f 4614 4679 4615
f 4679 4616 4615
f 4616 4681 4617
f 4617 4682 4618
f 4682 4619 4618
f 4619 4684 4620
f 4684 4621 4620
f 4685 4622 4621
f 4686 4623 4622
f 4623 4688 4624
f 4624 4689 4625
f 4689 4626 4625
f 4626 4691 4627
f 4691 4628 4627
f 4628 4693 4629
f 4693 4630 4629
f 4630 4695 4631
f 4631 4696 4632
f 4696 4633 4632
f 4633 4698 4634
f 4698 4635 4634
f 4699 4636 4635
f 4700 4637 4636
f 4701 4638 4637
f 4638 4703 4639
f 4703 4640 4639
f 4640 4705 4641
f 4705 4642 4641
f 4642 4707 4643
f 4707 4644 4643
f 4644 4709 4645
f 4709 4646 4645
f 4710 4647 4646
f 4711 4648 4647
f 4712 4649 4648
f 4649 4714 4650
f 4714 4651 4650
f 4715 4652 4651
f 4716 4653 4652
f 4717 4654 4653
f 4718 4655 4654
f 4719 4656 4655
f 4720 4657 4656
f 4721 4658 4657
f 4722 4659 4658
f 4659 4724 4660
f 4660 4725 4661
f 4661 4726 4662
f 4726 4663 4662
f 4663 4728 4664
f 4728 4665 4664
f 4729 4666 4665
f 4666 4731 4667
f 4731 4668 4667
f 4732 4669 4668
f 4733 4670 4669
f 4734 4671 4670
f 4735 4672 4671
f 4736 4609 4672
f 4673 4738 4674
f 4738 4675 4674
f 4739 4676 4675
f 4676 4741 4677
f 4741 4678 4677
f 4678 4743 4679
f 4679 4744 4680
f 4744 4681 4680
f 4745 4682 4681
f 4746 4683 4682
f 4683 4748 4684
f 4748 4685 4684
f 4749 4686 4685
f 4750 4687 4686
f 4751 4688 4687
f 4688 4753 4689
f 4753 4690 4689
f 4754 4691 4690
f 4691 4756 4692
f 4692 4757 4693
f 4757 4694 4693
f 4758 4695 4694
f 4759 4696 4695
f 4760 4697 4696
f 4761 4698 4697
f 4762 4699 4698
f 4763 4700 4699
f 4700 4765 4701
f 4701 4766 4702
f 4766 4703 4702
f 4767 4704 4703
f 4704 4769 4705
f 4769 4706 4705
f 4706 4771 4707
f 4707 4772 4708
f 4772 4709 4708
f 4773 4710 4709
f 4710 4775 4711
f 4711 4776 4712
f 4776 4713 4712
f 4713 4778 4714
f 4714 4779 4715
f 4715 4780 4716
f 4780 4717 4716
f 4781 4718 4717
f 4782 4719 4718
f 4719 4784 4720
f 4720 4785 4721
f 4785 4722 4721
f 4722 4787 4723
f 4723 4788 4724
f 4788 4725 4724
f 4725 4790 4726
f 4790 4727 4726
f 4727 4792 4728
f 4792 4729 4728
f 4729 4794 4730
f 4794 4731 4730
f 4795 4732 4731
f 4796 4733 4732
f 4797 4734 4733
f 4734 4799 4735
f 4735 4800 4736
f 4800 4673 4736
f 4801 4738 4737
f 4802 4739 4738
f 4803 4740 4739
f 4804 4741 4740
f 4805 4742 4741
f 4742 4807 4743
f 4807 4744 4743
f 4808 4745 4744
f 4809 4746 4745
f 4810 4747 4746
f 4747 4812 4748
f 4748 4813 4749
f 4813 4750 4749
f 4814 4751 4750
f 4751 4816 4752
f 4816 4753 4752
f 4817 4754 4753
f 4818 4755 4754
f 4819 4756 4755
f 4820 4757 4756
f 4821 4758 4757
f 4758 4823 4759
f 4823 4760 4759
f 4760 4825 4761
f 4825 4762 4761
f 4762 4827 4763
f 4827 4764 4763
f 4828 4765 4764
f 4829 4766 4765
f 4766 4831 4767
f 4767 4832 4768
f 4832 4769 4768
f 4833 4770 4769
f 4834 4771 4770
f 4835 4772 4771
f 4772 4837 4773
f 4837 4774 4773
f 4774 4839 4775
f 4839 4776 4775
f 4776 4841 4777
f 4841 4778 4777
f 4778 4843 4779
f 4843 4780 4779
f 4780 4845 4781
f 4781 4846 4782
f 4782 4847 4783
f 4783 4848 4784
f 4784 4849 4785
f 4849 4786 4785
f 4850 4787 4786
f 4851 4788 4787
f 4852 4789 4788
f 4853 4790 4789
f 4854 4791 4790
f 4791 4856 4792
f 4856 4793 4792
f 4793 4858 4794
f 4858 4795 4794
f 4859 4796 4795
f 4860 4797 4796
f 4861 4798 4797
f 4798 4863 4799
f 4799 4864 4800
f 4864 4737 4800
f 4801 4866 4802
f 4866 4803 4802
f 4867 4804 4803
f 4804 4869 4805
f 4869 4806 4805
f 4870 4807 4806
f 4807 4872 4808
f 4872 4809 4808
f 4873 4810 4809
f 4874 4811 4810
f 4811 4876 4812
f 4812 4877 4813
f 4877 4814 4813
f 4878 4815 4814
f 4815 4880 4816
f 4816 4881 4817
f 4881 4818 4817
f 4882 4819 4818
f 4819 4884 4820
f 4820 4885 4821
f 4885 4822 4821
f 4822 4887 4823
f 4823 4888 4824
f 4824 4889 4825
f 4889 4826 4825
f 4890 4827 4826
f 4827 4892 4828
f 4892 4829 4828
f 4829 4894 4830
f 4894 4831 4830
f 4895 4832 4831
f 4896 4833 4832
f 4897 4834 4833
f 4834 4899 4835
f 4899 4836 4835
f 4900 4837 4836
f 4901 4838 4837
f 4902 4839 4838
f 4903 4840 4839
f 4840 4905 4841
f 4905 4842 4841
f 4906 4843 4842
f 4907 4844 4843
f 4844 4909 4845
f 4909 4846 4845
f 4910 4847 4846
f 4847 4912 4848
f 4912 4849 4848
f 4913 4850 4849
f 4914 4851 4850
f 4915 4852 4851
f 4852 4917 4853
f 4917 4854 4853
f 4918 4855 4854
f 4855 4920 4856
f 4856 4921 4857
f 4921 4858 4857
f 4922 4859 4858
f 4859 4924 4860
f 4860 4925 4861
f 4925 4862 4861
f 4926 4863 4862
f 4927 4864 4863
f 4928 4801 4864
f 4929 4866 4865
f 4930 4867 4866
f 4867 4932 4868
f 4932 4869 4868
f 4933 4870 4869
f 4934 4871 4870
f 4871 4936 4872
f 4872 4937 4873
f 4937 4874 4873
f 4938 4875 4874
f 4939 4876 4875
f 4940 4877 4876
f 4877 4942 4878
f 4942 4879 4878
f 4943 4880 4879
f 4944 4881 4880
f 4945 4882 4881
f 4946 4883 4882
f 4947 4884 4883
f 4948 4885 4884
f 4949 4886 4885
f 4950 4887 4886
f 4951 4888 4887
f 4888 4953 4889
f 4953 4890 4889
f 4954 4891 4890
f 4955 4892 4891
f 4956 4893 4892
f 4957 4894 4893
f 4894 4959 4895
f 4959 4896 4895
f 4960 4897 4896
f 4961 4898 4897
f 4898 4963 4899
f 4963 4900 4899
f 4900 4965 4901
f 4901 4966 4902
f 4902 4967 4903
f 4903 4968 4904
f 4904 4969 4905
f 4905 4970 4906
f 4906 4971 4907
f 4907 4972 4908
f 4908 4973 4909
f 4909 4974 4910
f 4910 4975 4911
f 4911 4976 4912
f 4912 4977 4913
f 4913 4978 4914
f 4978 4915 4914
f 4979 4916 4915
f 4980 4917 4916
f 4917 4982 4918
f 4982 4919 4918
f 4919 4984 4920
f 4920 4985 4921
f 4921 4986 4922
f 4986 4923 4922
f 4923 4988 4924
f 4924 4989 4925
f 4925 4990 4926
f 4990 4927 4926
f 4927 4992 4928
f 4928 4929 4865
f 4929 4994 4930
f 4994 4931 4930
f 4931 4996 4932
f 4996 4933 4932
f 4933 4998 4934
f 4998 4935 4934
f 4935 5000 4936
f 5000 4937 4936
f 5001 4938 4937
f 4938 5003 4939
f 5003 4940 4939
f 4940 5005 4941
f 4941 5006 4942
f 4942 5007 4943
f 5007 4944 4943
f 4944 5009 4945
f 5009 4946 4945
f 4946 5011 4947
f 4947 5012 4948
f 5012 4949 4948
f 4949 5014 4950
f 5014 4951 4950
f 4951 5016 4952
f 5016 4953 4952
f 5017 4954 4953
f 5018 4955 4954
f 4955 5020 4956
f 5020 4957 4956
f 5021 4958 4957
f 4958 5023 4959
f 5023 4960 4959
f 4960 5025 4961
f 5025 4962 4961
f 5026 4963 4962
f 5027 4964 4963
f 5028 4965 4964
f 4965 5030 4966
f 5030 4967 4966
f 4967 5032 4968
f 5032 4969 4968
f 4969 5034 4970
f 5034 4971 4970
f 4971 5036 4972
f 5036 4973 4972
f 4973 5038 4974
f 5038 4975 4974
f 5039 4976 4975
f 4976 5041 4977
f 5041 4978 4977
f 4978 5043 4979
f 5043 4980 4979
f 5044 4981 4980
f 5045 4982 4981
f 4982 5047 4983
f 5047 4984 4983
f 4984 5049 4985
f 5049 4986 4985
f 5050 4987 4986
f 4987 5052 4988
f 5052 4989 4988
f 5053 4990 4989
f 5054 4991 4990
f 4991 5056 4992
f 5056 4929 4992
f 5057 4994 4993
f 5058 4995 4994
f 4995 5060 4996
f 4996 5061 4997
f 5061 4998 4997
f 5062 4999 4998
f 4999 5064 5000
f 5064 5001 5000
f 5001 5066 5002
f 5002 5067 5003
f 5003 5068 5004
f 5068 5005 5004
f 5069 5006 5005
f 5070 5007 5006
f 5071 5008 5007
f 5072 5009 5008
f 5009 5074 5010
f 5010 5075 5011
f 5011 5076 5012
f 5076 5013 5012
f 5013 5078 5014
f 5078 5015 5014
f 5015 5080 5016
f 5080 5017 5016
f 5081 5018 5017
f 5018 5083 5019
f 5019 5084 5020
f 5020 5085 5021
f 5021 5086 5022
f 5022 5087 5023
f 5087 5024 5023
f 5088 5025 5024
f 5025 5090 5026
f 5026 5091 5027
f 5091 5028 5027
f 5092 5029 5028
f 5093 5030 5029
f 5094 5031 5030
f 5095 5032 5031
f 5096 5033 5032
f 5097 5034 5033
f 5098 5035 5034
f 5035 5100 5036
f 5100 5037 5036
f 5037 5102 5038
f 5102 5039 5038
f 5103 5040 5039
f 5104 5041 5040
f 5105 5042 5041
f 5042 5107 5043
f 5107 5044 5043
f 5044 5109 5045
f 5045 5110 5046
f 5110 5047 5046
f 5111 5048 5047
f 5112 5049 5048
f 5049 5114 5050
f 5114 5051 5050
f 5115 5052 5051
f 5052 5117 5053
f 5117 5054 5053
f 5118 5055 5054
f 5055 5120 5056
f 5120 4993 5056
f 5057 5122 5058
f 5122 5059 5058
f 5059 5124 5060
f 5124 5061 5060
f 5061 5126 5062
f 5126 5063 5062
f 5127 5064 5063
f 5064 5129 5065
f 5129 5066 5065
f 5130 5067 5066
f 5131 5068 5067
f 5132 5069 5068
f 5133 5070 5069
f 5134 5071 5070
f 5135 5072 5071
f 5136 5073 5072
f 5137 5074 5073
f 5138 5075 5074
f 5075 5140 5076
f 5140 5077 5076
f 5077 5142 5078
f 5142 5079 5078
f 5143 5080 5079
f 5144 5081 5080
f 5145 5082 5081
f 5082 5147 5083
f 5147 5084 5083
f 5148 5085 5084
f 5149 5086 5085
f 5086 5151 5087
f 5151 5088 5087
f 5152 5089 5088
f 5089 5154 5090
f 5154 5091 5090
f 5155 5092 5091
f 5092 5157 5093
f 5157 5094 5093
f 5158 5095 5094
f 5159 5096 5095
f 5096 5161 5097
f 5097 5162 5098
f 5098 5163 5099
f 5099 5164 5100
f 5164 5101 5100
f 5101 5166 5102
f 5166 5103 5102
f 5103 5168 5104
f 5104 5169 5105
f 5169 5106 5105
f 5170 5107 5106
f 5107 5172 5108
f 5108 5173 5109
f 5109 5174 5110
f 5174 5111 5110
f 5111 5176 5112
f 5176 5113 5112
f 5177 5114 5113
f 5178 5115 5114
f 5115 5180 5116
f 5180 5117 5116
f 5181 5118 5117
f 5182 5119 5118
f 5183 5120 5119
f 5120 5121 5057
f 5185 5122 5121
f 5186 5123 5122
f 5123 5188 5124
f 5124 5189 5125
f 5189 5126 5125
f 5126 5191 5127
f 5127 5192 5128
f 5128 5193 5129
f 5193 5130 5129
f 5130 5195 5131
f 5131 5196 5132
f 5196 5133 5132
f 5197 5134 5133
f 5134 5199 5135
f 5135 5200 5136
f 5200 5137 5136
f 5201 5138 5137
f 5138 5203 5139
f 5139 5204 5140
f 5204 5141 5140
f 5141 5206 5142
f 5142 5207 5143
f 5143 5208 5144
f 5208 5145 5144
f 5145 5210 5146
f 5210 5147 5146
f 5147 5212 5148
f 5212 5149 5148
f 5213 5150 5149
f 5214 5151 5150
f 5215 5152 5151
f 5216 5153 5152
f 5153 5218 5154
f 5218 5155 5154
f 5155 5220 5156
f 5220 5157 5156
f 5157 5222 5158
f 5222 5159 5158
f 5159 5224 5160
f 5224 5161 5160
f 5161 5226 5162
f 5226 5163 5162
f 5227 5164 5163
f 5228 5165 5164
f 5165 5230 5166
f 5230 5167 5166
f 5231 5168 5167
f 5168 5233 5169
f 5169 5234 5170
f 5234 5171 5170
f 5235 5172 5171
f 5172 5237 5173
f 5173 5238 5174
f 5238 5175 5174
f 5239 5176 5175
f 5240 5177 5176
f 5241 5178 5177
f 5242 5179 5178
f 5243 5180 5179
f 5244 5181 5180
f 5245 5182 5181
f 5246 5183 5182
f 5183 5248 5184
f 5248 5121 5184
f 5249 5186 5185
f 5250 5187 5186
f 5251 5188 5187
f 5252 5189 5188
f 5189 5254 5190
f 5190 5255 5191
f 5191 5256 5192
f 5192 5257 5193
f 5193 5258 5194
f 5258 5195 5194
f 5195 5260 5196
f 5196 5261 5197
f 5261 5198 5197
f 5262 5199 5198
f 5263 5200 5199
f 5200 5265 5201
f 5265 5202 5201
f 5202 5267 5203
f 5203 5268 5204
f 5268 5205 5204
f 5269 5206 5205
f 5270 5207 5206
f 5207 5272 5208
f 5272 5209 5208
f 5209 5274 5210
f 5274 5211 5210
f 5275 5212 5211
f 5276 5213 5212
f 5213 5278 5214
f 5278 5215 5214
f 5279 5216 5215
f 5280 5217 5216
f 5281 5218 5217
f 5282 5219 5218
f 5283 5220 5219
f 5284 5221 5220
f 5285 5222 5221
f 5222 5287 5223
f 5223 5288 5224
f 5288 5225 5224
f 5289 5226 5225
f 5290 5227 5226
f 5227 5292 5228
f 5228 5293 5229
f 5229 5294 5230
f 5294 5231 5230
f 5295 5232 5231
f 5296 5233 5232
f 5297 5234 5233
f 5298 5235 5234
f 5299 5236 5235
f 5236 5301 5237
f 5301 5238 5237
f 5302 5239 5238
f 5239 5304 5240
f 5304 5241 5240
f 5305 5242 5241
f 5306 5243 5242
f 5307 5244 5243
f 5308 5245 5244
f 5309 5246 5245
f 5246 5311 5247
f 5247 5312 5248
f 5248 5249 5185
f 5313 5250 5249
f 5314 5251 5250
f 5315 5252 5251
f 5316 5253 5252
f 5253 5318 5254
f 5254 5319 5255
f 5319 5256 5255
f 5256 5321 5257
f 5321 5258 5257
f 5322 5259 5258
f 5259 5324 5260
f 5260 5325 5261
f 5325 5262 5261
f 5262 5327 5263
f 5327 5264 5263
f 5328 5265 5264
f 5329 5266 5265
f 5330 5267 5266
f 5267 5332 5268
f 5268 5333 5269
f 5269 5334 5270
f 5270 5335 5271
f 5335 5272 5271
f 5272 5337 5273
f 5337 5274 5273
f 5338 5275 5274
f 5339 5276 5275
f 5340 5277 5276
f 5341 5278 5277
f 5342 5279 5278
f 5343 5280 5279
f 5280 5345 5281
f 5345 5282 5281
f 5346 5283 5282
f 5347 5284 5283
f 5348 5285 5284
f 5285 5350 5286
f 5350 5287 5286
f 5287 5352 5288
f 5288 5353 5289
f 5353 5290 5289
f 5290 5355 5291
f 5291 5356 5292
f 5356 5293 5292
f 5357 5294 5293
f 5358 5295 5294
f 5295 5360 5296
f 5296 5361 5297
f 5361 5298 5297
f 5298 5363 5299
f 5363 5300 5299
f 5364 5301 5300
f 5365 5302 5301
f 5366 5303 5302
f 5303 5368 5304
f 5304 5369 5305
f 5369 5306 5305
f 5306 5371 5307
f 5307 5372 5308
f 5372 5309 5308
f 5309 5374 5310
f 5374 5311 5310
f 5311 5376 5312
f 5312 5313 5249
f 5377 5314 5313
f 5314 5379 5315
f 5379 5316 5315
f 5316 5381 5317
f 5317 5382 5318
f 5318 5383 5319
f 5383 5320 5319
f 5320 5385 5321
f 5385 5322 5321
f 5386 5323 5322
f 5387 5324 5323
f 5388 5325 5324
f 5389 5326 5325
f 5390 5327 5326
f 5391 5328 5327
f 5328 5393 5329
f 5329 5394 5330
f 5394 5331 5330
f 5395 5332 5331
f 5332 5397 5333
f 5397 5334 5333
f 5334 5399 5335
f 5399 5336 5335
f 5336 5401 5337
f 5401 5338 5337
f 5402 5339 5338
f 5403 5340 5339
f 5404 5341 5340
f 5405 5342 5341
f 5406 5343 5342
f 5343 5408 5344
f 5408 5345 5344
f 5345 5410 5346
f 5410 5347 5346
f 5347 5412 5348
f 5412 5349 5348
f 5349 5414 5350
f 5414 5351 5350
f 5351 5416 5352
f 5416 5353 5352
f 5417 5354 5353
f 5354 5419 5355
f 5419 5356 5355
f 5420 5357 5356
f 5357 5422 5358
f 5358 5423 5359
f 5359 5424 5360
f 5424 5361 5360
f 5425 5362 5361
f 5362 5427 5363
f 5363 5428 5364
f 5364 5429 5365
f 5365 5430 5366
f 5430 5367 5366
f 5367 5432 5368
f 5368 5433 5369
f 5433 5370 5369
f 5370 5435 5371
f 5435 5372 5371
f 5436 5373 5372
f 5437 5374 5373
f 5374 5439 5375
f 5439 5376 5375
f 5376 5377 5313
f 5377 5442 5378
f 5378 5443 5379
f 5443 5380 5379
f 5380 5445 5381
f 5445 5382 5381
f 5446 5383 5382
f 5447 5384 5383
f 5448 5385 5384
f 5449 5386 5385
f 5386 5451 5387
f 5451 5388 5387
f 5452 5389 5388
f 5389 5454 5390
f 5454 5391 5390
f 5391 5456 5392
f 5392 5457 5393
f 5393 5458 5394
f 5394 5459 5395
f 5395 5460 5396
f 5396 5461 5397
f 5461 5398 5397
f 5398 5463 5399
f 5399 5464 5400
f 5400 5465 5401
f 5465 5402 5401
f 5466 5403 5402
f 5467 5404 5403
f 5404 5469 5405
f 5469 5406 5405
f 5470 5407 5406
f 5407 5472 5408
f 5472 5409 5408
f 5473 5410 5409
f 5474 5411 5410
f 5475 5412 5411
f 5412 5477 5413
f 5477 5414 5413
f 5414 5479 5415
f 5479 5416 5415
f 5416 5481 5417
f 5481 5418 5417
f 5482 5419 5418
f 5483 5420 5419
f 5484 5421 5420
f 5485 5422 5421
f 5486 5423 5422
f 5487 5424 5423
f 5488 5425 5424
f 5489 5426 5425
f 5490 5427 5426
f 5491 5428 5427
f 5492 5429 5428
f 5429 5494 5430
f 5430 5495 5431
f 5495 5432 5431
f 5432 5497 5433
f 5497 5434 5433
f 5498 5435 5434
f 5499 5436 5435
f 5436 5501 5437
f 5501 5438 5437
f 5438 5503 5439
f 5503 5440 5439
f 5504 5377 5440
f 5441 5506 5442
f 5506 5443 5442
f 5443 5508 5444
f 5444 5509 5445
f 5509 5446 5445
f 5446 5511 5447
f 5511 5448 5447
f 5512 5449 5448
f 5449 5514 5450
f 5450 5515 5451
f 5451 5516 5452
f 5452 5517 5453
f 5453 5518 5454
f 5518 5455 5454
f 5455 5520 5456
f 5520 5457 5456
f 5521 5458 5457
f 5458 5523 5459
f 5523 5460 5459
f 5524 5461 5460
f 5525 5462 5461
f 5526 5463 5462
f 5527 5464 5463
f 5464 5529 5465
f 5529 5466 5465
f 5530 5467 5466
f 5467 5532 5468
f 5532 5469 5468
f 5533 5470 5469
f 5470 5535 5471
f 5535 5472 5471
f 5536 5473 5472
f 5537 5474 5473
f 5538 5475 5474
f 5539 5476 5475
f 5540 5477 5476
f 5541 5478 5477
f 5542 5479 5478
f 5479 5544 5480
f 5480 5545 5481
f 5545 5482 5481
f 5482 5547 5483
f 5483 5548 5484
f 5484 5549 5485
f 5485 5550 5486
f 5486 5551 5487
f 5487 5552 5488
f 5552 5489 5488
f 5489 5554 5490
f 5554 5491 5490
f 5491 5556 5492
f 5556 5493 5492
f 5557 5494 5493
f 5558 5495 5494
f 5559 5496 5495
f 5560 5497 5496
f 5497 5562 5498
f 5498 5563 5499
f 5563 5500 5499
f 5500 5565 5501
f 5565 5502 5501
f 5566 5503 5502
f 5503 5568 5504
f 5568 5441 5504
f 5505 5570 5506
f 5506 5571 5507
f 5571 5508 5507
f 5508 5573 5509
f 5573 5510 5509
f 5510 5575 5511
f 5511 5576 5512
f 5512 5577 5513
f 5513 5578 5514
f 5578 5515 5514
f 5579 5516 5515
f 5580 5517 5516
f 5581 5518 5517
f 5518 5583 5519
f 5583 5520 5519
f 5520 5585 5521
f 5585 5522 5521
f 5586 5523 5522
f 5523 5588 5524
f 5524 5589 5525
f 5589 5526 5525
f 5526 5591 5527
f 5527 5592 5528
f 5592 5529 5528
f 5593 5530 5529
f 5594 5531 5530
f 5531 5596 5532
f 5596 5533 5532
f 5597 5534 5533
f 5598 5535 5534
f 5535 5600 5536
f 5600 5537 5536
f 5537 5602 5538
f 5602 5539 5538
f 5539 5604 5540
f 5540 5605 5541
f 5541 5606 5542
f 5606 5543 5542
f 5607 5544 5543
f 5608 5545 5544
f 5609 5546 5545
f 5610 5547 5546
f 5611 5548 5547
f 5612 5549 5548
f 5613 5550 5549
f 5614 5551 5550
f 5551 5616 5552
f 5552 5617 5553
f 5617 5554 5553
f 5554 5619 5555
f 5619 5556 5555
f 5556 5621 5557
f 5621 5558 5557
f 5558 5623 5559
f 5559 5624 5560
f 5624 5561 5560
f 5625 5562 5561
f 5626 5563 5562
f 5627 5564 5563
f 5564 5629 5565
f 5629 5566 5565
f 5566 5631 5567
f 5631 5568 5567
f 5632 5505 5568
f 5569 5634 5570
f 5570 5635 5571
f 5635 5572 5571
f 5572 5637 5573
f 5637 5574 5573
f 5638 5575 5574
f 5575 5640 5576
f 5576 5641 5577
f 5577 5642 5578
f 5642 5579 5578
f 5643 5580 5579
f 5644 5581 5580
f 5581 5646 5582
f 5582 5647 5583
f 5647 5584 5583
f 5584 5649 5585
f 5649 5586 5585
f 5650 5587 5586
f 5587 5652 5588
f 5588 5653 5589
f 5653 5590 5589
f 5590 5655 5591
f 5655 5592 5591
f 5592 5657 5593
f 5593 5658 5594
f 5658 5595 5594
f 5595 5660 5596
f 5660 5597 5596
f 5661 5598 5597
f 5662 5599 5598
f 5599 5664 5600
f 5600 5665 5601
f 5665 5602 5601
f 5666 5603 5602
f 5667 5604 5603
f 5604 5669 5605
f 5605 5670 5606
f 5670 5607 5606
f 5607 5672 5608
f 5672 5609 5608
f 5673 5610 5609
f 5610 5675 5611
f 5675 5612 5611
f 5676 5613 5612
f 5677 5614 5613
f 5678 5615 5614
f 5615 5680 5616
f 5680 5617 5616
f 5681 5618 5617
f 5682 5619 5618
f 5619 5684 5620
f 5684 5621 5620
f 5685 5622 5621
f 5622 5687 5623
f 5687 5624 5623
f 5688 5625 5624
f 5689 5626 5625
f 5626 5691 5627
f 5691 5628 5627
f 5692 5629 5628
f 5693 5630 5629
f 5630 5695 5631
f 5695 5632 5631
f 5696 5569 5632
f 5697 5634 5633
f 5698 5635 5634
f 5699 5636 5635
f 5636 5701 5637
f 5701 5638 5637
f 5702 5639 5638
f 5703 5640 5639
f 5704 5641 5640
f 5705 5642 5641
f 5706 5643 5642
f 5707 5644 5643
f 5644 5709 5645
f 5709 5646 5645
f 5710 5647 5646
f 5711 5648 5647
f 5648 5713 5649
f 5649 5714 5650
f 5714 5651 5650
f 5651 5716 5652
f 5652 5717 5653
f 5717 5654 5653
f 5718 5655 5654
f 5719 5656 5655
f 5720 5657 5656
f 5721 5658 5657
f 5722 5659 5658
f 5723 5660 5659
f 5724 5661 5660
f 5725 5662 5661
f 5726 5663 5662
f 5663 5728 5664
f 5728 5665 5664
f 5665 5730 5666
f 5730 5667 5666
f 5667 5732 5668
f 5732 5669 5668
f 5669 5734 5670
f 5734 5671 5670
f 5735 5672 5671
f 5672 5737 5673
f 5737 5674 5673
f 5674 5739 5675
f 5739 5676 5675
f 5740 5677 5676
f 5741 5678 5677
f 5742 5679 5678
f 5743 5680 5679
f 5744 5681 5680
f 5745 5682 5681
f 5682 5747 5683
f 5683 5748 5684
f 5684 5749 5685
f 5749 5686 5685
f 5750 5687 5686
f 5687 5752 5688
f 5688 5753 5689
f 5689 5754 5690
f 5690 5755 5691
f 5691 5756 5692
f 5692 5757 5693
f 5757 5694 5693
f 5758 5695 5694
f 5695 5760 5696
f 5760 5633 5696
f 5697 5762 5698
f 5762 5699 5698
f 5699 5764 5700
f 5764 5701 5700
f 5701 5766 5702
f 5766 5703 5702
f 5703 5768 5704
f 5768 5705 5704
f 5705 5770 5706
f 5706 5771 5707
f 5707 5772 5708
f 5708 5773 5709
f 5709 5774 5710
f 5710 5775 5711
f 5711 5776 5712
f 5712 5777 5713
f 5777 5714 5713
f 5714 5779 5715
f 5779 5716 5715
f 5780 5717 5716
f 5717 5782 5718
f 5718 5783 5719
f 5719 5784 5720
f 5720 5785 5721
f 5721 5786 5722
f 5722 5787 5723
f 5723 5788 5724
f 5724 5789 5725
f 5789 5726 5725
f 5790 5727 5726
f 5791 5728 5727
f 5792 5729 5728
f 5729 5794 5730
f 5794 5731 5730
f 5795 5732 5731
f 5796 5733 5732
f 5797 5734 5733
f 5798 5735 5734
f 5799 5736 5735
f 5800 5737 5736
f 5801 5738 5737
f 5802 5739 5738
f 5803 5740 5739
f 5804 5741 5740
f 5741 5806 5742
f 5806 5743 5742
f 5807 5744 5743
f 5808 5745 5744
f 5809 5746 5745
f 5810 5747 5746
f 5811 5748 5747
f 5748 5813 5749
f 5813 5750 5749
f 5814 5751 5750
f 5815 5752 5751
f 5816 5753 5752
f 5817 5754 5753
f 5818 5755 5754
f 5819 5756 5755
f 5820 5757 5756
f 5757 5822 5758
f 5822 5759 5758
f 5759 5824 5760
f 5824 5697 5760
f 5761 5826 5762
f 5826 5763 5762
f 5763 5828 5764
f 5828 5765 5764
f 5829 5766 5765
f 5766 5831 5767
f 5831 5768 5767
f 5832 5769 5768
f 5833 5770 5769
f 5834 5771 5770
f 5835 5772 5771
f 5836 5773 5772
f 5837 5774 5773
f 5838 5775 5774
f 5839 5776 5775
f 5840 5777 5776
f 5841 5778 5777
f 5842 5779 5778
f 5843 5780 5779
f 5844 5781 5780
f 5845 5782 5781
f 5846 5783 5782
f 5847 5784 5783
f 5848 5785 5784
f 5849 5786 5785
f 5850 5787 5786
f 5851 5788 5787
f 5852 5789 5788
f 5789 5854 5790
f 5854 5791 5790
f 5855 5792 5791
f 5856 5793 5792
f 5793 5858 5794
f 5858 5795 5794
f 5795 5860 5796
f 5860 5797 5796
f 5797 5862 5798
f 5862 5799 5798
f 5799 5864 5800
f 5800 5865 5801
f 5801 5866 5802
f 5802 5867 5803
f 5803 5868 5804
f 5868 5805 5804
f 5805 5870 5806
f 5806 5871 5807
f 5807 5872 5808
f 5808 5873 5809
f 5809 5874 5810
f 5810 5875 5811
f 5811 5876 5812
f 5812 5877 5813
f 5813 5878 5814
f 5814 5879 5815
f 5815 5880 5816
f 5816 5881 5817
f 5817 5882 5818
f 5818 5883 5819
f 5883 5820 5819
f 5884 5821 5820
f 5821 5886 5822
f 5886 5823 5822
f 5823 5888 5824
f 5888 5761 5824
f 5825 5890 5826
f 5890 5827 5826
f 5827 5892 5828
f 5892 5829 5828
f 5829 5894 5830
f 5894 5831 5830
f 5831 5896 5832
f 5832 5897 5833
f 5833 5898 5834
f 5834 5899 5835
f 5835 5900 5836
f 5836 5901 5837
f 5837 5902 5838
f 5838 5903 5839
f 5839 5904 5840
f 5840 5905 5841
f 5905 5842 5841
f 5906 5843 5842
f 5843 5908 5844
f 5908 5845 5844
f 5909 5846 5845
f 5846 5911 5847
f 5911 5848 5847
f 5848 5913 5849
f 5849 5914 5850
f 5914 5851 5850
f 5851 5916 5852
f 5916 5853 5852
f 5917 5854 5853
f 5854 5919 5855
f 5919 5856 5855
f 5920 5857 5856
f 5921 5858 5857
f 5858 5923 5859
f 5923 5860 5859
f 5860 5925 5861
f 5861 5926 5862
f 5926 5863 5862
f 5863 5928 5864
f 5928 5865 5864
f 5929 5866 5865
f 5930 5867 5866
f 5931 5868 5867
f 5868 5933 5869
f 5869 5934 5870
f 5934 5871 5870
f 5871 5936 5872
f 5936 5873 5872
f 5937 5874 5873
f 5938 5875 5874
f 5939 5876 5875
f 5940 5877 5876
f 5941 5878 5877
f 5942 5879 5878
f 5943 5880 5879
f 5944 5881 5880
f 5945 5882 5881
f 5946 5883 5882
f 5947 5884 5883
f 5948 5885 5884
f 5885 5950 5886
f 5950 5887 5886
f 5887 5952 5888
f 5952 5825 5888
f 5889 5954 5890
f 5954 5891 5890
f 5891 5956 5892
f 5956 5893 5892
f 5957 5894 5893
f 5958 5895 5894
f 5959 5896 5895
f 5960 5897 5896
f 5961 5898 5897
f 5898 5963 5899
f 5963 5900 5899
f 5964 5901 5900
f 5965 5902 5901
f 5966 5903 5902
f 5967 5904 5903
f 5904 5969 5905
f 5969 5906 5905
f 5906 5971 5907
f 5971 5908 5907
f 5908 5973 5909
f 5909 5974 5910
f 5974 5911 5910
f 5911 5976 5912
f 5976 5913 5912
f 5977 5914 5913
f 5914 5979 5915
f 5979 5916 5915
f 5980 5917 5916
f 5981 5918 5917
f 5982 5919 5918
f 5983 5920 5919
f 5920 5985 5921
f 5985 5922 5921
f 5922 5987 5923
f 5987 5924 5923
f 5988 5925 5924
f 5925 5990 5926
f 5990 5927 5926
f 5991 5928 5927
f 5928 5993 5929
f 5929 5994 5930
f 5930 5995 5931
f 5931 5996 5932
f 5996 5933 5932
f 5997 5934 5933
f 5934 5999 5935
f 5999 5936 5935
f 6000 5937 5936
f 6001 5938 5937
f 5938 6003 5939
f 5939 6004 5940
f 5940 6005 5941
f 5941 6006 5942
f 6006 5943 5942
f 5943 6008 5944
f 6008 5945 5944
f 5945 6010 5946
f 5946 6011 5947
f 5947 6012 5948
f 5948 6013 5949
f 5949 6014 5950
f 6014 5951 5950
f 6015 5952 5951
f 6016 5889 5952
f 5953 6018 5954
f 5954 6019 5955
f 5955 6020 5956
f 5956 6021 5957
f 6021 5958 5957
f 5958 6023 5959
f 6023 5960 5959
f 5960 6025 5961
f 6025 5962 5961
f 6026 5963 5962
f 5963 6028 5964
f 5964 6029 5965
f 5965 6030 5966
f 5966 6031 5967
f 6031 5968 5967
f 5968 6033 5969
f 5969 6034 5970
f 6034 5971 5970
f 6035 5972 5971
f 5972 6037 5973
f 5973 6038 5974
f 5974 6039 5975
f 5975 6040 5976
f 5976 6041 5977
f 6041 5978 5977
f 5978 6043 5979
f 5979 6044 5980
f 6044 5981 5980
f 6045 5982 5981
f 6046 5983 5982
f 5983 6048 5984
f 6048 5985 5984
f 6049 5986 5985
f 6050 5987 5986
f 6051 5988 5987
f 5988 6053 5989
f 5989 6054 5990
f 5990 6055 5991
f 6055 5992 5991
f 5992 6057 5993
f 6057 5994 5993
f 6058 5995 5994
f 6059 5996 5995
f 6060 5997 5996
f 6061 5998 5997
f 5998 6063 5999
f 5999 6064 6000
f 6064 6001 6000
f 6065 6002 6001
f 6066 6003 6002
f 6067 6004 6003
f 6068 6005 6004
f 6069 6006 6005
f 6070 6007 6006
f 6007 6072 6008
f 6072 6009 6008
f 6073 6010 6009
f 6010 6075 6011
f 6075 6012 6011
f 6012 6077 6013
f 6077 6014 6013
f 6078 6015 6014
f 6079 6016 6015
f 6080 5953 6016
f 6081 6018 6017
f 6082 6019 6018
f 6083 6020 6019
f 6084 6021 6020
f 6085 6022 6021
f 6022 6087 6023
f 6087 6024 6023
f 6088 6025 6024
f 6089 6026 6025
f 6090 6027 6026
f 6091 6028 6027
f 6092 6029 6028
f 6093 6030 6029
f 6030 6095 6031
f 6031 6096 6032
f 6096 6033 6032
f 6097 6034 6033
f 6098 6035 6034
f 6035 6100 6036
f 6036 6101 6037
f 6037 6102 6038
f 6102 6039 6038
f 6103 6040 6039
f 6104 6041 6040
f 6105 6042 6041
f 6106 6043 6042
f 6107 6044 6043
f 6108 6045 6044
f 6109 6046 6045
f 6110 6047 6046
f 6111 6048 6047
f 6112 6049 6048
f 6113 6050 6049
f 6114 6051 6050
f 6115 6052 6051
f 6116 6053 6052
f 6117 6054 6053
f 6118 6055 6054
f 6119 6056 6055
f 6056 6121 6057
f 6057 6122 6058
f 6058 6123 6059
f 6123 6060 6059
f 6124 6061 6060
f 6125 6062 6061
f 6126 6063 6062
f 6127 6064 6063
f 6064 6129 6065
f 6065 6130 6066
f 6130 6067 6066
f 6131 6068 6067
f 6132 6069 6068
f 6133 6070 6069
f 6134 6071 6070
f 6135 6072 6071
f 6136 6073 6072
f 6073 6138 6074
f 6138 6075 6074
f 6075 6140 6076
f 6140 6077 6076
f 6141 6078 6077
f 6078 6143 6079
f 6143 6080 6079
f 6080 6081 6017
f 6145 6082 6081
f 6146 6083 6082
f 6147 6084 6083
f 6148 6085 6084
f 6149 6086 6085
f 6150 6087 6086
f 6151 6088 6087
f 6088 6153 6089
f 6089 6154 6090
f 6154 6091 6090
f 6155 6092 6091
f 6156 6093 6092
f 6157 6094 6093
f 6158 6095 6094
f 6159 6096 6095
f 6160 6097 6096
f 6161 6098 6097
f 6098 6163 6099
f 6163 6100 6099
f 6100 6165 6101
f 6101 6166 6102
f 6166 6103 6102
f 6103 6168 6104
f 6104 6169 6105
f 6105 6170 6106
f 6170 6107 6106
f 6171 6108 6107
f 6172 6109 6108
f 6173 6110 6109
f 6174 6111 6110
f 6175 6112 6111
f 6176 6113 6112
f 6177 6114 6113
f 6178 6115 6114
f 6179 6116 6115
f 6180 6117 6116
f 6117 6182 6118
f 6182 6119 6118
f 6183 6120 6119
f 6184 6121 6120
f 6185 6122 6121
f 6186 6123 6122
f 6187 6124 6123
f 6188 6125 6124
f 6189 6126 6125
f 6126 6191 6127
f 6191 6128 6127
f 6192 6129 6128
f 6193 6130 6129
f 6130 6195 6131
f 6131 6196 6132
f 6132 6197 6133
f 6133 6198 6134
f 6134 6199 6135
f 6135 6200 6136
f 6200 6137 6136
f 6201 6138 6137
f 6202 6139 6138
f 6203 6140 6139
f 6204 6141 6140
f 6205 6142 6141
f 6206 6143 6142
f 6143 6208 6144
f 6208 6081 6144
f 6209 6146 6145
f 6146 6211 6147
f 6211 6148 6147
f 6148 6213 6149
f 6149 6214 6150
f 6150 6215 6151
f 6151 6216 6152
f 6216 6153 6152
f 6217 6154 6153
f 6218 6155 6154
f 6155 6220 6156
f 6156 6221 6157
f 6157 6222 6158
f 6222 6159 6158
f 6159 6224 6160
f 6224 6161 6160
f 6225 6162 6161
f 6226 6163 6162
f 6163 6228 6164
f 6164 6229 6165
f 6229 6166 6165
f 6230 6167 6166
f 6231 6168 6167
f 6232 6169 6168
f 6233 6170 6169
f 6234 6171 6170
f 6235 6172 6171
f 6236 6173 6172
f 6173 6238 6174
f 6238 6175 6174
f 6239 6176 6175
f 6240 6177 6176
f 6241 6178 6177
f 6178 6243 6179
f 6243 6180 6179
f 6244 6181 6180
f 6245 6182 6181
f 6246 6183 6182
f 6247 6184 6183
f 6184 6249 6185
f 6185 6250 6186
f 6250 6187 6186
f 6187 6252 6188
f 6252 6189 6188
f 6253 6190 6189
f 6254 6191 6190
f 6191 6256 6192
f 6256 6193 6192
f 6193 6258 6194
f 6258 6195 6194
f 6259 6196 6195
f 6260 6197 6196
f 6261 6198 6197
f 6262 6199 6198
f 6263 6200 6199
f 6200 6265 6201
f 6201 6266 6202
f 6266 6203 6202
f 6267 6204 6203
f 6268 6205 6204
f 6269 6206 6205
f 6270 6207 6206
f 6271 6208 6207
f 6208 6209 6145
f 6273 6210 6209
f 6274 6211 6210
f 6211 6276 6212
f 6276 6213 6212
f 6277 6214 6213
f 6278 6215 6214
f 6279 6216 6215
f 6280 6217 6216
f 6281 6218 6217
f 6218 6283 6219
f 6283 6220 6219
f 6284 6221 6220
f 6221 6286 6222
f 6222 6287 6223
f 6287 6224 6223
f 6288 6225 6224
f 6289 6226 6225
f 6290 6227 6226
f 6291 6228 6227
f 6292 6229 6228
f 6229 6294 6230
f 6294 6231 6230
f 6295 6232 6231
f 6232 6297 6233
f 6233 6298 6234
f 6298 6235 6234
f 6299 6236 6235
f 6300 6237 6236
f 6237 6302 6238
f 6302 6239 6238
f 6303 6240 6239
f 6304 6241 6240
f 6305 6242 6241
f 6306 6243 6242
f 6307 6244 6243
f 6308 6245 6244
f 6245 6310 6246
f 6246 6311 6247
f 6311 6248 6247
f 6312 6249 6248
f 6313 6250 6249
f 6250 6315 6251
f 6315 6252 6251
f 6316 6253 6252
f 6253 6318 6254
f 6318 6255 6254
f 6255 6320 6256
f 6256 6321 6257
f 6321 6258 6257
f 6258 6323 6259
f 6323 6260 6259
f 6324 6261 6260
f 6325 6262 6261
f 6262 6327 6263
f 6327 6264 6263
f 6328 6265 6264
f 6329 6266 6265
f 6330 6267 6266
f 6331 6268 6267
f 6268 6333 6269
f 6269 6334 6270
f 6334 6271 6270
f 6271 6336 6272
f 6272 6273 6209
f 6337 6274 6273
f 6338 6275 6274
f 6275 6340 6276
f 6340 6277 6276
f 6277 6342 6278
f 6342 6279 6278
f 6343 6280 6279
f 6344 6281 6280
f 6281 6346 6282
f 6346 6283 6282
f 6283 6348 6284
f 6348 6285 6284
f 6349 6286 6285
f 6350 6287 6286
f 6351 6288 6287
f 6288 6353 6289
f 6289 6354 6290
f 6354 6291 6290
f 6355 6292 6291
f 6292 6357 6293
f 6293 6358 6294
f 6358 6295 6294
f 6359 6296 6295
f 6360 6297 6296
f 6297 6362 6298
f 6298 6363 6299
f 6363 6300 6299
f 6364 6301 6300
f 6365 6302 6301
f 6366 6303 6302
f 6367 6304 6303
f 6304 6369 6305
f 6369 6306 6305
f 6370 6307 6306
f 6371 6308 6307
f 6372 6309 6308
f 6309 6374 6310
f 6310 6375 6311
f 6375 6312 6311
f 6376 6313 6312
f 6313 6378 6314
f 6314 6379 6315
f 6379 6316 6315
f 6380 6317 6316
f 6381 6318 6317
f 6318 6383 6319
f 6319 6384 6320
f 6384 6321 6320
f 6385 6322 6321
f 6386 6323 6322
f 6323 6388 6324
f 6324 6389 6325
f 6325 6390 6326
f 6390 6327 6326
f 6327 6392 6328
f 6392 6329 6328
f 6393 6330 6329
f 6330 6395 6331
f 6331 6396 6332
f 6396 6333 6332
f 6333 6398 6334
f 6398 6335 6334
f 6399 6336 6335
f 6336 6337 6273
f 6401 6338 6337
f 6402 6339 6338
f 6403 6340 6339
f 6404 6341 6340
f 6405 6342 6341
f 6342 6407 6343
f 6343 6408 6344
f 6344 6409 6345
f 6409 6346 6345
f 6346 6411 6347
f 6411 6348 6347
f 6412 6349 6348
f 6349 6414 6350
f 6414 6351 6350
f 6351 6416 6352
f 6416 6353 6352
f 6353 6418 6354
f 6354 6419 6355
f 6355 6420 6356
f 6356 6421 6357
f 6357 6422 6358
f 6358 6423 6359
f 6359 6424 6360
f 6360 6425 6361
f 6361 6426 6362
f 6362 6427 6363
f 6363 6428 6364
f 6428 6365 6364
f 6365 6430 6366
f 6430 6367 6366
f 6431 6368 6367
f 6432 6369 6368
f 6433 6370 6369
f 6434 6371 6370
f 6435 6372 6371
f 6436 6373 6372
f 6373 6438 6374
f 6438 6375 6374
f 6439 6376 6375
f 6440 6377 6376
f 6441 6378 6377
f 6442 6379 6378
f 6443 6380 6379
f 6444 6381 6380
f 6445 6382 6381
f 6446 6383 6382
f 6447 6384 6383
f 6448 6385 6384
f 6449 6386 6385
f 6450 6387 6386
f 6451 6388 6387
f 6452 6389 6388
f 6389 6454 6390
f 6454 6391 6390
f 6455 6392 6391
f 6392 6457 6393
f 6457 6394 6393
f 6458 6395 6394
f 6459 6396 6395
f 6396 6461 6397
f 6461 6398 6397
f 6462 6399 6398
f 6463 6400 6399
f 6400 6401 6337
f 6465 6402 6401
f 6466 6403 6402
f 6403 6468 6404
f 6404 6469 6405
f 6405 6470 6406
f 6406 6471 6407
f 6471 6408 6407
f 6472 6409 6408
f 6409 6474 6410
f 6410 6475 6411
f 6475 6412 6411
f 6476 6413 6412
f 6477 6414 6413
f 6478 6415 6414
f 6479 6416 6415
f 6480 6417 6416
f 6417 6482 6418
f 6482 6419 6418
f 6483 6420 6419
f 6420 6485 6421
f 6485 6422 6421
f 6486 6423 6422
f 6487 6424 6423
f 6424 6489 6425
f 6425 6490 6426
f 6426 6491 6427
f 6491 6428 6427
f 6492 6429 6428
f 6429 6494 6430
f 6494 6431 6430
f 6495 6432 6431
f 6496 6433 6432
f 6433 6498 6434
f 6498 6435 6434
f 6499 6436 6435
f 6500 6437 6436
f 6501 6438 6437
f 6502 6439 6438
f 6503 6440 6439
f 6504 6441 6440
f 6505 6442 6441
f 6442 6507 6443
f 6507 6444 6443
f 6508 6445 6444
f 6509 6446 6445
f 6446 6511 6447
f 6447 6512 6448
f 6512 6449 6448
f 6513 6450 6449
f 6450 6515 6451
f 6451 6516 6452
f 6452 6517 6453
f 6453 6518 6454
f 6518 6455 6454
f 6519 6456 6455
f 6520 6457 6456
f 6521 6458 6457
f 6522 6459 6458
f 6523 6460 6459
f 6524 6461 6460
f 6525 6462 6461
f 6526 6463 6462
f 6527 6464 6463
f 6464 6465 6401
f 6529 6466 6465
f 6466 6531 6467
f 6531 6468 6467
f 6468 6533 6469
f 6469 6534 6470
f 6534 6471 6470
f 6535 6472 6471
f 6536 6473 6472
f 6537 6474 6473
f 6538 6475 6474
f 6539 6476 6475
f 6540 6477 6476
f 6541 6478 6477
f 6542 6479 6478
f 6479 6544 6480
f 6544 6481 6480
f 6545 6482 6481
f 6546 6483 6482
f 6483 6548 6484
f 6548 6485 6484
f 6549 6486 6485
f 6550 6487 6486
f 6551 6488 6487
f 6552 6489 6488
f 6553 6490 6489
f 6554 6491 6490
f 6555 6492 6491
f 6556 6493 6492
f 6557 6494 6493
f 6494 6559 6495
f 6559 6496 6495
f 6496 6561 6497
f 6561 6498 6497
f 6498 6563 6499
f 6563 6500 6499
f 6564 6501 6500
f 6501 6566 6502
f 6566 6503 6502
f 6503 6568 6504
f 6504 6569 6505
f 6505 6570 6506
f 6506 6571 6507
f 6571 6508 6507
f 6508 6573 6509
f 6509 6574 6510
f 6574 6511 6510
f 6511 6576 6512
f 6576 6513 6512
f 6577 6514 6513
f 6578 6515 6514
f 6515 6580 6516
f 6580 6517 6516
f 6517 6582 6518
f 6518 6583 6519
f 6519 6584 6520
f 6520 6585 6521
f 6521 6586 6522
f 6522 6587 6523
f 6523 6588 6524
f 6588 6525 6524
f 6589 6526 6525
f 6526 6591 6527
f 6591 6528 6527
f 6528 6529 6465
f 6593 6530 6529
f 6530 6595 6531
f 6595 6532 6531
f 6532 6597 6533
f 6597 6534 6533
f 6598 6535 6534
f 6535 6600 6536
f 6536 6601 6537
f 6601 6538 6537
f 6538 6603 6539
f 6539 6604 6540
f 6540 6605 6541
f 6541 6606 6542
f 6606 6543 6542
f 6607 6544 6543
f 6608 6545 6544
f 6545 6610 6546
f 6546 6611 6547
f 6547 6612 6548
f 6548 6613 6549
f 6613 6550 6549
f 6614 6551 6550
f 6551 6616 6552
f 6552 6617 6553
f 6553 6618 6554
f 6618 6555 6554
f 6555 6620 6556
f 6620 6557 6556
f 6557 6622 6558
f 6622 6559 6558
f 6623 6560 6559
f 6624 6561 6560
f 6625 6562 6561
f 6626 6563 6562
f 6627 6564 6563
f 6628 6565 6564
f 6629 6566 6565
f 6630 6567 6566
f 6567 6632 6568
f 6632 6569 6568
f 6633 6570 6569
f 6634 6571 6570
f 6571 6636 6572
f 6636 6573 6572
f 6637 6574 6573
f 6638 6575 6574
f 6639 6576 6575
f 6640 6577 6576
f 6577 6642 6578
f 6642 6579 6578
f 6643 6580 6579
f 6644 6581 6580
f 6645 6582 6581
f 6646 6583 6582
f 6647 6584 6583
f 6648 6585 6584
f 6649 6586 6585
f 6650 6587 6586
f 6587 6652 6588
f 6652 6589 6588
f 6653 6590 6589
f 6590 6655 6591
f 6655 6592 6591
f 6656 6529 6592
f 6657 6594 6593
f 6658 6595 6594
f 6595 6660 6596
f 6660 6597 6596
f 6661 6598 6597
f 6662 6599 6598
f 6663 6600 6599
f 6664 6601 6600
f 6601 6666 6602
f 6666 6603 6602
f 6667 6604 6603
f 6668 6605 6604
f 6669 6606 6605
f 6670 6607 6606
f 6607 6672 6608
f 6672 6609 6608
f 6673 6610 6609
f 6610 6675 6611
f 6675 6612 6611
f 6676 6613 6612
f 6677 6614 6613
f 6678 6615 6614
f 6615 6680 6616
f 6680 6617 6616
f 6681 6618 6617
f 6618 6683 6619
f 6683 6620 6619
f 6684 6621 6620
f 6685 6622 6621
f 6686 6623 6622
f 6687 6624 6623
f 6688 6625 6624
f 6689 6626 6625
f 6690 6627 6626
f 6627 6692 6628
f 6692 6629 6628
f 6693 6630 6629
f 6630 6695 6631
f 6695 6632 6631
f 6632 6697 6633
f 6697 6634 6633
f 6698 6635 6634
f 6635 6700 6636
f 6700 6637 6636
f 6637 6702 6638
f 6638 6703 6639
f 6703 6640 6639
f 6704 6641 6640
f 6705 6642 6641
f 6706 6643 6642
f 6643 6708 6644
f 6708 6645 6644
f 6645 6710 6646
f 6646 6711 6647
f 6711 6648 6647
f 6712 6649 6648
f 6713 6650 6649
f 6650 6715 6651
f 6715 6652 6651
f 6652 6717 6653
f 6653 6718 6654
f 6718 6655 6654
f 6655 6720 6656
f 6656 6657 6593
f 6721 6658 6657
f 6722 6659 6658
f 6659 6724 6660
f 6724 6661 6660
f 6725 6662 6661
f 6662 6727 6663
f 6663 6728 6664
f 6664 6729 6665
f 6665 6730 6666
f 6666 6731 6667
f 6667 6732 6668
f 6668 6733 6669
f 6733 6670 6669
f 6670 6735 6671
f 6671 6736 6672
f 6736 6673 6672
f 6737 6674 6673
f 6738 6675 6674
f 6739 6676 6675
f 6740 6677 6676
f 6741 6678 6677
f 6742 6679 6678
f 6743 6680 6679
f 6680 6745 6681
f 6745 6682 6681
f 6746 6683 6682
f 6747 6684 6683
f 6684 6749 6685
f 6685 6750 6686
f 6686 6751 6687
f 6751 6688 6687
f 6752 6689 6688
f 6753 6690 6689
f 6754 6691 6690
f 6755 6692 6691
f 6756 6693 6692
f 6757 6694 6693
f 6694 6759 6695
f 6759 6696 6695
f 6760 6697 6696
f 6761 6698 6697
f 6698 6763 6699
f 6699 6764 6700
f 6764 6701 6700
f 6701 6766 6702
f 6702 6767 6703
f 6703 6768 6704
f 6704 6769 6705
f 6769 6706 6705
f 6770 6707 6706
f 6771 6708 6707
f 6708 6773 6709
f 6773 6710 6709
f 6774 6711 6710
f 6775 6712 6711
f 6776 6713 6712
f 6777 6714 6713
f 6778 6715 6714
f 6779 6716 6715
f 6716 6781 6717
f 6717 6782 6718
f 6782 6719 6718
f 6719 6784 6720
f 6784 6657 6720
f 6785 6722 6721
f 6786 6723 6722
f 6723 6788 6724
f 6788 6725 6724
f 6789 6726 6725
f 6790 6727 6726
f 6791 6728 6727
f 6792 6729 6728
f 6729 6794 6730
f 6794 6731 6730
f 6795 6732 6731
f 6796 6733 6732
f 6797 6734 6733
f 6798 6735 6734
f 6799 6736 6735
f 6800 6737 6736
f 6737 6802 6738
f 6738 6803 6739
f 6739 6804 6740
f 6740 6805 6741
f 6741 6806 6742
f 6806 6743 6742
f 6743 6808 6744
f 6744 6809 6745
f 6809 6746 6745
f 6810 6747 6746
f 6747 6812 6748
f 6812 6749 6748
f 6749 6814 6750
f 6814 6751 6750
f 6815 6752 6751
f 6816 6753 6752
f 6817 6754 6753
f 6818 6755 6754
f 6819 6756 6755
f 6820 6757 6756
f 6757 6822 6758
f 6822 6759 6758
f 6759 6824 6760
f 6760 6825 6761
f 6825 6762 6761
f 6762 6827 6763
f 6763 6828 6764
f 6828 6765 6764
f 6829 6766 6765
f 6830 6767 6766
f 6831 6768 6767
f 6832 6769 6768
f 6833 6770 6769
f 6770 6835 6771
f 6771 6836 6772
f 6836 6773 6772
f 6773 6838 6774
f 6774 6839 6775
f 6775 6840 6776
f 6840 6777 6776
f 6841 6778 6777
f 6778 6843 6779
f 6843 6780 6779
f 6844 6781 6780
f 6781 6846 6782
f 6846 6783 6782
f 6783 6848 6784
f 6784 6785 6721
f 6849 6786 6785
f 6786 6851 6787
f 6851 6788 6787
f 6852 6789 6788
f 6853 6790 6789
f 6854 6791 6790
f 6855 6792 6791
f 6792 6857 6793
f 6857 6794 6793
f 6858 6795 6794
f 6859 6796 6795
f 6860 6797 6796
f 6797 6862 6798
f 6862 6799 6798
f 6863 6800 6799
f 6800 6865 6801
f 6865 6802 6801
f 6866 6803 6802
f 6867 6804 6803
f 6868 6805 6804
f 6805 6870 6806
f 6806 6871 6807
f 6807 6872 6808
f 6872 6809 6808
f 6873 6810 6809
f 6874 6811 6810
f 6811 6876 6812
f 6812 6877 6813
f 6813 6878 6814
f 6878 6815 6814
f 6879 6816 6815
f 6816 6881 6817
f 6881 6818 6817
f 6882 6819 6818
f 6819 6884 6820
f 6884 6821 6820
f 6885 6822 6821
f 6886 6823 6822
f 6823 6888 6824
f 6888 6825 6824
f 6889 6826 6825
f 6890 6827 6826
f 6891 6828 6827
f 6892 6829 6828
f 6829 6894 6830
f 6830 6895 6831
f 6895 6832 6831
f 6832 6897 6833
f 6897 6834 6833
f 6898 6835 6834
f 6835 6900 6836
f 6900 6837 6836
f 6901 6838 6837
f 6838 6903 6839
f 6839 6904 6840
f 6840 6905 6841
f 6905 6842 6841
f 6842 6907 6843
f 6907 6844 6843
f 6844 6909 6845
f 6909 6846 6845
f 6910 6847 6846
f 6911 6848 6847
f 6912 6785 6848
f 6913 6850 6849
f 6850 6915 6851
f 6915 6852 6851
f 6916 6853 6852
f 6917 6854 6853
f 6854 6919 6855
f 6919 6856 6855
f 6856 6921 6857
f 6921 6858 6857
f 6858 6923 6859
f 6859 6924 6860
f 6924 6861 6860
f 6861 6926 6862
f 6862 6927 6863
f 6863 6928 6864
f 6864 6929 6865
f 6865 6930 6866
f 6930 6867 6866
f 6867 6932 6868
f 6932 6869 6868
f 6869 6934 6870
f 6934 6871 6870
f 6871 6936 6872
f 6936 6873 6872
f 6873 6938 6874
f 6938 6875 6874
f 6875 6940 6876
f 6940 6877 6876
f 6877 6942 6878
f 6942 6879 6878
f 6943 6880 6879
f 6880 6945 6881
f 6945 6882 6881
f 6882 6947 6883
f 6883 6948 6884
f 6948 6885 6884
f 6885 6950 6886
f 6950 6887 6886
f 6887 6952 6888
f 6952 6889 6888
f 6953 6890 6889
f 6954 6891 6890
f 6955 6892 6891
f 6956 6893 6892
f 6957 6894 6893
f 6958 6895 6894
f 6895 6960 6896
f 6960 6897 6896
f 6961 6898 6897
f 6962 6899 6898
f 6963 6900 6899
f 6964 6901 6900
f 6901 6966 6902
f 6966 6903 6902
f 6967 6904 6903
f 6904 6969 6905
f 6969 6906 6905
f 6906 6971 6907
f 6971 6908 6907
f 6972 6909 6908
f 6909 6974 6910
f 6910 6975 6911
f 6975 6912 6911
f 6976 6849 6912
f 6977 6914 6913
f 6978 6915 6914
f 6979 6916 6915
f 6980 6917 6916
f 6917 6982 6918
f 6982 6919 6918
f 6983 6920 6919
f 6984 6921 6920
f 6985 6922 6921
f 6986 6923 6922
f 6987 6924 6923
f 6988 6925 6924
f 6989 6926 6925
f 6990 6927 6926
f 6991 6928 6927
f 6992 6929 6928
f 6993 6930 6929
f 6930 6995 6931
f 6931 6996 6932
f 6932 6997 6933
f 6997 6934 6933
f 6998 6935 6934
f 6999 6936 6935
f 6936 7001 6937
f 7001 6938 6937
f 7002 6939 6938
f 7003 6940 6939
f 7004 6941 6940
f 6941 7006 6942
f 7006 6943 6942
f 7007 6944 6943
f 6944 7009 6945
f 7009 6946 6945
f 6946 7011 6947
f 6947 7012 6948
f 7012 6949 6948
f 6949 7014 6950
f 6950 7015 6951
f 6951 7016 6952
f 6952 7017 6953
f 7017 6954 6953
f 6954 7019 6955
f 6955 7020 6956
f 6956 7021 6957
f 7021 6958 6957
f 7022 6959 6958
f 7023 6960 6959
f 6960 7025 6961
f 6961 7026 6962
f 7026 6963 6962
f 6963 7028 6964
f 6964 7029 6965
f 6965 7030 6966
f 6966 7031 6967
f 6967 7032 6968
f 6968 7033 6969
f 6969 7034 6970
f 7034 6971 6970
f 6971 7036 6972
f 7036 6973 6972
f 7037 6974 6973
f 6974 7039 6975
f 7039 6976 6975
f 7040 6913 6976
f 7041 6978 6977
f 6978 7043 6979
f 7043 6980 6979
f 7044 6981 6980
f 6981 7046 6982
f 7046 6983 6982
f 7047 6984 6983
f 6984 7049 6985
f 6985 7050 6986
f 7050 6987 6986
f 7051 6988 6987
f 6988 7053 6989
f 6989 7054 6990
f 7054 6991 6990
f 7055 6992 6991
f 7056 6993 6992
f 7057 6994 6993
f 6994 7059 6995
f 7059 6996 6995
f 7060 6997 6996
f 7061 6998 6997
f 6998 7063 6999
f 6999 7064 7000
f 7064 7001 7000
f 7001 7066 7002
f 7066 7003 7002
f 7003 7068 7004
f 7068 7005 7004
f 7069 7006 7005
f 7070 7007 7006
f 7071 7008 7007
f 7008 7073 7009
f 7073 7010 7009
f 7010 7075 7011
f 7075 7012 7011
f 7076 7013 7012
f 7077 7014 7013
f 7078 7015 7014
f 7079 7016 7015
f 7080 7017 7016
f 7081 7018 7017
f 7082 7019 7018
f 7083 7020 7019
f 7084 7021 7020
f 7085 7022 7021
f 7022 7087 7023
f 7087 7024 7023
f 7024 7089 7025
f 7025 7090 7026
f 7026 7091 7027
f 7027 7092 7028
f 7092 7029 7028
f 7093 7030 7029
f 7094 7031 7030
f 7031 7096 7032
f 7096 7033 7032
f 7097 7034 7033
f 7034 7099 7035
f 7035 7100 7036
f 7100 7037 7036
f 7037 7102 7038
f 7038 7103 7039
f 7103 7040 7039
f 7040 7041 6977
f 7105 7042 7041
f 7042 7107 7043
f 7107 7044 7043
f 7044 7109 7045
f 7045 7110 7046
f 7110 7047 7046
f 7111 7048 7047
f 7112 7049 7048
f 7113 7050 7049
f 7050 7115 7051
f 7115 7052 7051
f 7052 7117 7053
f 7053 7118 7054
f 7118 7055 7054
f 7119 7056 7055
f 7056 7121 7057
f 7121 7058 7057
f 7058 7123 7059
f 7059 7124 7060
f 7060 7125 7061
f 7061 7126 7062
f 7126 7063 7062
f 7063 7128 7064
f 7128 7065 7064
f 7129 7066 7065
f 7130 7067 7066
f 7131 7068 7067
f 7132 7069 7068
f 7133 7070 7069
f 7070 7135 7071
f 7071 7136 7072
f 7072 7137 7073
f 7137 7074 7073
f 7138 7075 7074
f 7139 7076 7075
f 7076 7141 7077
f 7141 7078 7077
f 7078 7143 7079
f 7079 7144 7080
f 7080 7145 7081
f 7145 7082 7081
f 7146 7083 7082
f 7147 7084 7083
f 7148 7085 7084
f 7149 7086 7085
f 7150 7087 7086
f 7151 7088 7087
f 7152 7089 7088
f 7153 7090 7089
f 7090 7155 7091
f 7155 7092 7091
f 7156 7093 7092
f 7157 7094 7093
f 7158 7095 7094
f 7159 7096 7095
f 7160 7097 7096
f 7097 7162 7098
f 7162 7099 7098
f 7099 7164 7100
f 7164 7101 7100
f 7165 7102 7101
f 7102 7167 7103
f 7167 7104 7103
f 7104 7105 7041
f 7105 7170 7106
f 7170 7107 7106
f 7171 7108 7107
f 7108 7173 7109
f 7109 7174 7110
f 7174 7111 7110
f 7175 7112 7111
f 7176 7113 7112
f 7177 7114 7113
f 7178 7115 7114
f 7115 7180 7116
f 7116 7181 7117
f 7181 7118 7117
f 7118 7183 7119
f 7119 7184 7120
f 7184 7121 7120
f 7185 7122 7121
f 7186 7123 7122
f 7187 7124 7123
f 7124 7189 7125
f 7125 7190 7126
f 7126 7191 7127
f 7127 7192 7128
f 7192 7129 7128
f 7129 7194 7130
f 7130 7195 7131
f 7195 7132 7131
f 7132 7197 7133
f 7133 7198 7134
f 7134 7199 7135
f 7135 7200 7136
f 7200 7137 7136
f 7201 7138 7137
f 7202 7139 7138
f 7203 7140 7139
f 7204 7141 7140
f 7205 7142 7141
f 7206 7143 7142
f 7207 7144 7143
f 7208 7145 7144
f 7209 7146 7145
f 7146 7211 7147
f 7211 7148 7147
f 7212 7149 7148
f 7213 7150 7149
f 7150 7215 7151
f 7215 7152 7151
f 7152 7217 7153
f 7153 7218 7154
f 7218 7155 7154
f 7219 7156 7155
f 7156 7221 7157
f 7221 7158 7157
f 7222 7159 7158
f 7159 7224 7160
f 7160 7225 7161
f 7225 7162 7161
f 7162 7227 7163
f 7163 7228 7164
f 7228 7165 7164
f 7229 7166 7165
f 7166 7231 7167
f 7231 7168 7167
f 7232 7105 7168
f 7169 7234 7170
f 7170 7235 7171
f 7235 7172 7171
f 7172 7237 7173
f 7173 7238 7174
f 7238 7175 7174
f 7239 7176 7175
f 7240 7177 7176
f 7241 7178 7177
f 7242 7179 7178
f 7243 7180 7179
f 7244 7181 7180
f 7245 7182 7181
f 7246 7183 7182
f 7183 7248 7184
f 7248 7185 7184
f 7249 7186 7185
f 7186 7251 7187
f 7251 7188 7187
f 7252 7189 7188
f 7253 7190 7189
f 7254 7191 7190
f 7191 7256 7192
f 7256 7193 7192
f 7257 7194 7193
f 7258 7195 7194
f 7259 7196 7195
f 7260 7197 7196
f 7197 7262 7198
f 7198 7263 7199
f 7199 7264 7200
f 7264 7201 7200
f 7265 7202 7201
f 7266 7203 7202
f 7267 7204 7203
f 7268 7205 7204
f 7205 7270 7206
f 7206 7271 7207
f 7207 7272 7208
f 7208 7273 7209
f 7209 7274 7210
f 7274 7211 7210
f 7211 7276 7212
f 7212 7277 7213
f 7213 7278 7214
f 7214 7279 7215
f 7279 7216 7215
f 7280 7217 7216
f 7217 7282 7218
f 7282 7219 7218
f 7219 7284 7220
f 7220 7285 7221
f 7285 7222 7221
f 7286 7223 7222
f 7223 7288 7224
f 7224 7289 7225
f 7225 7290 7226
f 7226 7291 7227
f 7227 7292 7228
f 7292 7229 7228
f 7293 7230 7229
f 7230 7295 7231
f 7295 7232 7231
f 7296 7169 7232
f 7233 7298 7234
f 7298 7235 7234
f 7235 7300 7236
f 7300 7237 7236
f 7237 7302 7238
f 7302 7239 7238
f 7303 7240 7239
f 7304 7241 7240
f 7305 7242 7241
f 7242 7307 7243
f 7307 7244 7243
f 7308 7245 7244
f 7245 7310 7246
f 7310 7247 7246
f 7311 7248 7247
f 7248 7313 7249
f 7313 7250 7249
f 7250 7315 7251
f 7315 7252 7251
f 7252 7317 7253
f 7253 7318 7254
f 7318 7255 7254
f 7255 7320 7256
f 7320 7257 7256
f 7321 7258 7257
f 7322 7259 7258
f 7323 7260 7259
f 7260 7325 7261
f 7261 7326 7262
f 7262 7327 7263
f 7327 7264 7263
f 7328 7265 7264
f 7265 7330 7266
f 7330 7267 7266
f 7331 7268 7267
f 7332 7269 7268
f 7333 7270 7269
f 7270 7335 7271
f 7335 7272 7271
f 7336 7273 7272
f 7337 7274 7273
f 7338 7275 7274
f 7275 7340 7276
f 7340 7277 7276
f 7341 7278 7277
f 7342 7279 7278
f 7343 7280 7279
f 7280 7345 7281
f 7345 7282 7281
f 7346 7283 7282
f 7347 7284 7283
f 7348 7285 7284
f 7349 7286 7285
f 7286 7351 7287
f 7351 7288 7287
f 7288 7353 7289
f 7289 7354 7290
f 7290 7355 7291
f 7291 7356 7292
f 7356 7293 7292
f 7293 7358 7294
f 7358 7295 7294
f 7295 7360 7296
f 7360 7233 7296
f 7361 7298 7297
f 7362 7299 7298
f 7299 7364 7300
f 7364 7301 7300
f 7301 7366 7302
f 7366 7303 7302
f 7367 7304 7303
f 7368 7305 7304
f 7369 7306 7305
f 7306 7371 7307
f 7371 7308 7307
f 7372 7309 7308
f 7309 7374 7310
f 7310 7375 7311
f 7375 7312 7311
f 7312 7377 7313
f 7313 7378 7314
f 7314 7379 7315
f 7379 7316 7315
f 7380 7317 7316
f 7381 7318 7317
f 7382 7319 7318
f 7319 7384 7320
f 7384 7321 7320
f 7321 7386 7322
f 7322 7387 7323
f 7387 7324 7323
f 7324 7389 7325
f 7325 7390 7326
f 7326 7391 7327
f 7327 7392 7328
f 7392 7329 7328
f 7329 7394 7330
f 7394 7331 7330
f 7395 7332 7331
f 7396 7333 7332
f 7397 7334 7333
f 7334 7399 7335
f 7399 7336 7335
f 7400 7337 7336
f 7337 7402 7338
f 7402 7339 7338
f 7403 7340 7339
f 7340 7405 7341
f 7405 7342 7341
f 7342 7407 7343
f 7407 7344 7343
f 7408 7345 7344
f 7409 7346 7345
f 7410 7347 7346
f 7411 7348 7347
f 7412 7349 7348
f 7349 7414 7350
f 7350 7415 7351
f 7415 7352 7351
f 7352 7417 7353
f 7417 7354 7353
f 7418 7355 7354
f 7355 7420 7356
f 7420 7357 7356
f 7357 7422 7358
f 7422 7359 7358
f 7359 7424 7360
f 7424 7297 7360
f 7361 7426 7362
f 7426 7363 7362
f 7363 7428 7364
f 7428 7365 7364
f 7365 7430 7366
f 7366 7431 7367
f 7431 7368 7367
f 7432 7369 7368
f 7433 7370 7369
f 7434 7371 7370
f 7371 7436 7372
f 7372 7437 7373
f 7373 7438 7374
f 7438 7375 7374
f 7439 7376 7375
f 7440 7377 7376
f 7377 7442 7378
f 7442 7379 7378
f 7443 7380 7379
f 7444 7381 7380
f 7445 7382 7381
f 7446 7383 7382
f 7383 7448 7384
f 7384 7449 7385
f 7449 7386 7385
f 7450 7387 7386
f 7451 7388 7387
f 7452 7389 7388
f 7389 7454 7390
f 7454 7391 7390
f 7391 7456 7392
f 7456 7393 7392
f 7393 7458 7394
f 7458 7395 7394
f 7395 7460 7396
f 7460 7397 7396
f 7461 7398 7397
f 7398 7463 7399
f 7399 7464 7400
f 7400 7465 7401
f 7465 7402 7401
f 7466 7403 7402
f 7467 7404 7403
f 7404 7469 7405
f 7405 7470 7406
f 7470 7407 7406
f 7407 7472 7408
f 7472 7409 7408
f 7409 7474 7410
f 7410 7475 7411
f 7411 7476 7412
f 7476 7413 7412
f 7477 7414 7413
f 7414 7479 7415
f 7415 7480 7416
f 7416 7481 7417
f 7417 7482 7418
f 7482 7419 7418
f 7483 7420 7419
f 7484 7421 7420
f 7421 7486 7422
f 7486 7423 7422
f 7423 7488 7424
f 7488 7361 7424
f 7425 7490 7426
f 7426 7491 7427
f 7427 7492 7428
f 7492 7429 7428
f 7429 7494 7430
f 7494 7431 7430
f 7495 7432 7431
f 7432 7497 7433
f 7497 7434 7433
f 7498 7435 7434
f 7499 7436 7435
f 7436 7501 7437
f 7501 7438 7437
f 7502 7439 7438
f 7503 7440 7439
f 7504 7441 7440
f 7505 7442 7441
f 7442 7507 7443
f 7507 7444 7443
f 7508 7445 7444
f 7509 7446 7445
f 7510 7447 7446
f 7511 7448 7447
f 7512 7449 7448
f 7449 7514 7450
f 7514 7451 7450
f 7515 7452 7451
f 7452 7517 7453
f 7453 7518 7454
f 7518 7455 7454
f 7455 7520 7456
f 7456 7521 7457
f 7521 7458 7457
f 7522 7459 7458
f 7523 7460 7459
f 7524 7461 7460
f 7525 7462 7461
f 7462 7527 7463
f 7527 7464 7463
f 7528 7465 7464
f 7529 7466 7465
f 7530 7467 7466
f 7467 7532 7468
f 7468 7533 7469
f 7469 7534 7470
f 7470 7535 7471
f 7535 7472 7471
f 7472 7537 7473
f 7473 7538 7474
f 7538 7475 7474
f 7539 7476 7475
f 7540 7477 7476
f 7541 7478 7477
f 7478 7543 7479
f 7543 7480 7479
f 7544 7481 7480
f 7545 7482 7481
f 7482 7547 7483
f 7547 7484 7483
f 7484 7549 7485
f 7485 7550 7486
f 7550 7487 7486
f 7551 7488 7487
f 7552 7425 7488
f 7553 7490 7489
f 7490 7555 7491
f 7491 7556 7492
f 7556 7493 7492
f 7493 7558 7494
f 7494 7559 7495
f 7495 7560 7496
f 7560 7497 7496
f 7497 7562 7498
f 7562 7499 7498
f 7499 7564 7500
f 7500 7565 7501
f 7501 7566 7502
f 7566 7503 7502
f 7503 7568 7504
f 7568 7505 7504
f 7505 7570 7506
f 7506 7571 7507
f 7507 7572 7508
f 7508 7573 7509
f 7509 7574 7510
f 7510 7575 7511
f 7511 7576 7512
f 7512 7577 7513
f 7513 7578 7514
f 7578 7515 7514
f 7515 7580 7516
f 7516 7581 7517
f 7517 7582 7518
f 7582 7519 7518
f 7583 7520 7519
f 7584 7521 7520
f 7585 7522 7521
f 7522 7587 7523
f 7587 7524 7523
f 7588 7525 7524
f 7589 7526 7525
f 7590 7527 7526
f 7527 7592 7528
f 7592 7529 7528
f 7593 7530 7529
f 7594 7531 7530
f 7595 7532 7531
f 7596 7533 7532
f 7597 7534 7533
f 7598 7535 7534
f 7599 7536 7535
f 7600 7537 7536
f 7537 7602 7538
f 7602 7539 7538
f 7603 7540 7539
f 7604 7541 7540
f 7605 7542 7541
f 7606 7543 7542
f 7543 7608 7544
f 7608 7545 7544
f 7545 7610 7546
f 7610 7547 7546
f 7611 7548 7547
f 7612 7549 7548
f 7549 7614 7550
f 7614 7551 7550
f 7615 7552 7551
f 7552 7553 7489
f 7617 7554 7553
f 7554 7619 7555
f 7619 7556 7555
f 7620 7557 7556
f 7621 7558 7557
f 7558 7623 7559
f 7559 7624 7560
f 7624 7561 7560
f 7625 7562 7561
f 7626 7563 7562
f 7627 7564 7563
f 7628 7565 7564
f 7565 7630 7566
f 7630 7567 7566
f 7631 7568 7567
f 7568 7633 7569
f 7569 7634 7570
f 7634 7571 7570
f 7635 7572 7571
f 7636 7573 7572
f 7573 7638 7574
f 7638 7575 7574
f 7575 7640 7576
f 7576 7641 7577
f 7577 7642 7578
f 7642 7579 7578
f 7643 7580 7579
f 7580 7645 7581
f 7581 7646 7582
f 7582 7647 7583
f 7647 7584 7583
f 7584 7649 7585
f 7649 7586 7585
f 7586 7651 7587
f 7651 7588 7587
f 7652 7589 7588
f 7653 7590 7589
f 7590 7655 7591
f 7591 7656 7592
f 7656 7593 7592
f 7657 7594 7593
f 7658 7595 7594
f 7659 7596 7595
f 7660 7597 7596
f 7597 7662 7598
f 7598 7663 7599
f 7599 7664 7600
f 7664 7601 7600
f 7665 7602 7601
f 7602 7667 7603
f 7667 7604 7603
f 7668 7605 7604
f 7605 7670 7606
f 7670 7607 7606
f 7607 7672 7608
f 7608 7673 7609
f 7673 7610 7609
f 7674 7611 7610
f 7675 7612 7611
f 7612 7677 7613
f 7613 7678 7614
f 7678 7615 7614
f 7679 7616 7615
f 7616 7617 7553
f 7617 7682 7618
f 7682 7619 7618
f 7619 7684 7620
f 7684 7621 7620
f 7685 7622 7621
f 7622 7687 7623
f 7687 7624 7623
f 7688 7625 7624
f 7625 7690 7626
f 7626 7691 7627
f 7627 7692 7628
f 7692 7629 7628
f 7629 7694 7630
f 7630 7695 7631
f 7695 7632 7631
f 7632 7697 7633
f 7633 7698 7634
f 7698 7635 7634
f 7635 7700 7636
f 7636 7701 7637
f 7701 7638 7637
f 7702 7639 7638
f 7639 7704 7640
f 7704 7641 7640
f 7705 7642 7641
f 7706 7643 7642
f 7707 7644 7643
f 7644 7709 7645
f 7709 7646 7645
f 7710 7647 7646
f 7711 7648 7647
f 7648 7713 7649
f 7713 7650 7649
f 7714 7651 7650
f 7651 7716 7652
f 7716 7653 7652
f 7717 7654 7653
f 7718 7655 7654
f 7719 7656 7655
f 7656 7721 7657
f 7657 7722 7658
f 7722 7659 7658
f 7723 7660 7659
f 7724 7661 7660
f 7725 7662 7661
f 7726 7663 7662
f 7663 7728 7664
f 7728 7665 7664
f 7729 7666 7665
f 7666 7731 7667
f 7731 7668 7667
f 7732 7669 7668
f 7669 7734 7670
f 7734 7671 7670
f 7735 7672 7671
f 7736 7673 7672
f 7737 7674 7673
f 7674 7739 7675
f 7739 7676 7675
f 7676 7741 7677
f 7677 7742 7678
f 7742 7679 7678
f 7743 7680 7679
f 7744 7617 7680
f 7745 7682 7681
f 7746 7683 7682
f 7683 7748 7684
f 7748 7685 7684
f 7749 7686 7685
f 7750 7687 7686
f 7687 7752 7688
f 7752 7689 7688
f 7753 7690 7689
f 7690 7755 7691
f 7755 7692 7691
f 7756 7693 7692
f 7693 7758 7694
f 7694 7759 7695
f 7759 7696 7695
f 7760 7697 7696
f 7761 7698 7697
f 7762 7699 7698
f 7699 7764 7700
f 7764 7701 7700
f 7701 7766 7702
f 7766 7703 7702
f 7703 7768 7704
f 7704 7769 7705
f 7769 7706 7705
f 7706 7771 7707
f 7771 7708 7707
f 7772 7709 7708
f 7709 7774 7710
f 7710 7775 7711
f 7775 7712 7711
f 7712 7777 7713
f 7777 7714 7713
f 7778 7715 7714
f 7779 7716 7715
f 7780 7717 7716
f 7717 7782 7718
f 7782 7719 7718
f 7783 7720 7719
f 7720 7785 7721
f 7785 7722 7721
f 7786 7723 7722
f 7787 7724 7723
f 7724 7789 7725
f 7725 7790 7726
f 7790 7727 7726
f 7727 7792 7728
f 7792 7729 7728
f 7793 7730 7729
f 7730 7795 7731
f 7795 7732 7731
f 7796 7733 7732
f 7733 7798 7734
f 7798 7735 7734
f 7735 7800 7736
f 7736 7801 7737
f 7801 7738 7737
f 7802 7739 7738
f 7803 7740 7739
f 7804 7741 7740
f 7805 7742 7741
f 7806 7743 7742
f 7807 7744 7743
f 7744 7745 7681
f 7809 7746 7745
f 7810 7747 7746
f 7811 7748 7747
f 7812 7749 7748
f 7813 7750 7749
f 7814 7751 7750
f 7751 7816 7752
f 7816 7753 7752
f 7817 7754 7753
f 7818 7755 7754
f 7819 7756 7755
f 7756 7821 7757
f 7757 7822 7758
f 7822 7759 7758
f 7759 7824 7760
f 7760 7825 7761
f 7825 7762 7761
f 7826 7763 7762
f 7827 7764 7763
f 7828 7765 7764
f 7829 7766 7765
f 7830 7767 7766
f 7831 7768 7767
f 7832 7769 7768
f 7833 7770 7769
f 7834 7771 7770
f 7835 7772 7771
f 7772 7837 7773
f 7837 7774 7773
f 7838 7775 7774
f 7839 7776 7775
f 7776 7841 7777
f 7841 7778 7777
f 7842 7779 7778
f 7779 7844 7780
f 7780 7845 7781
f 7845 7782 7781
f 7846 7783 7782
f 7783 7848 7784
f 7784 7849 7785
f 7785 7850 7786
f 7786 7851 7787
f 7787 7852 7788
f 7852 7789 7788
f 7789 7854 7790
f 7790 7855 7791
f 7791 7856 7792
f 7856 7793 7792
f 7857 7794 7793
f 7858 7795 7794
f 7795 7860 7796
f 7860 7797 7796
f 7861 7798 7797
f 7798 7863 7799
f 7799 7864 7800
f 7800 7865 7801
f 7801 7866 7802
f 7866 7803 7802
f 7803 7868 7804
f 7868 7805 7804
f 7805 7870 7806
f 7806 7871 7807
f 7871 7808 7807
f 7808 7809 7745
f 7873 7810 7809
f 7810 7875 7811
f 7811 7876 7812
f 7812 7877 7813
f 7877 7814 7813
f 7878 7815 7814
f 7815 7880 7816
f 7816 7881 7817
f 7881 7818 7817
f 7818 7883 7819
f 7819 7884 7820
f 7884 7821 7820
f 7821 7886 7822
f 7886 7823 7822
f 7887 7824 7823
f 7888 7825 7824
f 7825 7890 7826
f 7826 7891 7827
f 7891 7828 7827
f 7892 7829 7828
f 7829 7894 7830
f 7830 7895 7831
f 7895 7832 7831
f 7832 7897 7833
f 7897 7834 7833
f 7898 7835 7834
f 7899 7836 7835
f 7900 7837 7836
f 7837 7902 7838
f 7902 7839 7838
f 7903 7840 7839
f 7904 7841 7840
f 7905 7842 7841
f 7842 7907 7843
f 7907 7844 7843
f 7908 7845 7844
f 7909 7846 7845
f 7910 7847 7846
f 7847 7912 7848
f 7848 7913 7849
f 7913 7850 7849
f 7850 7915 7851
f 7915 7852 7851
f 7916 7853 7852
f 7853 7918 7854
f 7854 7919 7855
f 7919 7856 7855
f 7920 7857 7856
f 7921 7858 7857
f 7922 7859 7858
f 7923 7860 7859
f 7924 7861 7860
f 7861 7926 7862
f 7926 7863 7862
f 7927 7864 7863
f 7864 7929 7865
f 7929 7866 7865
f 7930 7867 7866
f 7867 7932 7868
f 7932 7869 7868
f 7933 7870 7869
f 7934 7871 7870
f 7935 7872 7871
f 7872 7873 7809
f 7937 7874 7873
f 7874 7939 7875
f 7875 7940 7876
f 7940 7877 7876
f 7877 7942 7878
f 7942 7879 7878
f 7943 7880 7879
f 7944 7881 7880
f 7945 7882 7881
f 7946 7883 7882
f 7947 7884 7883
f 7948 7885 7884
f 7885 7950 7886
f 7950 7887 7886
f 7887 7952 7888
f 7952 7889 7888
f 7889 7954 7890
f 7954 7891 7890
f 7891 7956 7892
f 7956 7893 7892
f 7957 7894 7893
f 7894 7959 7895
f 7895 7960 7896
f 7960 7897 7896
f 7961 7898 7897
f 7962 7899 7898
f 7963 7900 7899
f 7964 7901 7900
f 7965 7902 7901
f 7966 7903 7902
f 7967 7904 7903
f 7904 7969 7905
f 7969 7906 7905
f 7906 7971 7907
f 7907 7972 7908
f 7972 7909 7908
f 7973 7910 7909
f 7910 7975 7911
f 7911 7976 7912
f 7976 7913 7912
f 7913 7978 7914
f 7978 7915 7914
f 7979 7916 7915
f 7980 7917 7916
f 7917 7982 7918
f 7982 7919 7918
f 7983 7920 7919
f 7920 7985 7921
f 7985 7922 7921
f 7986 7923 7922
f 7923 7988 7924
f 7988 7925 7924
f 7925 7990 7926
f 7926 7991 7927
f 7927 7992 7928
f 7928 7993 7929
f 7929 7994 7930
f 7994 7931 7930
f 7931 7996 7932
f 7996 7933 7932
f 7933 7998 7934
f 7998 7935 7934
f 7999 7936 7935
f 7936 7937 7873
f 8001 7938 7937
f 8002 7939 7938
f 8003 7940 7939
f 7940 8005 7941
f 8005 7942 7941
f 8006 7943 7942
f 8007 7944 7943
f 8008 7945 7944
f 8009 7946 7945
f 7946 8011 7947
f 7947 8012 7948
f 7948 8013 7949
f 8013 7950 7949
f 7950 8015 7951
f 7951 8016 7952
f 7952 8017 7953
f 7953 8018 7954
f 8018 7955 7954
f 8019 7956 7955
f 7956 8021 7957
f 7957 8022 7958
f 7958 8023 7959
f 7959 8024 7960
f 8024 7961 7960
f 7961 8026 7962
f 7962 8027 7963
f 8027 7964 7963
f 8028 7965 7964
f 8029 7966 7965
f 8030 7967 7966
f 7967 8032 7968
f 8032 7969 7968
f 8033 7970 7969
f 8034 7971 7970
f 8035 7972 7971
f 7972 8037 7973
f 8037 7974 7973
f 7974 8039 7975
f 8039 7976 7975
f 8040 7977 7976
f 8041 7978 7977
f 8042 7979 7978
f 8043 7980 7979
f 8044 7981 7980
f 8045 7982 7981
f 8046 7983 7982
f 7983 8048 7984
f 8048 7985 7984
f 8049 7986 7985
f 8050 7987 7986
f 8051 7988 7987
f 8052 7989 7988
f 8053 7990 7989
f 8054 7991 7990
f 8055 7992 7991
f 7992 8057 7993
f 7993 8058 7994
f 8058 7995 7994
f 7995 8060 7996
f 8060 7997 7996
f 8061 7998 7997
f 7998 8063 7999
f 7999 8064 8000
f 8064 7937 8000
f 8001 8066 8002
f 8066 8003 8002
f 8067 8004 8003
f 8068 8005 8004
f 8069 8006 8005
f 8070 8007 8006
f 8071 8008 8007
f 8072 8009 8008
f 8073 8010 8009
f 8010 8075 8011
f 8075 8012 8011
f 8076 8013 8012
f 8077 8014 8013
f 8014 8079 8015
f 8079 8016 8015
f 8080 8017 8016
f 8081 8018 8017
f 8082 8019 8018
f 8083 8020 8019
f 8084 8021 8020
f 8021 8086 8022
f 8086 8023 8022
f 8087 8024 8023
f 8088 8025 8024
f 8089 8026 8025
f 8090 8027 8026
f 8091 8028 8027
f 8092 8029 8028
f 8093 8030 8029
f 8094 8031 8030
f 8095 8032 8031
f 8096 8033 8032
f 8097 8034 8033
f 8098 8035 8034
f 8035 8100 8036
f 8036 8101 8037
f 8101 8038 8037
f 8038 8103 8039
f 8039 8104 8040
f 8040 8105 8041
f 8105 8042 8041
f 8042 8107 8043
f 8107 8044 8043
f 8044 8109 8045
f 8045 8110 8046
f 8110 8047 8046
f 8047 8112 8048
f 8048 8113 8049
f 8049 8114 8050
f 8050 8115 8051
f 8051 8116 8052
f 8052 8117 8053
f 8053 8118 8054
f 8054 8119 8055
f 8119 8056 8055
f 8056 8121 8057
f 8057 8122 8058
f 8058 8123 8059
f 8123 8060 8059
f 8060 8125 8061
f 8061 8126 8062
f 8062 8127 8063
f 8063 8128 8064
f 8128 8001 8064
f 8129 8066 8065
f 8130 8067 8066
f 8067 8132 8068
f 8068 8133 8069
f 8069 8134 8070
f 8070 8135 8071
f 8071 8136 8072
f 8072 8137 8073
f 8137 8074 8073
f 8138 8075 8074
f 8139 8076 8075
f 8140 8077 8076
f 8141 8078 8077
f 8142 8079 8078
f 8079 8144 8080
f 8080 8145 8081
f 8081 8146 8082
f 8082 8147 8083
f 8147 8084 8083
f 8084 8149 8085
f 8149 8086 8085
f 8086 8151 8087
f 8151 8088 8087
f 8152 8089 8088
f 8153 8090 8089
f 8154 8091 8090
f 8091 8156 8092
f 8092 8157 8093
f 8093 8158 8094
f 8094 8159 8095
f 8159 8096 8095
f 8160 8097 8096
f 8097 8162 8098
f 8162 8099 8098
f 8163 8100 8099
f 8164 8101 8100
f 8165 8102 8101
f 8166 8103 8102
f 8103 8168 8104
f 8104 8169 8105
f 8105 8170 8106
f 8106 8171 8107
f 8171 8108 8107
f 8108 8173 8109
f 8173 8110 8109
f 8174 8111 8110
f 8175 8112 8111
f 8176 8113 8112
f 8177 8114 8113
f 8178 8115 8114
f 8115 8180 8116
f 8116 8181 8117
f 8181 8118 8117
f 8118 8183 8119
f 8119 8184 8120
f 8120 8185 8121
f 8185 8122 8121
f 8186 8123 8122
f 8187 8124 8123
f 8188 8125 8124
f 8189 8126 8125
f 8190 8127 8126
f 8127 8192 8128
f 8192 8065 8128
f 8129 2 8130
f 2 8131 8130
f 3 8132 8131
f 4 8133 8132
f 5 8134 8133
f 6 8135 8134
f 7 8136 8135
f 8136 9 8137
f 8137 10 8138
f 10 8139 8138
f 11 8140 8139
f 12 8141 8140
f 13 8142 8141
f 14 8143 8142
f 15 8144 8143
f 8144 17 8145
f 17 8146 8145
f 8146 19 8147
f 19 8148 8147
f 20 8149 8148
f 21 8150 8149
f 22 8151 8150
f 8151 24 8152
f 24 8153 8152
f 8153 26 8154
f 26 8155 8154
f 27 8156 8155
f 28 8157 8156
f 29 8158 8157
f 30 8159 8158
f 31 8160 8159
f 32 8161 8160
f 33 8162 8161
f 34 8163 8162
f 35 8164 8163
f 8164 37 8165
f 8165 38 8166
f 8166 39 8167
f 39 8168 8167
f 40 8169 8168
f 41 8170 8169
f 42 8171 8170
f 43 8172 8171
f 44 8173 8172
f 8173 46 8174
f 8174 47 8175
f 8175 48 8176
f 8176 49 8177
f 49 8178 8177
f 8178 51 8179
f 8179 52 8180
f 8180 53 8181
f 8181 54 8182
f 8182 55 8183
f 8183 56 8184
f 56 8185 8184
f 57 8186 8185
f 8186 59 8187
f 8187 60 8188
f 8188 61 8189
f 61 8190 8189
f 62 8191 8190
f 63 8192 8191
f 64 8129 8192
f 65 66 2
f 66 67 3
f 67 68 4
f 4 68 69
f 69 70 6
f 70 71 7
f 71 72 8
f 8 72 73
f 73 74 10
f 74 75 11
f 11 75 76
f 12 76 77
f 13 77 78
f 78 79 15
f 79 80 16
f 80 81 17
f 81 82 18
f 82 83 19
f 83 84 20
f 84 85 21
f 85 86 22
f 86 87 23
f 87 88 24
f 88 89 25
f 89 90 26
f 90 91 27
f 27 91 92
f 92 93 29
f 93 94 30
f 94 95 31
f 95 96 32
f 96 97 33
f 97 98 34
f 98 99 35
f 99 100 36
f 36 100 101
f 37 101 102
f 102 103 39
f 39 103 104
f 40 104 105
f 41 105 106
f 106 107 43
f 43 107 108
f 44 108 109
f 45 109 110
f 110 111 47
f 111 112 48
f 48 112 113
f 49 113 114
f 114 115 51
f 115 116 52
f 116 117 53
f 117 118 54
f 118 119 55
f 119 120 56
f 56 120 121
f 57 121 122
f 122 123 59
f 59 123 124
f 124 125 61
f 125 126 62
f 126 127 63
f 127 128 64
f 64 128 65
f 65 129 130
f 130 131 67
f 131 132 68
f 132 133 69
f 133 134 70
f 70 134 135
f 135 136 72
f 136 137 73
f 137 138 74
f 138 139 75
f 139 140 76
f 140 141 77
f 141 142 78
f 142 143 79
f 143 144 80
f 80 144 145
f 81 145 146
f 146 147 83
f 147 148 84
f 84 148 149
f 149 150 86
f 86 150 151
f 87 151 152
f 88 152 153
f 89 153 154
f 154 155 91
f 155 156 92
f 156 157 93
f 157 158 94
f 94 158 159
f 159 160 96
f 160 161 97
f 161 162 98
f 162 163 99
f 163 164 100
f 164 165 101
f 101 165 166
f 102 166 167
f 167 168 104
f 168 169 105
f 169 170 106
f 170 171 107
f 171 172 108
f 108 172 173
f 173 174 110
f 110 174 175
f 111 175 176
f 176 177 113
f 177 178 114
f 114 178 179
f 115 179 180
f 180 181 117
f 181 182 118
f 118 182 183
f 183 184 120
f 184 185 121
f 185 186 122
f 122 186 187
f 187 188 124
f 124 188 189
f 189 190 126
f 190 191 127
f 127 191 192
f 192 129 65
f 193 194 130
f 130 194 195
f 131 195 196
f 196 197 133
f 133 197 198
f 134 198 199
f 135 199 200
f 136 200 201
f 201 202 138
f 138 202 203
f 203 204 140
f 140 204 205
f 205 206 142
f 142 206 207
f 207 208 144
f 144 208 209
f 209 210 146
f 210 211 147
f 147 211 212
f 212 213 149
f 149 213 214
f 214 215 151
f 151 215 216
f 152 216 217
f 153 217 218
f 218 219 155
f 155 219 220
f 156 220 221
f 157 221 222
f 222 223 159
f 223 224 160
f 224 225 161
f 225 226 162
f 226 227 163
f 227 228 164
f 228 229 165
f 229 230 166
f 230 231 167
f 231 232 168
f 232 233 169
f 233 234 170
f 234 235 171
f 171 235 236
f 236 237 173
f 237 238 174
f 238 239 175
f 239 240 176
f 240 241 177
f 241 242 178
f 242 243 179
f 243 244 180
f 244 245 181
f 245 246 182
f 246 247 183
f 247 248 184
f 184 248 249
f 249 250 186
f 250 251 187
f 187 251 252
f 252 253 189
f 189 253 254
f 254 255 191
f 255 256 192
f 192 256 193
f 257 258 194
f 258 259 195
f 259 260 196
f 196 260 261
f 261 262 198
f 262 263 199
f 263 264 200
f 264 265 201
f 265 266 202
f 202 266 267
f 267 268 204
f 268 269 205
f 205 269 270
f 270 271 207
f 271 272 208
f 208 272 273
f 273 274 210
f 274 275 211
f 275 276 212
f 276 277 213
f 277 278 214
f 214 278 279
f 215 279 280
f 280 281 217
f 217 281 282
f 218 282 283
f 283 284 220
f 284 285 221
f 221 285 286
f 222 286 287
f 287 288 224
f 288 289 225
f 225 289 290
f 290 291 227
f 291 292 228
f 292 293 229
f 229 293 294
f 294 295 231
f 295 296 232
f 296 297 233
f 233 297 298
f 298 299 235
f 299 300 236
f 236 300 301
f 237 301 302
f 238 302 303
f 239 303 304
f 304 305 241
f 305 306 242
f 242 306 307
f 307 308 244
f 308 309 245
f 245 309 310
f 310 311 247
f 311 312 248
f 248 312 313
f 249 313 314
f 250 314 315
f 315 316 252
f 252 316 317
f 253 317 318
f 318 319 255
f 319 320 256
f 256 320 257
f 257 321 322
f 258 322 323
f 323 324 260
f 324 325 261
f 325 326 262
f 262 326 327
f 327 328 264
f 264 328 329
f 265 329 330
f 266 330 331
f 331 332 268
f 268 332 333
f 333 334 270
f 270 334 335
f 335 336 272
f 336 337 273
f 273 337 338
f 274 338 339
f 339 340 276
f 340 341 277
f 277 341 342
f 278 342 343
f 279 343 344
f 280 344 345
f 281 345 346
f 346 347 283
f 283 347 348
f 284 348 349
f 349 350 286
f 350 351 287
f 351 352 288
f 288 352 353
f 353 354 290
f 354 355 291
f 355 356 292
f 356 357 293
f 357 358 294
f 358 359 295
f 295 359 360
f 360 361 297
f 361 362 298
f 362 363 299
f 363 364 300
f 364 365 301
f 301 365 366
f 302 366 367
f 367 368 304
f 368 369 305
f 305 369 370
f 306 370 371
f 371 372 308
f 372 373 309
f 373 374 310
f 310 374 375
f 375 376 312
f 376 377 313
f 377 378 314
f 314 378 379
f 379 380 316
f 380 381 317
f 317 381 382
f 318 382 383
f 383 384 320
f 384 321 257
f 321 385 386
f 386 387 323
f 387 388 324
f 324 388 389
f 389 390 326
f 326 390 391
f 391 392 328
f 392 393 329
f 329 393 394
f 394 395 331
f 395 396 332
f 332 396 397
f 397 398 334
f 334 398 399
f 399 400 336
f 336 400 401
f 401 402 338
f 402 403 339
f 339 403 404
f 404 405 341
f 405 406 342
f 406 407 343
f 343 407 408
f 408 409 345
f 345 409 410
f 346 410 411
f 411 412 348
f 412 413 349
f 413 414 350
f 414 415 351
f 351 415 416
f 416 417 353
f 417 418 354
f 418 419 355
f 355 419 420
f 356 420 421
f 421 422 358
f 422 423 359
f 423 424 360
f 424 425 361
f 361 425 426
f 426 427 363
f 363 427 428
f 364 428 429
f 429 430 366
f 430 431 367
f 367 431 432
f 368 432 433
f 369 433 434
f 434 435 371
f 435 436 372
f 372 436 437
f 437 438 374
f 374 438 439
f 375 439 440
f 440 441 377
f 377 441 442
f 378 442 443
f 443 444 380
f 444 445 381
f 381 445 446
f 382 446 447
f 383 447 448
f 448 385 321
f 385 449 450
f 450 451 387
f 451 452 388
f 452 453 389
f 453 454 390
f 454 455 391
f 391 455 456
f 456 457 393
f 457 458 394
f 458 459 395
f 395 459 460
f 460 461 397
f 397 461 462
f 398 462 463
f 399 463 464
f 464 465 401
f 465 466 402
f 402 466 467
f 403 467 468
f 404 468 469
f 405 469 470
f 406 470 471
f 407 471 472
f 472 473 409
f 473 474 410
f 410 474 475
f 475 476 412
f 476 477 413
f 477 478 414
f 478 479 415
f 479 480 416
f 480 481 417
f 481 482 418
f 418 482 483
f 483 484 420
f 420 484 485
f 485 486 422
f 422 486 487
f 487 488 424
f 424 488 489
f 489 490 426
f 490 491 427
f 491 492 428
f 492 493 429
f 493 494 430
f 494 495 431
f 495 496 432
f 432 496 497
f 497 498 434
f 498 499 435
f 499 500 436
f 500 501 437
f 437 501 502
f 502 503 439
f 439 503 504
f 504 505 441
f 505 506 442
f 506 507 443
f 507 508 444
f 444 508 509
f 509 510 446
f 510 511 447
f 511 512 448
f 512 449 385
f 449 513 514
f 450 514 515
f 515 516 452
f 516 517 453
f 517 518 454
f 518 519 455
f 519 520 456
f 456 520 521
f 521 522 458
f 522 523 459
f 459 523 524
f 524 525 461
f 461 525 526
f 526 527 463
f 527 528 464
f 464 528 529
f 529 530 466
f 530 531 467
f 531 532 468
f 532 533 469
f 533 534 470
f 470 534 535
f 535 536 472
f 472 536 537
f 473 537 538
f 538 539 475
f 539 540 476
f 476 540 541
f 541 542 478
f 542 543 479
f 543 544 480
f 544 545 481
f 481 545 546
f 546 547 483
f 483 547 548
f 484 548 549
f 549 550 486
f 486 550 551
f 551 552 488
f 488 552 553
f 553 554 490
f 490 554 555
f 555 556 492
f 492 556 557
f 557 558 494
f 494 558 559
f 495 559 560
f 496 560 561
f 561 562 498
f 562 563 499
f 563 564 500
f 564 565 501
f 501 565 566
f 566 567 503
f 503 567 568
f 504 568 569
f 569 570 506
f 506 570 571
f 507 571 572
f 572 573 509
f 573 574 510
f 510 574 575
f 575 576 512
f 576 513 449
f 513 577 578
f 578 579 515
f 579 580 516
f 580 581 517
f 581 582 518
f 582 583 519
f 583 584 520
f 584 585 521
f 585 586 522
f 586 587 523
f 523 587 588
f 588 589 525
f 525 589 590
f 590 591 527
f 591 592 528
f 592 593 529
f 593 594 530
f 594 595 531
f 595 596 532
f 596 597 533
f 533 597 598
f 534 598 599
f 599 600 536
f 536 600 601
f 601 602 538
f 602 603 539
f 539 603 604
f 540 604 605
f 605 606 542
f 542 606 607
f 543 607 608
f 608 609 545
f 545 609 610
f 610 611 547
f 611 612 548
f 548 612 613
f 613 614 550
f 614 615 551
f 551 615 616
f 616 617 553
f 617 618 554
f 554 618 619
f 619 620 556
f 620 621 557
f 557 621 622
f 558 622 623
f 559 623 624
f 560 624 625
f 561 625 626
f 562 626 627
f 563 627 628
f 628 629 565
f 565 629 630
f 630 631 567
f 567 631 632
f 568 632 633
f 569 633 634
f 634 635 571
f 635 636 572
f 636 637 573
f 573 637 638
f 574 638 639
f 639 640 576
f 640 577 513
f 577 641 642
f 642 643 579
f 579 643 644
f 580 644 645
f 581 645 646
f 582 646 647
f 583 647 648
f 584 648 649
f 585 649 650
f 586 650 651
f 651 652 588
f 652 653 589
f 589 653 654
f 654 655 591
f 655 656 592
f 656 657 593
f 593 657 658
f 658 659 595
f 659 660 596
f 596 660 661
f 661 662 598
f 598 662 663
f 663 664 600
f 664 665 601
f 601 665 666
f 666 667 603
f 603 667 668
f 604 668 669
f 669 670 606
f 606 670 671
f 671 672 608
f 672 673 609
f 673 674 610
f 674 675 611
f 675 676 612
f 612 676 677
f 677 678 614
f 678 679 615
f 679 680 616
f 680 681 617
f 681 682 618
f 618 682 683
f 683 684 620
f 684 685 621
f 685 686 622
f 686 687 623
f 687 688 624
f 688 689 625
f 689 690 626
f 626 690 691
f 691 692 628
f 692 693 629
f 693 694 630
f 630 694 695
f 695 696 632
f 696 697 633
f 697 698 634
f 698 699 635
f 699 700 636
f 636 700 701
f 701 702 638
f 702 703 639
f 639 703 704
f 704 641 577
f 641 705 706
f 706 707 643
f 707 708 644
f 644 708 709
f 709 710 646
f 710 711 647
f 711 712 648
f 712 713 649
f 713 714 650
f 714 715 651
f 715 716 652
f 716 717 653
f 717 718 654
f 718 719 655
f 655 719 720
f 656 720 721
f 721 722 658
f 722 723 659
f 723 724 660
f 724 725 661
f 661 725 726
f 662 726 727
f 727 728 664
f 728 729 665
f 729 730 666
f 730 731 667
f 731 732 668
f 668 732 733
f 733 734 670
f 670 734 735
f 735 736 672
f 736 737 673
f 673 737 738
f 674 738 739
f 739 740 676
f 740 741 677
f 741 742 678
f 742 743 679
f 679 743 744
f 744 745 681
f 681 745 746
f 682 746 747
f 747 748 684
f 748 749 685
f 685 749 750
f 686 750 751
f 687 751 752
f 688 752 753
f 753 754 690
f 754 755 691
f 755 756 692
f 756 757 693
f 693 757 758
f 694 758 759
f 695 759 760
f 696 760 761
f 761 762 698
f 698 762 763
f 699 763 764
f 700 764 765
f 765 766 702
f 702 766 767
f 703 767 768
f 768 705 641
f 769 770 706
f 770 771 707
f 771 772 708
f 708 772 773
f 773 774 710
f 774 775 711
f 711 775 776
f 776 777 713
f 777 778 714
f 778 779 715
f 715 779 780
f 780 781 717
f 781 782 718
f 718 782 783
f 783 784 720
f 784 785 721
f 721 785 786
f 786 787 723
f 723 787 788
f 724 788 789
f 725 789 790
f 726 790 791
f 791 792 728
f 792 793 729
f 793 794 730
f 794 795 731
f 731 795 796
f 796 797 733
f 797 798 734
f 734 798 799
f 799 800 736
f 800 801 737
f 737 801 802
f 738 802 803
f 803 804 740
f 740 804 805
f 741 805 806
f 806 807 743
f 807 808 744
f 744 808 809
f 809 810 746
f 810 811 747
f 811 812 748
f 812 813 749
f 813 814 750
f 814 815 751
f 751 815 816
f 816 817 753
f 817 818 754
f 818 819 755
f 819 820 756
f 756 820 821
f 757 821 822
f 822 823 759
f 759 823 824
f 824 825 761
f 761 825 826
f 826 827 763
f 827 828 764
f 828 829 765
f 829 830 766
f 766 830 831
f 767 831 832
f 768 832 769
f 833 834 770
f 770 834 835
f 835 836 772
f 772 836 837
f 837 838 774
f 838 839 775
f 839 840 776
f 776 840 841
f 841 842 778
f 842 843 779
f 843 844 780
f 844 845 781
f 845 846 782
f 782 846 847
f 783 847 848
f 784 848 849
f 849 850 786
f 786 850 851
f 851 852 788
f 788 852 853
f 853 854 790
f 790 854 855
f 855 856 792
f 856 857 793
f 793 857 858
f 794 858 859
f 795 859 860
f 860 861 797
f 861 862 798
f 798 862 863
f 863 864 800
f 800 864 865
f 865 866 802
f 802 866 867
f 867 868 804
f 804 868 869
f 869 870 806
f 870 871 807
f 871 872 808
f 872 873 809
f 809 873 874
f 874 875 811
f 875 876 812
f 812 876 877
f 877 878 814
f 878 879 815
f 879 880 816
f 816 880 881
f 881 882 818
f 882 883 819
f 883 884 820
f 820 884 885
f 821 885 886
f 886 887 823
f 887 888 824
f 888 889 825
f 889 890 826
f 890 891 827
f 827 891 892
f 828 892 893
f 893 894 830
f 830 894 895
f 895 896 832
f 832 896 833
f 897 898 834
f 834 898 899
f 899 900 836
f 900 901 837
f 901 902 838
f 902 903 839
f 903 904 840
f 840 904 905
f 905 906 842
f 906 907 843
f 907 908 844
f 908 909 845
f 909 910 846
f 910 911 847
f 847 911 912
f 848 912 913
f 913 914 850
f 850 914 915
f 915 916 852
f 852 916 917
f 917 918 854
f 854 918 919
f 919 920 856
f 920 921 857
f 921 922 858
f 922 923 859
f 923 924 860
f 860 924 925
f 925 926 862
f 926 927 863
f 927 928 864
f 928 929 865
f 929 930 866
f 866 930 931
f 931 932 868
f 868 932 933
f 933 934 870
f 934 935 871
f 935 936 872
f 872 936 937
f 873 937 938
f 938 939 875
f 939 940 876
f 940 941 877
f 941 942 878
f 878 942 943
f 943 944 880
f 944 945 881
f 945 946 882
f 946 947 883
f 883 947 948
f 884 948 949
f 885 949 950
f 886 950 951
f 887 951 952
f 888 952 953
f 953 954 890
f 890 954 955
f 891 955 956
f 892 956 957
f 893 957 958
f 894 958 959
f 959 960 896
f 896 960 897
f 961 962 898
f 962 963 899
f 963 964 900
f 900 964 965
f 965 966 902
f 966 967 903
f 903 967 968
f 904 968 969
f 905 969 970
f 906 970 971
f 971 972 908
f 972 973 909
f 973 974 910
f 974 975 911
f 975 976 912
f 912 976 977
f 913 977 978
f 914 978 979
f 915 979 980
f 980 981 917
f 981 982 918
f 918 982 983
f 983 984 920
f 920 984 985
f 985 986 922
f 986 987 923
f 987 988 924
f 988 989 925
f 925 989 990
f 926 990 991
f 991 992 928
f 928 992 993
f 993 994 930
f 930 994 995
f 995 996 932
f 996 997 933
f 997 998 934
f 934 998 999
f 999 1000 936
f 1000 1001 937
f 1001 1002 938
f 938 1002 1003
f 1003 1004 940
f 940 1004 1005
f 941 1005 1006
f 1006 1007 943
f 1007 1008 944
f 1008 1009 945
f 1009 1010 946
f 946 1010 1011
f 1011 1012 948
f 1012 1013 949
f 949 1013 1014
f 1014 1015 951
f 1015 1016 952
f 1016 1017 953
f 1017 1018 954
f 1018 1019 955
f 955 1019 1020
f 956 1020 1021
f 1021 1022 958
f 958 1022 1023
f 1023 1024 960
f 1024 961 897
f 961 1025 1026
f 1026 1027 963
f 1027 1028 964
f 1028 1029 965
f 1029 1030 966
f 1030 1031 967
f 1031 1032 968
f 1032 1033 969
f 1033 1034 970
f 1034 1035 971
f 971 1035 1036
f 1036 1037 973
f 973 1037 1038
f 1038 1039 975
f 1039 1040 976
f 1040 1041 977
f 1041 1042 978
f 1042 1043 979
f 1043 1044 980
f 1044 1045 981
f 1045 1046 982
f 1046 1047 983
f 1047 1048 984
f 1048 1049 985
f 985 1049 1050
f 1050 1051 987
f 1051 1052 988
f 1052 1053 989
f 1053 1054 990
f 1054 1055 991
f 991 1055 1056
f 1056 1057 993
f 1057 1058 994
f 1058 1059 995
f 1059 1060 996
f 996 1060 1061
f 1061 1062 998
f 998 1062 1063
f 999 1063 1064
f 1064 1065 1001
f 1001 1065 1066
f 1002 1066 1067
f 1003 1067 1068
f 1004 1068 1069
f 1069 1070 1006
f 1006 1070 1071
f 1007 1071 1072
f 1008 1072 1073
f 1009 1073 1074
f 1010 1074 1075
f 1011 1075 1076
f 1076 1077 1013
f 1013 1077 1078
f 1078 1079 1015
f 1015 1079 1080
f 1016 1080 1081
f 1017 1081 1082
f 1082 1083 1019
f 1019 1083 1084
f 1084 1085 1021
f 1021 1085 1086
f 1086 1087 1023
f 1023 1087 1088
f 1088 1025 961
f 1025 1089 1090
f 1090 1091 1027
f 1027 1091 1092
f 1028 1092 1093
f 1093 1094 1030
f 1094 1095 1031
f 1095 1096 1032
f 1032 1096 1097
f 1097 1098 1034
f 1034 1098 1099
f 1035 1099 1100
f 1036 1100 1101
f 1101 1102 1038
f 1038 1102 1103
f 1103 1104 1040
f 1104 1105 1041
f 1041 1105 1106
f 1042 1106 1107
f 1107 1108 1044
f 1044 1108 1109
f 1045 1109 1110
f 1046 1110 1111
f 1111 1112 1048
f 1112 1113 1049
f 1049 1113 1114
f 1050 1114 1115
f 1115 1116 1052
f 1116 1117 1053
f 1117 1118 1054
f 1054 1118 1119
f 1119 1120 1056
f 1056 1120 1121
f 1121 1122 1058
f 1058 1122 1123
f 1123 1124 1060
f 1124 1125 1061
f 1125 1126 1062
f 1126 1127 1063
f 1127 1128 1064
f 1128 1129 1065
f 1065 1129 1130
f 1066 1130 1131
f 1131 1132 1068
f 1132 1133 1069
f 1133 1134 1070
f 1070 1134 1135
f 1135 1136 1072
f 1136 1137 1073
f 1137 1138 1074
f 1138 1139 1075
f 1139 1140 1076
f 1076 1140 1141
f 1141 1142 1078
f 1142 1143 1079
f 1143 1144 1080
f 1144 1145 1081
f 1145 1146 1082
f 1146 1147 1083
f 1083 1147 1148
f 1148 1149 1085
f 1085 1149 1150
f 1150 1151 1087
f 1087 1151 1152
f 1152 1089 1025
f 1153 1154 1090
f 1154 1155 1091
f 1155 1156 1092
f 1092 1156 1157
f 1157 1158 1094
f 1158 1159 1095
f 1095 1159 1160
f 1160 1161 1097
f 1097 1161 1162
f 1162 1163 1099
f 1163 1164 1100
f 1164 1165 1101
f 1165 1166 1102
f 1102 1166 1167
f 1103 1167 1168
f 1104 1168 1169
f 1105 1169 1170
f 1106 1170 1171
f 1171 1172 1108
f 1172 1173 1109
f 1173 1174 1110
f 1110 1174 1175
f 1175 1176 1112
f 1176 1177 1113
f 1113 1177 1178
f 1114 1178 1179
f 1115 1179 1180
f 1180 1181 1117
f 1117 1181 1182
f 1118 1182 1183
f 1183 1184 1120
f 1184 1185 1121
f 1185 1186 1122
f 1122 1186 1187
f 1187 1188 1124
f 1188 1189 1125
f 1125 1189 1190
f 1190 1191 1127
f 1191 1192 1128
f 1192 1193 1129
f 1193 1194 1130
f 1194 1195 1131
f 1195 1196 1132
f 1132 1196 1197
f 1133 1197 1198
f 1198 1199 1135
f 1199 1200 1136
f 1200 1201 1137
f 1201 1202 1138
f 1202 1203 1139
f 1203 1204 1140
f 1140 1204 1205
f 1205 1206 1142
f 1142 1206 1207
f 1143 1207 1208
f 1208 1209 1145
f 1209 1210 1146
f 1210 1211 1147
f 1147 1211 1212
f 1212 1213 1149
f 1213 1214 1150
f 1150 1214 1215
f 1151 1215 1216
f 1216 1153 1089
f 1153 1217 1218
f 1218 1219 1155
f 1155 1219 1220
f 1156 1220 1221
f 1221 1222 1158
f 1158 1222 1223
f 1159 1223 1224
f 1224 1225 1161
f 1225 1226 1162
f 1162 1226 1227
f 1163 1227 1228
f 1228 1229 1165
f 1229 1230 1166
f 1230 1231 1167
f 1167 1231 1232
f 1168 1232 1233
f 1169 1233 1234
f 1234 1235 1171
f 1171 1235 1236
f 1236 1237 1173
f 1237 1238 1174
f 1238 1239 1175
f 1239 1240 1176
f 1176 1240 1241
f 1241 1242 1178
f 1242 1243 1179
f 1243 1244 1180
f 1244 1245 1181
f 1181 1245 1246
f 1246 1247 1183
f 1183 1247 1248
f 1248 1249 1185
f 1185 1249 1250
f 1250 1251 1187
f 1251 1252 1188
f 1252 1253 1189
f 1253 1254 1190
f 1190 1254 1255
f 1255 1256 1192
f 1192 1256 1257
f 1257 1258 1194
f 1258 1259 1195
f 1195 1259 1260
f 1260 1261 1197
f 1197 1261 1262
f 1198 1262 1263
f 1263 1264 1200
f 1264 1265 1201
f 1265 1266 1202
f 1266 1267 1203
f 1203 1267 1268
f 1204 1268 1269
f 1205 1269 1270
f 1270 1271 1207
f 1271 1272 1208
f 1208 1272 1273
f 1209 1273 1274
f 1274 1275 1211
f 1275 1276 1212
f 1212 1276 1277
f 1277 1278 1214
f 1278 1279 1215
f 1215 1279 1280
f 1280 1217 1153
f 1281 1282 1218
f 1282 1283 1219
f 1219 1283 1284
f 1284 1285 1221
f 1285 1286 1222
f 1222 1286 1287
f 1287 1288 1224
f 1224 1288 1289
f 1289 1290 1226
f 1226 1290 1291
f 1227 1291 1292
f 1228 1292 1293
f 1229 1293 1294
f 1230 1294 1295
f 1295 1296 1232
f 1232 1296 1297
f 1233 1297 1298
f 1298 1299 1235
f 1299 1300 1236
f 1300 1301 1237
f 1237 1301 1302
f 1238 1302 1303
f 1303 1304 1240
f 1304 1305 1241
f 1305 1306 1242
f 1242 1306 1307
f 1243 1307 1308
f 1244 1308 1309
f 1309 1310 1246
f 1246 1310 1311
f 1247 1311 1312
f 1312 1313 1249
f 1249 1313 1314
f 1314 1315 1251
f 1315 1316 1252
f 1252 1316 1317
f 1317 1318 1254
f 1318 1319 1255
f 1319 1320 1256
f 1320 1321 1257
f 1321 1322 1258
f 1258 1322 1323
f 1323 1324 1260
f 1324 1325 1261
f 1261 1325 1326
f 1262 1326 1327
f 1263 1327 1328
f 1328 1329 1265
f 1329 1330 1266
f 1330 1331 1267
f 1331 1332 1268
f 1332 1333 1269
f 1333 1334 1270
f 1334 1335 1271
f 1335 1336 1272
f 1272 1336 1337
f 1337 1338 1274
f 1338 1339 1275
f 1339 1340 1276
f 1276 1340 1341
f 1277 1341 1342
f 1342 1343 1279
f 1343 1344 1280
f 1344 1281 1217
f 1345 1346 1282
f 1346 1347 1283
f 1283 1347 1348
f 1348 1349 1285
f 1349 1350 1286
f 1350 1351 1287
f 1287 1351 1352
f 1352 1353 1289
f 1353 1354 1290
f 1290 1354 1355
f 1291 1355 1356
f 1356 1357 1293
f 1293 1357 1358
f 1358 1359 1295
f 1295 1359 1360
f 1360 1361 1297
f 1361 1362 1298
f 1298 1362 1363
f 1363 1364 1300
f 1364 1365 1301
f 1365 1366 1302
f 1366 1367 1303
f 1367 1368 1304
f 1304 1368 1369
f 1305 1369 1370
f 1370 1371 1307
f 1307 1371 1372
f 1372 1373 1309
f 1373 1374 1310
f 1374 1375 1311
f 1375 1376 1312
f 1376 1377 1313
f 1377 1378 1314
f 1378 1379 1315
f 1379 1380 1316
f 1316 1380 1381
f 1381 1382 1318
f 1382 1383 1319
f 1319 1383 1384
f 1384 1385 1321
f 1385 1386 1322
f 1322 1386 1387
f 1323 1387 1388
f 1388 1389 1325
f 1325 1389 1390
f 1326 1390 1391
f 1391 1392 1328
f 1328 1392 1393
f 1329 1393 1394
f 1394 1395 1331
f 1395 1396 1332
f 1396 1397 1333
f 1333 1397 1398
f 1398 1399 1335
f 1399 1400 1336
f 1336 1400 1401
f 1337 1401 1402
f 1402 1403 1339
f 1403 1404 1340
f 1340 1404 1405
f 1341 1405 1406
f 1406 1407 1343
f 1343 1407 1408
f 1344 1408 1345
f 1409 1410 1346
f 1410 1411 1347
f 1347 1411 1412
f 1412 1413 1349
f 1349 1413 1414
f 1350 1414 1415
f 1351 1415 1416
f 1416 1417 1353
f 1417 1418 1354
f 1418 1419 1355
f 1419 1420 1356
f 1420 1421 1357
f 1421 1422 1358
f 1422 1423 1359
f 1359 1423 1424
f 1424 1425 1361
f 1425 1426 1362
f 1426 1427 1363
f 1427 1428 1364
f 1428 1429 1365
f 1365 1429 1430
f 1430 1431 1367
f 1431 1432 1368
f 1432 1433 1369
f 1433 1434 1370
f 1434 1435 1371
f 1371 1435 1436
f 1372 1436 1437
f 1437 1438 1374
f 1374 1438 1439
f 1439 1440 1376
f 1440 1441 1377
f 1377 1441 1442
f 1378 1442 1443
f 1443 1444 1380
f 1380 1444 1445
f 1445 1446 1382
f 1446 1447 1383
f 1383 1447 1448
f 1384 1448 1449
f 1385 1449 1450
f 1386 1450 1451
f 1387 1451 1452
f 1452 1453 1389
f 1453 1454 1390
f 1454 1455 1391
f 1391 1455 1456
f 1392 1456 1457
f 1393 1457 1458
f 1458 1459 1395
f 1395 1459 1460
f 1460 1461 1397
f 1397 1461 1462
f 1462 1463 1399
f 1399 1463 1464
f 1464 1465 1401
f 1401 1465 1466
f 1466 1467 1403
f 1467 1468 1404
f 1468 1469 1405
f 1469 1470 1406
f 1470 1471 1407
f 1407 1471 1472
f 1472 1409 1345
f 1473 1474 1410
f 1410 1474 1475
f 1475 1476 1412
f 1412 1476 1477
f 1413 1477 1478
f 1414 1478 1479
f 1479 1480 1416
f 1416 1480 1481
f 1481 1482 1418
f 1418 1482 1483
f 1483 1484 1420
f 1484 1485 1421
f 1485 1486 1422
f 1486 1487 1423
f 1487 1488 1424
f 1488 1489 1425
f 1489 1490 1426
f 1490 1491 1427
f 1427 1491 1492
f 1428 1492 1493
f 1493 1494 1430
f 1430 1494 1495
f 1431 1495 1496
f 1432 1496 1497
f 1497 1498 1434
f 1434 1498 1499
f 1435 1499 1500
f 1500 1501 1437
f 1501 1502 1438
f 1502 1503 1439
f 1503 1504 1440
f 1504 1505 1441
f 1505 1506 1442
f 1506 1507 1443
f 1507 1508 1444
f 1444 1508 1509
f 1445 1509 1510
f 1446 1510 1511
f 1511 1512 1448
f 1448 1512 1513
f 1513 1514 1450
f 1514 1515 1451
f 1515 1516 1452
f 1452 1516 1517
f 1517 1518 1454
f 1518 1519 1455
f 1519 1520 1456
f 1456 1520 1521
f 1521 1522 1458
f 1458 1522 1523
f 1523 1524 1460
f 1460 1524 1525
f 1525 1526 1462
f 1526 1527 1463
f 1527 1528 1464
f 1528 1529 1465
f 1529 1530 1466
f 1466 1530 1531
f 1531 1532 1468
f 1532 1533 1469
f 1533 1534 1470
f 1534 1535 1471
f 1535 1536 1472
f 1536 1473 1409
f 1537 1538 1474
f 1474 1538 1539
f 1539 1540 1476
f 1540 1541 1477
f 1477 1541 1542
f 1478 1542 1543
f 1479 1543 1544
f 1480 1544 1545
f 1481 1545 1546
f 1546 1547 1483
f 1547 1548 1484
f 1548 1549 1485
f 1485 1549 1550
f 1550 1551 1487
f 1487 1551 1552
f 1488 1552 1553
f 1489 1553 1554
f 1554 1555 1491
f 1555 1556 1492
f 1556 1557 1493
f 1557 1558 1494
f 1494 1558 1559
f 1559 1560 1496
f 1560 1561 1497
f 1497 1561 1562
f 1562 1563 1499
f 1499 1563 1564
f 1564 1565 1501
f 1501 1565 1566
f 1566 1567 1503
f 1567 1568 1504
f 1568 1569 1505
f 1569 1570 1506
f 1506 1570 1571
f 1571 1572 1508
f 1572 1573 1509
f 1509 1573 1574
f 1574 1575 1511
f 1575 1576 1512
f 1576 1577 1513
f 1577 1578 1514
f 1578 1579 1515
f 1579 1580 1516
f 1580 1581 1517
f 1581 1582 1518
f 1518 1582 1583
f 1519 1583 1584
f 1584 1585 1521
f 1585 1586 1522
f 1586 1587 1523
f 1587 1588 1524
f 1588 1589 1525
f 1589 1590 1526
f 1526 1590 1591
f 1527 1591 1592
f 1592 1593 1529
f 1593 1594 1530
f 1594 1595 1531
f 1595 1596 1532
f 1596 1597 1533
f 1533 1597 1598
f 1534 1598 1599
f 1599 1600 1536
f 1536 1600 1537
f 1537 1601 1602
f 1538 1602 1603
f 1603 1604 1540
f 1604 1605 1541
f 1541 1605 1606
f 1606 1607 1543
f 1543 1607 1608
f 1608 1609 1545
f 1609 1610 1546
f 1610 1611 1547
f 1547 1611 1612
f 1548 1612 1613
f 1613 1614 1550
f 1550 1614 1615
f 1615 1616 1552
f 1616 1617 1553
f 1617 1618 1554
f 1618 1619 1555
f 1555 1619 1620
f 1556 1620 1621
f 1621 1622 1558
f 1558 1622 1623
f 1623 1624 1560
f 1624 1625 1561
f 1561 1625 1626
f 1626 1627 1563
f 1627 1628 1564
f 1628 1629 1565
f 1629 1630 1566
f 1566 1630 1631
f 1631 1632 1568
f 1632 1633 1569
f 1633 1634 1570
f 1634 1635 1571
f 1635 1636 1572
f 1636 1637 1573
f 1637 1638 1574
f 1574 1638 1639
f 1575 1639 1640
f 1640 1641 1577
f 1641 1642 1578
f 1578 1642 1643
f 1643 1644 1580
f 1644 1645 1581
f 1645 1646 1582
f 1646 1647 1583
f 1583 1647 1648
f 1648 1649 1585
f 1649 1650 1586
f 1586 1650 1651
f 1651 1652 1588
f 1652 1653 1589
f 1653 1654 1590
f 1654 1655 1591
f 1655 1656 1592
f 1592 1656 1657
f 1657 1658 1594
f 1658 1659 1595
f 1595 1659 1660
f 1660 1661 1597
f 1597 1661 1662
f 1598 1662 1663
f 1663 1664 1600
f 1664 1601 1537
f 1665 1666 1602
f 1666 1667 1603
f 1603 1667 1668
f 1668 1669 1605
f 1669 1670 1606
f 1606 1670 1671
f 1671 1672 1608
f 1672 1673 1609
f 1673 1674 1610
f 1674 1675 1611
f 1675 1676 1612
f 1676 1677 1613
f 1677 1678 1614
f 1678 1679 1615
f 1679 1680 1616
f 1616 1680 1681
f 1681 1682 1618
f 1682 1683 1619
f 1683 1684 1620
f 1684 1685 1621
f 1685 1686 1622
f 1686 1687 1623
f 1687 1688 1624
f 1688 1689 1625
f 1689 1690 1626
f 1626 1690 1691
f 1691 1692 1628
f 1692 1693 1629
f 1693 1694 1630
f 1694 1695 1631
f 1695 1696 1632
f 1696 1697 1633
f 1697 1698 1634
f 1698 1699 1635
f 1699 1700 1636
f 1700 1701 1637
f 1701 1702 1638
f 1638 1702 1703
f 1703 1704 1640
f 1640 1704 1705
f 1641 1705 1706
f 1642 1706 1707
f 1707 1708 1644
f 1708 1709 1645
f 1645 1709 1710
f 1646 1710 1711
f 1647 1711 1712
f 1648 1712 1713
f 1713 1714 1650
f 1714 1715 1651
f 1715 1716 1652
f 1652 1716 1717
f 1717 1718 1654
f 1654 1718 1719
f 1655 1719 1720
f 1720 1721 1657
f 1657 1721 1722
f 1658 1722 1723
f 1723 1724 1660
f 1724 1725 1661
f 1661 1725 1726
f 1726 1727 1663
f 1663 1727 1728
f 1728 1665 1601
f 1729 1730 1666
f 1730 1731 1667
f 1667 1731 1732
f 1732 1733 1669
f 1733 1734 1670
f 1670 1734 1735
f 1671 1735 1736
f 1672 1736 1737
f 1673 1737 1738
f 1674 1738 1739
f 1675 1739 1740
f 1676 1740 1741
f 1741 1742 1678
f 1678 1742 1743
f 1743 1744 1680
f 1744 1745 1681
f 1745 1746 1682
f 1682 1746 1747
f 1747 1748 1684
f 1684 1748 1749
f 1685 1749 1750
f 1750 1751 1687
f 1687 1751 1752
f 1688 1752 1753
f 1689 1753 1754
f 1690 1754 1755
f 1755 1756 1692
f 1692 1756 1757
f 1757 1758 1694
f 1758 1759 1695
f 1695 1759 1760
f 1760 1761 1697
f 1697 1761 1762
f 1762 1763 1699
f 1699 1763 1764
f 1764 1765 1701
f 1765 1766 1702
f 1766 1767 1703
f 1767 1768 1704
f 1768 1769 1705
f 1769 1770 1706
f 1770 1771 1707
f 1771 1772 1708
f 1772 1773 1709
f 1773 1774 1710
f 1710 1774 1775
f 1775 1776 1712
f 1776 1777 1713
f 1777 1778 1714
f 1714 1778 1779
f 1779 1780 1716
f 1716 1780 1781
f 1781 1782 1718
f 1782 1783 1719
f 1783 1784 1720
f 1784 1785 1721
f 1785 1786 1722
f 1786 1787 1723
f 1787 1788 1724
f 1724 1788 1789
f 1725 1789 1790
f 1790 1791 1727
f 1727 1791 1792
f 1728 1792 1729
f 1793 1794 1730
f 1730 1794 1795
f 1795 1796 1732
f 1796 1797 1733
f 1797 1798 1734
f 1798 1799 1735
f 1799 1800 1736
f 1800 1801 1737
f 1801 1802 1738
f 1802 1803 1739
f 1803 1804 1740
f 1804 1805 1741
f 1805 1806 1742
f 1742 1806 1807
f 1743 1807 1808
f 1744 1808 1809
f 1809 1810 1746
f 1746 1810 1811
f 1747 1811 1812
f 1748 1812 1813
f 1813 1814 1750
f 1814 1815 1751
f 1815 1816 1752
f 1816 1817 1753
f 1753 1817 1818
f 1818 1819 1755
f 1819 1820 1756
f 1820 1821 1757
f 1757 1821 1822
f 1822 1823 1759
f 1823 1824 1760
f 1824 1825 1761
f 1761 1825 1826
f 1826 1827 1763
f 1827 1828 1764
f 1828 1829 1765
f 1765 1829 1830
f 1766 1830 1831
f 1831 1832 1768
f 1832 1833 1769
f 1769 1833 1834
f 1770 1834 1835
f 1771 1835 1836
f 1772 1836 1837
f 1837 1838 1774
f 1774 1838 1839
f 1839 1840 1776
f 1776 1840 1841
f 1777 1841 1842
f 1842 1843 1779
f 1843 1844 1780
f 1780 1844 1845
f 1845 1846 1782
f 1782 1846 1847
f 1783 1847 1848
f 1784 1848 1849
f 1785 1849 1850
f 1786 1850 1851
f 1787 1851 1852
f 1788 1852 1853
f 1789 1853 1854
f 1790 1854 1855
f 1855 1856 1792
f 1856 1793 1729
f 1793 1857 1858
f 1858 1859 1795
f 1795 1859 1860
f 1860 1861 1797
f 1797 1861 1862
f 1862 1863 1799
f 1863 1864 1800
f 1800 1864 1865
f 1801 1865 1866
f 1866 1867 1803
f 1867 1868 1804
f 1804 1868 1869
f 1869 1870 1806
f 1870 1871 1807
f 1807 1871 1872
f 1872 1873 1809
f 1873 1874 1810
f 1810 1874 1875
f 1811 1875 1876
f 1876 1877 1813
f 1813 1877 1878
f 1878 1879 1815
f 1879 1880 1816
f 1816 1880 1881
f 1881 1882 1818
f 1818 1882 1883
f 1883 1884 1820
f 1884 1885 1821
f 1885 1886 1822
f 1822 1886 1887
f 1887 1888 1824
f 1824 1888 1889
f 1889 1890 1826
f 1890 1891 1827
f 1891 1892 1828
f 1828 1892 1893
f 1893 1894 1830
f 1894 1895 1831
f 1831 1895 1896
f 1832 1896 1897
f 1897 1898 1834
f 1834 1898 1899
f 1899 1900 1836
f 1900 1901 1837
f 1837 1901 1902
f 1902 1903 1839
f 1903 1904 1840
f 1840 1904 1905
f 1841 1905 1906
f 1906 1907 1843
f 1907 1908 1844
f 1908 1909 1845
f 1909 1910 1846
f 1910 1911 1847
f 1847 1911 1912
f 1912 1913 1849
f 1913 1914 1850
f 1850 1914 1915
f 1851 1915 1916
f 1916 1917 1853
f 1917 1918 1854
f 1918 1919 1855
f 1855 1919 1920
f 1920 1857 1793
f 1921 1922 1858
f 1922 1923 1859
f 1923 1924 1860
f 1924 1925 1861
f 1861 1925 1926
f 1926 1927 1863
f 1927 1928 1864
f 1928 1929 1865
f 1929 1930 1866
f 1930 1931 1867
f 1931 1932 1868
f 1932 1933 1869
f 1933 1934 1870
f 1934 1935 1871
f 1935 1936 1872
f 1936 1937 1873
f 1937 1938 1874
f 1938 1939 1875
f 1939 1940 1876
f 1940 1941 1877
f 1941 1942 1878
f 1878 1942 1943
f 1879 1943 1944
f 1944 1945 1881
f 1881 1945 1946
f 1946 1947 1883
f 1947 1948 1884
f 1948 1949 1885
f 1949 1950 1886
f 1950 1951 1887
f 1887 1951 1952
f 1952 1953 1889
f 1953 1954 1890
f 1954 1955 1891
f 1891 1955 1956
f 1956 1957 1893
f 1893 1957 1958
f 1894 1958 1959
f 1895 1959 1960
f 1896 1960 1961
f 1897 1961 1962
f 1962 1963 1899
f 1963 1964 1900
f 1900 1964 1965
f 1901 1965 1966
f 1966 1967 1903
f 1967 1968 1904
f 1904 1968 1969
f 1905 1969 1970
f 1906 1970 1971
f 1907 1971 1972
f 1908 1972 1973
f 1909 1973 1974
f 1910 1974 1975
f 1911 1975 1976
f 1912 1976 1977
f 1913 1977 1978
f 1914 1978 1979
f 1979 1980 1916
f 1980 1981 1917
f 1981 1982 1918
f 1982 1983 1919
f 1983 1984 1920
f 1984 1921 1857
f 1985 1986 1922
f 1922 1986 1987
f 1987 1988 1924
f 1988 1989 1925
f 1989 1990 1926
f 1990 1991 1927
f 1927 1991 1992
f 1928 1992 1993
f 1993 1994 1930
f 1930 1994 1995
f 1931 1995 1996
f 1932 1996 1997
f 1997 1998 1934
f 1934 1998 1999
f 1935 1999 2000
f 1936 2000 2001
f 2001 2002 1938
f 1938 2002 2003
f 1939 2003 2004
f 2004 2005 1941
f 2005 2006 1942
f 1942 2006 2007
f 2007 2008 1944
f 1944 2008 2009
f 1945 2009 2010
f 2010 2011 1947
f 1947 2011 2012
f 1948 2012 2013
f 1949 2013 2014
f 2014 2015 1951
f 2015 2016 1952
f 2016 2017 1953
f 2017 2018 1954
f 2018 2019 1955
f 2019 2020 1956
f 2020 2021 1957
f 2021 2022 1958
f 2022 2023 1959
f 1959 2023 2024
f 2024 2025 1961
f 2025 2026 1962
f 2026 2027 1963
f 2027 2028 1964
f 1964 2028 2029
f 1965 2029 2030
f 2030 2031 1967
f 2031 2032 1968
f 2032 2033 1969
f 2033 2034 1970
f 2034 2035 1971
f 2035 2036 1972
f 2036 2037 1973
f 2037 2038 1974
f 2038 2039 1975
f 2039 2040 1976
f 2040 2041 1977
f 2041 2042 1978
f 2042 2043 1979
f 1979 2043 2044
f 2044 2045 1981
f 2045 2046 1982
f 2046 2047 1983
f 2047 2048 1984
f 1984 2048 1985
f 2049 2050 1986
f 2050 2051 1987
f 2051 2052 1988
f 2052 2053 1989
f 2053 2054 1990
f 2054 2055 1991
f 2055 2056 1992
f 1992 2056 2057
f 1993 2057 2058
f 2058 2059 1995
f 2059 2060 1996
f 2060 2061 1997
f 2061 2062 1998
f 2062 2063 1999
f 2063 2064 2000
f 2000 2064 2065
f 2065 2066 2002
f 2002 2066 2067
f 2067 2068 2004
f 2068 2069 2005
f 2069 2070 2006
f 2006 2070 2071
f 2007 2071 2072
f 2008 2072 2073
f 2009 2073 2074
f 2074 2075 2011
f 2075 2076 2012
f 2076 2077 2013
f 2077 2078 2014
f 2078 2079 2015
f 2015 2079 2080
f 2080 2081 2017
f 2081 2082 2018
f 2082 2083 2019
f 2083 2084 2020
f 2020 2084 2085
f 2085 2086 2022
f 2086 2087 2023
f 2087 2088 2024
f 2088 2089 2025
f 2089 2090 2026
f 2026 2090 2091
f 2091 2092 2028
f 2092 2093 2029
f 2029 2093 2094
f 2030 2094 2095
f 2095 2096 2032
f 2096 2097 2033
f 2097 2098 2034
f 2034 2098 2099
f 2035 2099 2100
f 2036 2100 2101
f 2037 2101 2102
f 2038 2102 2103
f 2039 2103 2104
f 2104 2105 2041
f 2105 2106 2042
f 2106 2107 2043
f 2107 2108 2044
f 2044 2108 2109
f 2045 2109 2110
f 2110 2111 2047
f 2047 2111 2112
f 2112 2049 1985
f 2049 2113 2114
f 2050 2114 2115
f 2115 2116 2052
f 2052 2116 2117
f 2053 2117 2118
f 2118 2119 2055
f 2055 2119 2120
f 2120 2121 2057
f 2121 2122 2058
f 2122 2123 2059
f 2059 2123 2124
f 2060 2124 2125
f 2061 2125 2126
f 2062 2126 2127
f 2063 2127 2128
f 2128 2129 2065
f 2129 2130 2066
f 2130 2131 2067
f 2067 2131 2132
f 2132 2133 2069
f 2133 2134 2070
f 2070 2134 2135
f 2135 2136 2072
f 2136 2137 2073
f 2137 2138 2074
f 2138 2139 2075
f 2139 2140 2076
f 2076 2140 2141
f 2077 2141 2142
f 2142 2143 2079
f 2143 2144 2080
f 2144 2145 2081
f 2145 2146 2082
f 2146 2147 2083
f 2147 2148 2084
f 2148 2149 2085
f 2149 2150 2086
f 2150 2151 2087
f 2151 2152 2088
f 2088 2152 2153
f 2089 2153 2154
f 2090 2154 2155
f 2155 2156 2092
f 2156 2157 2093
f 2093 2157 2158
f 2158 2159 2095
f 2095 2159 2160
f 2160 2161 2097
f 2097 2161 2162
f 2162 2163 2099
f 2163 2164 2100
f 2164 2165 2101
f 2165 2166 2102
f 2166 2167 2103
f 2167 2168 2104
f 2104 2168 2169
f 2105 2169 2170
f 2170 2171 2107
f 2171 2172 2108
f 2172 2173 2109
f 2173 2174 2110
f 2174 2175 2111
f 2175 2176 2112
f 2176 2113 2049
f 2177 2178 2114
f 2178 2179 2115
f 2179 2180 2116
f 2180 2181 2117
f 2117 2181 2182
f 2182 2183 2119
f 2183 2184 2120
f 2184 2185 2121
f 2185 2186 2122
f 2186 2187 2123
f 2187 2188 2124
f 2124 2188 2189
f 2189 2190 2126
f 2190 2191 2127
f 2191 2192 2128
f 2128 2192 2193
f 2129 2193 2194
f 2194 2195 2131
f 2195 2196 2132
f 2196 2197 2133
f 2197 2198 2134
f 2134 2198 2199
f 2135 2199 2200
f 2136 2200 2201
f 2137 2201 2202
f 2202 2203 2139
f 2203 2204 2140
f 2204 2205 2141
f 2205 2206 2142
f 2142 2206 2207
f 2207 2208 2144
f 2208 2209 2145
f 2209 2210 2146
f 2210 2211 2147
f 2211 2212 2148
f 2212 2213 2149
f 2213 2214 2150
f 2214 2215 2151
f 2215 2216 2152
f 2216 2217 2153
f 2217 2218 2154
f 2218 2219 2155
f 2219 2220 2156
f 2156 2220 2221
f 2157 2221 2222
f 2158 2222 2223
f 2223 2224 2160
f 2224 2225 2161
f 2225 2226 2162
f 2162 2226 2227
f 2163 2227 2228
f 2228 2229 2165
f 2229 2230 2166
f 2230 2231 2167
f 2231 2232 2168
f 2232 2233 2169
f 2233 2234 2170
f 2234 2235 2171
f 2235 2236 2172
f 2236 2237 2173
f 2237 2238 2174
f 2238 2239 2175
f 2175 2239 2240
f 2240 2177 2113
f 2177 2241 2242
f 2242 2243 2179
f 2243 2244 2180
f 2244 2245 2181
f 2245 2246 2182
f 2246 2247 2183
f 2247 2248 2184
f 2184 2248 2249
f 2249 2250 2186
f 2250 2251 2187
f 2251 2252 2188
f 2252 2253 2189
f 2253 2254 2190
f 2190 2254 2255
f 2255 2256 2192
f 2256 2257 2193
f 2257 2258 2194
f 2258 2259 2195
f 2259 2260 2196
f 2260 2261 2197
f 2261 2262 2198
f 2262 2263 2199
f 2263 2264 2200
f 2264 2265 2201
f 2265 2266 2202
f 2266 2267 2203
f 2267 2268 2204
f 2268 2269 2205
f 2269 2270 2206
f 2270 2271 2207
f 2271 2272 2208
f 2272 2273 2209
f 2209 2273 2274
f 2210 2274 2275
f 2211 2275 2276
f 2276 2277 2213
f 2213 2277 2278
f 2214 2278 2279
f 2279 2280 2216
f 2216 2280 2281
f 2217 2281 2282
f 2282 2283 2219
f 2219 2283 2284
f 2220 2284 2285
f 2221 2285 2286
f 2286 2287 2223
f 2223 2287 2288
f 2288 2289 2225
f 2225 2289 2290
f 2226 2290 2291
f 2291 2292 2228
f 2292 2293 2229
f 2293 2294 2230
f 2230 2294 2295
f 2231 2295 2296
f 2232 2296 2297
f 2297 2298 2234
f 2234 2298 2299
f 2235 2299 2300
f 2236 2300 2301
f 2301 2302 2238
f 2302 2303 2239
f 2303 2304 2240
f 2304 2241 2177
f 2241 2305 2306
f 2306 2307 2243
f 2307 2308 2244
f 2308 2309 2245
f 2309 2310 2246
f 2310 2311 2247
f 2311 2312 2248
f 2248 2312 2313
f 2313 2314 2250
f 2250 2314 2315
f 2315 2316 2252
f 2316 2317 2253
f 2253 2317 2318
f 2318 2319 2255
f 2319 2320 2256
f 2320 2321 2257
f 2321 2322 2258
f 2258 2322 2323
f 2323 2324 2260
f 2324 2325 2261
f 2325 2326 2262
f 2326 2327 2263
f 2263 2327 2328
f 2328 2329 2265
f 2329 2330 2266
f 2266 2330 2331
f 2331 2332 2268
f 2332 2333 2269
f 2333 2334 2270
f 2270 2334 2335
f 2335 2336 2272
f 2272 2336 2337
f 2337 2338 2274
f 2274 2338 2339
f 2339 2340 2276
f 2340 2341 2277
f 2277 2341 2342
f 2278 2342 2343
f 2343 2344 2280
f 2344 2345 2281
f 2281 2345 2346
f 2346 2347 2283
f 2283 2347 2348
f 2348 2349 2285
f 2285 2349 2350
f 2286 2350 2351
f 2351 2352 2288
f 2288 2352 2353
f 2289 2353 2354
f 2290 2354 2355
f 2355 2356 2292
f 2356 2357 2293
f 2293 2357 2358
f 2358 2359 2295
f 2359 2360 2296
f 2360 2361 2297
f 2361 2362 2298
f 2362 2363 2299
f 2299 2363 2364
f 2300 2364 2365
f 2301 2365 2366
f 2366 2367 2303
f 2303 2367 2368
f 2368 2305 2241
f 2369 2370 2306
f 2370 2371 2307
f 2307 2371 2372
f 2372 2373 2309
f 2309 2373 2374
f 2374 2375 2311
f 2375 2376 2312
f 2376 2377 2313
f 2313 2377 2378
f 2378 2379 2315
f 2379 2380 2316
f 2316 2380 2381
f 2381 2382 2318
f 2382 2383 2319
f 2319 2383 2384
f 2320 2384 2385
f 2385 2386 2322
f 2322 2386 2387
f 2323 2387 2388
f 2324 2388 2389
f 2325 2389 2390
f 2390 2391 2327
f 2391 2392 2328
f 2392 2393 2329
f 2393 2394 2330
f 2394 2395 2331
f 2331 2395 2396
f 2332 2396 2397
f 2397 2398 2334
f 2334 2398 2399
f 2399 2400 2336
f 2336 2400 2401
f 2401 2402 2338
f 2338 2402 2403
f 2403 2404 2340
f 2404 2405 2341
f 2405 2406 2342
f 2406 2407 2343
f 2407 2408 2344
f 2344 2408 2409
f 2345 2409 2410
f 2346 2410 2411
f 2411 2412 2348
f 2412 2413 2349
f 2413 2414 2350
f 2414 2415 2351
f 2415 2416 2352
f 2416 2417 2353
f 2417 2418 2354
f 2418 2419 2355
f 2355 2419 2420
f 2356 2420 2421
f 2421 2422 2358
f 2422 2423 2359
f 2359 2423 2424
f 2424 2425 2361
f 2425 2426 2362
f 2362 2426 2427
f 2363 2427 2428
f 2428 2429 2365
f 2365 2429 2430
f 2430 2431 2367
f 2367 2431 2432
f 2368 2432 2369
f 2369 2433 2434
f 2370 2434 2435
f 2371 2435 2436
f 2436 2437 2373
f 2373 2437 2438
f 2438 2439 2375
f 2375 2439 2440
f 2376 2440 2441
f 2377 2441 2442
f 2378 2442 2443
f 2379 2443 2444
f 2380 2444 2445
f 2381 2445 2446
f 2382 2446 2447
f 2383 2447 2448
f 2384 2448 2449
f 2385 2449 2450
f 2386 2450 2451
f 2387 2451 2452
f 2388 2452 2453
f 2389 2453 2454
f 2454 2455 2391
f 2391 2455 2456
f 2392 2456 2457
f 2393 2457 2458
f 2394 2458 2459
f 2395 2459 2460
f 2460 2461 2397
f 2397 2461 2462
f 2398 2462 2463
f 2399 2463 2464
f 2400 2464 2465
f 2465 2466 2402
f 2466 2467 2403
f 2467 2468 2404
f 2404 2468 2469
f 2405 2469 2470
f 2470 2471 2407
f 2471 2472 2408
f 2472 2473 2409
f 2473 2474 2410
f 2474 2475 2411
f 2411 2475 2476
f 2476 2477 2413
f 2477 2478 2414
f 2478 2479 2415
f 2479 2480 2416
f 2416 2480 2481
f 2481 2482 2418
f 2482 2483 2419
f 2483 2484 2420
f 2484 2485 2421
f 2485 2486 2422
f 2486 2487 2423
f 2487 2488 2424
f 2488 2489 2425
f 2489 2490 2426
f 2490 2491 2427
f 2427 2491 2492
f 2492 2493 2429
f 2429 2493 2494
f 2494 2495 2431
f 2495 2496 2432
f 2496 2433 2369
f 2497 2498 2434
f 2434 2498 2499
f 2499 2500 2436
f 2436 2500 2501
f 2501 2502 2438
f 2502 2503 2439
f 2503 2504 2440
f 2504 2505 2441
f 2505 2506 2442
f 2506 2507 2443
f 2507 2508 2444
f 2508 2509 2445
f 2509 2510 2446
f 2510 2511 2447
f 2511 2512 2448
f 2512 2513 2449
f 2513 2514 2450
f 2514 2515 2451
f 2515 2516 2452
f 2452 2516 2517
f 2517 2518 2454
f 2518 2519 2455
f 2519 2520 2456
f 2520 2521 2457
f 2521 2522 2458
f 2522 2523 2459
f 2523 2524 2460
f 2524 2525 2461
f 2525 2526 2462
f 2526 2527 2463
f 2527 2528 2464
f 2464 2528 2529
f 2529 2530 2466
f 2466 2530 2531
f 2531 2532 2468
f 2532 2533 2469
f 2469 2533 2534
f 2470 2534 2535
f 2471 2535 2536
f 2472 2536 2537
f 2473 2537 2538
f 2474 2538 2539
f 2475 2539 2540
f 2476 2540 2541
f 2541 2542 2478
f 2542 2543 2479
f 2479 2543 2544
f 2544 2545 2481
f 2481 2545 2546
f 2482 2546 2547
f 2483 2547 2548
f 2548 2549 2485
f 2485 2549 2550
f 2486 2550 2551
f 2487 2551 2552
f 2488 2552 2553
f 2553 2554 2490
f 2490 2554 2555
f 2555 2556 2492
f 2492 2556 2557
f 2557 2558 2494
f 2494 2558 2559
f 2559 2560 2496
f 2496 2560 2497
f 2561 2562 2498
f 2498 2562 2563
f 2563 2564 2500
f 2564 2565 2501
f 2501 2565 2566
f 2502 2566 2567
f 2503 2567 2568
f 2504 2568 2569
f 2505 2569 2570
f 2506 2570 2571
f 2571 2572 2508
f 2572 2573 2509
f 2509 2573 2574
f 2574 2575 2511
f 2511 2575 2576
f 2576 2577 2513
f 2577 2578 2514
f 2578 2579 2515
f 2515 2579 2580
f 2580 2581 2517
f 2517 2581 2582
f 2518 2582 2583
f 2519 2583 2584
f 2584 2585 2521
f 2521 2585 2586
f 2586 2587 2523
f 2587 2588 2524
f 2524 2588 2589
f 2589 2590 2526
f 2526 2590 2591
f 2591 2592 2528
f 2528 2592 2593
f 2593 2594 2530
f 2530 2594 2595
f 2595 2596 2532
f 2596 2597 2533
f 2597 2598 2534
f 2598 2599 2535
f 2599 2600 2536
f 2600 2601 2537
f 2601 2602 2538
f 2602 2603 2539
f 2603 2604 2540
f 2604 2605 2541
f 2541 2605 2606
f 2542 2606 2607
f 2607 2608 2544
f 2608 2609 2545
f 2545 2609 2610
f 2610 2611 2547
f 2611 2612 2548
f 2612 2613 2549
f 2549 2613 2614
f 2614 2615 2551
f 2615 2616 2552
f 2616 2617 2553
f 2617 2618 2554
f 2618 2619 2555
f 2619 2620 2556
f 2620 2621 2557
f 2557 2621 2622
f 2622 2623 2559
f 2623 2624 2560
f 2624 2561 2497
f 2625 2626 2562
f 2626 2627 2563
f 2563 2627 2628
f 2628 2629 2565
f 2629 2630 2566
f 2630 2631 2567
f 2631 2632 2568
f 2632 2633 2569
f 2633 2634 2570
f 2634 2635 2571
f 2571 2635 2636
f 2636 2637 2573
f 2573 2637 2638
f 2638 2639 2575
f 2639 2640 2576
f 2640 2641 2577
f 2641 2642 2578
f 2578 2642 2643
f 2643 2644 2580
f 2644 2645 2581
f 2645 2646 2582
f 2646 2647 2583
f 2583 2647 2648
f 2648 2649 2585
f 2649 2650 2586
f 2650 2651 2587
f 2651 2652 2588
f 2588 2652 2653
f 2589 2653 2654
f 2654 2655 2591
f 2655 2656 2592
f 2656 2657 2593
f 2593 2657 2658
f 2594 2658 2659
f 2659 2660 2596
f 2660 2661 2597
f 2661 2662 2598
f 2598 2662 2663
f 2663 2664 2600
f 2600 2664 2665
f 2665 2666 2602
f 2666 2667 2603
f 2603 2667 2668
f 2604 2668 2669
f 2605 2669 2670
f 2606 2670 2671
f 2671 2672 2608
f 2672 2673 2609
f 2609 2673 2674
f 2674 2675 2611
f 2611 2675 2676
f 2676 2677 2613
f 2677 2678 2614
f 2678 2679 2615
f 2679 2680 2616
f 2616 2680 2681
f 2617 2681 2682
f 2618 2682 2683
f 2619 2683 2684
f 2684 2685 2621
f 2621 2685 2686
f 2686 2687 2623
f 2623 2687 2688
f 2624 2688 2625
f 2625 2689 2690
f 2690 2691 2627
f 2627 2691 2692
f 2692 2693 2629
f 2693 2694 2630
f 2694 2695 2631
f 2631 2695 2696
f 2696 2697 2633
f 2697 2698 2634
f 2634 2698 2699
f 2635 2699 2700
f 2700 2701 2637
f 2637 2701 2702
f 2702 2703 2639
f 2703 2704 2640
f 2704 2705 2641
f 2705 2706 2642
f 2706 2707 2643
f 2707 2708 2644
f 2708 2709 2645
f 2645 2709 2710
f 2710 2711 2647
f 2711 2712 2648
f 2648 2712 2713
f 2713 2714 2650
f 2714 2715 2651
f 2715 2716 2652
f 2716 2717 2653
f 2717 2718 2654
f 2654 2718 2719
f 2719 2720 2656
f 2656 2720 2721
f 2721 2722 2658
f 2658 2722 2723
f 2723 2724 2660
f 2660 2724 2725
f 2725 2726 2662
f 2662 2726 2727
f 2663 2727 2728
f 2728 2729 2665
f 2665 2729 2730
f 2666 2730 2731
f 2731 2732 2668
f 2732 2733 2669
f 2669 2733 2734
f 2670 2734 2735
f 2671 2735 2736
f 2672 2736 2737
f 2673 2737 2738
f 2738 2739 2675
f 2675 2739 2740
f 2740 2741 2677
f 2677 2741 2742
f 2742 2743 2679
f 2743 2744 2680
f 2680 2744 2745
f 2681 2745 2746
f 2746 2747 2683
f 2683 2747 2748
f 2684 2748 2749
f 2749 2750 2686
f 2750 2751 2687
f 2751 2752 2688
f 2752 2689 2625
f 2689 2753 2754
f 2754 2755 2691
f 2755 2756 2692
f 2756 2757 2693
f 2757 2758 2694
f 2758 2759 2695
f 2695 2759 2760
f 2696 2760 2761
f 2761 2762 2698
f 2762 2763 2699
f 2699 2763 2764
f 2700 2764 2765
f 2701 2765 2766
f 2766 2767 2703
f 2767 2768 2704
f 2704 2768 2769
f 2705 2769 2770
f 2770 2771 2707
f 2771 2772 2708
f 2708 2772 2773
f 2709 2773 2774
f 2710 2774 2775
f 2775 2776 2712
f 2712 2776 2777
f 2777 2778 2714
f 2778 2779 2715
f 2779 2780 2716
f 2716 2780 2781
f 2781 2782 2718
f 2718 2782 2783
f 2783 2784 2720
f 2784 2785 2721
f 2785 2786 2722
f 2722 2786 2787
f 2787 2788 2724
f 2724 2788 2789
f 2789 2790 2726
f 2790 2791 2727
f 2791 2792 2728
f 2728 2792 2793
f 2793 2794 2730
f 2730 2794 2795
f 2795 2796 2732
f 2796 2797 2733
f 2797 2798 2734
f 2734 2798 2799
f 2735 2799 2800
f 2800 2801 2737
f 2801 2802 2738
f 2738 2802 2803
f 2803 2804 2740
f 2804 2805 2741
f 2805 2806 2742
f 2806 2807 2743
f 2743 2807 2808
f 2808 2809 2745
f 2809 2810 2746
f 2810 2811 2747
f 2811 2812 2748
f 2812 2813 2749
f 2813 2814 2750
f 2814 2815 2751
f 2751 2815 2816
f 2816 2753 2689
f 2753 2817 2818
f 2818 2819 2755
f 2755 2819 2820
f 2820 2821 2757
f 2821 2822 2758
f 2822 2823 2759
f 2823 2824 2760
f 2824 2825 2761
f 2825 2826 2762
f 2762 2826 2827
f 2827 2828 2764
f 2828 2829 2765
f 2829 2830 2766
f 2766 2830 2831
f 2767 2831 2832
f 2768 2832 2833
f 2769 2833 2834
f 2770 2834 2835
f 2771 2835 2836
f 2836 2837 2773
f 2773 2837 2838
f 2838 2839 2775
f 2839 2840 2776
f 2840 2841 2777
f 2777 2841 2842
f 2842 2843 2779
f 2779 2843 2844
f 2844 2845 2781
f 2845 2846 2782
f 2846 2847 2783
f 2847 2848 2784
f 2784 2848 2849
f 2849 2850 2786
f 2786 2850 2851
f 2787 2851 2852
f 2852 2853 2789
f 2789 2853 2854
f 2854 2855 2791
f 2791 2855 2856
f 2856 2857 2793
f 2857 2858 2794
f 2794 2858 2859
f 2795 2859 2860
f 2860 2861 2797
f 2797 2861 2862
f 2862 2863 2799
f 2863 2864 2800
f 2864 2865 2801
f 2865 2866 2802
f 2866 2867 2803
f 2867 2868 2804
f 2804 2868 2869
f 2869 2870 2806
f 2806 2870 2871
f 2871 2872 2808
f 2808 2872 2873
f 2873 2874 2810
f 2874 2875 2811
f 2875 2876 2812
f 2812 2876 2877
f 2813 2877 2878
f 2878 2879 2815
f 2815 2879 2880
f 2880 2817 2753
f 2817 2881 2882
f 2882 2883 2819
f 2819 2883 2884
f 2820 2884 2885
f 2885 2886 2822
f 2822 2886 2887
f 2823 2887 2888
f 2888 2889 2825
f 2825 2889 2890
f 2890 2891 2827
f 2827 2891 2892
f 2828 2892 2893
f 2829 2893 2894
f 2830 2894 2895
f 2831 2895 2896
f 2832 2896 2897
f 2833 2897 2898
f 2834 2898 2899
f 2835 2899 2900
f 2836 2900 2901
f 2837 2901 2902
f 2902 2903 2839
f 2839 2903 2904
f 2840 2904 2905
f 2905 2906 2842
f 2906 2907 2843
f 2843 2907 2908
f 2844 2908 2909
f 2909 2910 2846
f 2910 2911 2847
f 2911 2912 2848
f 2848 2912 2913
f 2913 2914 2850
f 2850 2914 2915
f 2915 2916 2852
f 2852 2916 2917
f 2917 2918 2854
f 2918 2919 2855
f 2919 2920 2856
f 2856 2920 2921
f 2921 2922 2858
f 2922 2923 2859
f 2923 2924 2860
f 2924 2925 2861
f 2925 2926 2862
f 2926 2927 2863
f 2927 2928 2864
f 2928 2929 2865
f 2929 2930 2866
f 2930 2931 2867
f 2931 2932 2868
f 2932 2933 2869
f 2933 2934 2870
f 2934 2935 2871
f 2871 2935 2936
f 2936 2937 2873
f 2937 2938 2874
f 2938 2939 2875
f 2939 2940 2876
f 2940 2941 2877
f 2941 2942 2878
f 2942 2943 2879
f 2879 2943 2944
f 2944 2881 2817
f 2945 2946 2882
f 2882 2946 2947
f 2947 2948 2884
f 2884 2948 2949
f 2885 2949 2950
f 2886 2950 2951
f 2887 2951 2952
f 2952 2953 2889
f 2889 2953 2954
f 2890 2954 2955
f 2955 2956 2892
f 2956 2957 2893
f 2957 2958 2894
f 2958 2959 2895
f 2895 2959 2960
f 2960 2961 2897
f 2897 2961 2962
f 2898 2962 2963
f 2963 2964 2900
f 2964 2965 2901
f 2965 2966 2902
f 2902 2966 2967
f 2903 2967 2968
f 2968 2969 2905
f 2905 2969 2970
f 2906 2970 2971
f 2971 2972 2908
f 2908 2972 2973
f 2973 2974 2910
f 2974 2975 2911
f 2975 2976 2912
f 2912 2976 2977
f 2977 2978 2914
f 2978 2979 2915
f 2979 2980 2916
f 2980 2981 2917
f 2981 2982 2918
f 2982 2983 2919
f 2983 2984 2920
f 2984 2985 2921
f 2921 2985 2986
f 2986 2987 2923
f 2987 2988 2924
f 2924 2988 2989
f 2989 2990 2926
f 2926 2990 2991
f 2991 2992 2928
f 2992 2993 2929
f 2993 2994 2930
f 2994 2995 2931
f 2931 2995 2996
f 2996 2997 2933
f 2933 2997 2998
f 2934 2998 2999
f 2999 3000 2936
f 3000 3001 2937
f 3001 3002 2938
f 3002 3003 2939
f 2939 3003 3004
f 3004 3005 2941
f 3005 3006 2942
f 3006 3007 2943
f 3007 3008 2944
f 3008 2945 2881
f 2945 3009 3010
f 2946 3010 3011
f 2947 3011 3012
f 3012 3013 2949
f 3013 3014 2950
f 3014 3015 2951
f 3015 3016 2952
f 3016 3017 2953
f 2953 3017 3018
f 2954 3018 3019
f 3019 3020 2956
f 3020 3021 2957
f 2957 3021 3022
f 3022 3023 2959
f 3023 3024 2960
f 3024 3025 2961
f 3025 3026 2962
f 3026 3027 2963
f 3027 3028 2964
f 3028 3029 2965
f 2965 3029 3030
f 2966 3030 3031
f 3031 3032 2968
f 3032 3033 2969
f 3033 3034 2970
f 2970 3034 3035
f 2971 3035 3036
f 3036 3037 2973
f 3037 3038 2974
f 3038 3039 2975
f 3039 3040 2976
f 3040 3041 2977
f 3041 3042 2978
f 3042 3043 2979
f 3043 3044 2980
f 2980 3044 3045
f 3045 3046 2982
f 3046 3047 2983
f 3047 3048 2984
f 2984 3048 3049
f 3049 3050 2986
f 2986 3050 3051
f 3051 3052 2988
f 3052 3053 2989
f 2989 3053 3054
f 2990 3054 3055
f 2991 3055 3056
f 3056 3057 2993
f 2993 3057 3058
f 3058 3059 2995
f 3059 3060 2996
f 3060 3061 2997
f 2997 3061 3062
f 2998 3062 3063
f 3063 3064 3000
f 3064 3065 3001
f 3001 3065 3066
f 3002 3066 3067
f 3003 3067 3068
f 3004 3068 3069
f 3069 3070 3006
f 3070 3071 3007
f 3071 3072 3008
f 3072 3009 2945
f 3009 3073 3074
f 3010 3074 3075
f 3075 3076 3012
f 3012 3076 3077
f 3077 3078 3014
f 3078 3079 3015
f 3079 3080 3016
f 3080 3081 3017
f 3081 3082 3018
f 3082 3083 3019
f 3083 3084 3020
f 3020 3084 3085
f 3021 3085 3086
f 3086 3087 3023
f 3087 3088 3024
f 3024 3088 3089
f 3025 3089 3090
f 3090 3091 3027
f 3027 3091 3092
f 3028 3092 3093
f 3093 3094 3030
f 3094 3095 3031
f 3095 3096 3032
f 3032 3096 3097
f 3097 3098 3034
f 3034 3098 3099
f 3099 3100 3036
f 3100 3101 3037
f 3101 3102 3038
f 3038 3102 3103
f 3103 3104 3040
f 3040 3104 3105
f 3105 3106 3042
f 3106 3107 3043
f 3107 3108 3044
f 3108 3109 3045
f 3109 3110 3046
f 3046 3110 3111
f 3111 3112 3048
f 3048 3112 3113
f 3049 3113 3114
f 3050 3114 3115
f 3051 3115 3116
f 3052 3116 3117
f 3117 3118 3054
f 3054 3118 3119
f 3055 3119 3120
f 3120 3121 3057
f 3121 3122 3058
f 3058 3122 3123
f 3059 3123 3124
f 3124 3125 3061
f 3125 3126 3062
f 3062 3126 3127
f 3063 3127 3128
f 3128 3129 3065
f 3065 3129 3130
f 3066 3130 3131
f 3067 3131 3132
f 3132 3133 3069
f 3133 3134 3070
f 3070 3134 3135
f 3135 3136 3072
f 3136 3073 3009
f 3073 3137 3138
f 3074 3138 3139
f 3075 3139 3140
f 3076 3140 3141
f 3077 3141 3142
f 3142 3143 3079
f 3143 3144 3080
f 3144 3145 3081
f 3145 3146 3082
f 3082 3146 3147
f 3083 3147 3148
f 3084 3148 3149
f 3149 3150 3086
f 3150 3151 3087
f 3151 3152 3088
f 3152 3153 3089
f 3153 3154 3090
f 3090 3154 3155
f 3155 3156 3092
f 3092 3156 3157
f 3157 3158 3094
f 3094 3158 3159
f 3159 3160 3096
f 3160 3161 3097
f 3097 3161 3162
f 3098 3162 3163
f 3163 3164 3100
f 3100 3164 3165
f 3101 3165 3166
f 3166 3167 3103
f 3167 3168 3104
f 3104 3168 3169
f 3169 3170 3106
f 3170 3171 3107
f 3107 3171 3172
f 3172 3173 3109
f 3173 3174 3110
f 3110 3174 3175
f 3175 3176 3112
f 3176 3177 3113
f 3177 3178 3114
f 3178 3179 3115
f 3179 3180 3116
f 3116 3180 3181
f 3181 3182 3118
f 3118 3182 3183
f 3183 3184 3120
f 3184 3185 3121
f 3185 3186 3122
f 3122 3186 3187
f 3123 3187 3188
f 3188 3189 3125
f 3189 3190 3126
f 3190 3191 3127
f 3191 3192 3128
f 3128 3192 3193
f 3129 3193 3194
f 3194 3195 3131
f 3131 3195 3196
f 3196 3197 3133
f 3197 3198 3134
f 3198 3199 3135
f 3199 3200 3136
f 3200 3137 3073
f 3201 3202 3138
f 3202 3203 3139
f 3203 3204 3140
f 3204 3205 3141
f 3141 3205 3206
f 3142 3206 3207
f 3143 3207 3208
f 3144 3208 3209
f 3145 3209 3210
f 3210 3211 3147
f 3147 3211 3212
f 3148 3212 3213
f 3213 3214 3150
f 3214 3215 3151
f 3215 3216 3152
f 3152 3216 3217
f 3217 3218 3154
f 3154 3218 3219
f 3155 3219 3220
f 3220 3221 3157
f 3221 3222 3158
f 3222 3223 3159
f 3159 3223 3224
f 3224 3225 3161
f 3161 3225 3226
f 3226 3227 3163
f 3227 3228 3164
f 3228 3229 3165
f 3165 3229 3230
f 3230 3231 3167
f 3231 3232 3168
f 3232 3233 3169
f 3233 3234 3170
f 3234 3235 3171
f 3235 3236 3172
f 3236 3237 3173
f 3237 3238 3174
f 3174 3238 3239
f 3175 3239 3240
f 3240 3241 3177
f 3241 3242 3178
f 3242 3243 3179
f 3179 3243 3244
f 3180 3244 3245
f 3181 3245 3246
f 3246 3247 3183
f 3247 3248 3184
f 3248 3249 3185
f 3249 3250 3186
f 3250 3251 3187
f 3251 3252 3188
f 3188 3252 3253
f 3253 3254 3190
f 3254 3255 3191
f 3191 3255 3256
f 3256 3257 3193
f 3257 3258 3194
f 3258 3259 3195
f 3259 3260 3196
f 3260 3261 3197
f 3261 3262 3198
f 3198 3262 3263
f 3199 3263 3264
f 3200 3264 3201
f 3265 3266 3202
f 3266 3267 3203
f 3267 3268 3204
f 3268 3269 3205
f 3269 3270 3206
f 3270 3271 3207
f 3207 3271 3272
f 3208 3272 3273
f 3273 3274 3210
f 3210 3274 3275
f 3275 3276 3212
f 3276 3277 3213
f 3277 3278 3214
f 3214 3278 3279
f 3279 3280 3216
f 3280 3281 3217
f 3281 3282 3218
f 3282 3283 3219
f 3219 3283 3284
f 3284 3285 3221
f 3221 3285 3286
f 3286 3287 3223
f 3287 3288 3224
f 3288 3289 3225
f 3289 3290 3226
f 3290 3291 3227
f 3291 3292 3228
f 3292 3293 3229
f 3293 3294 3230
f 3230 3294 3295
f 3295 3296 3232
f 3232 3296 3297
f 3297 3298 3234
f 3234 3298 3299
f 3299 3300 3236
f 3236 3300 3301
f 3237 3301 3302
f 3238 3302 3303
f 3303 3304 3240
f 3240 3304 3305
f 3241 3305 3306
f 3306 3307 3243
f 3243 3307 3308
f 3308 3309 3245
f 3245 3309 3310
f 3310 3311 3247
f 3247 3311 3312
f 3248 3312 3313
f 3249 3313 3314
f 3314 3315 3251
f 3315 3316 3252
f 3252 3316 3317
f 3253 3317 3318
f 3254 3318 3319
f 3319 3320 3256
f 3256 3320 3321
f 3321 3322 3258
f 3322 3323 3259
f 3259 3323 3324
f 3260 3324 3325
f 3261 3325 3326
f 3326 3327 3263
f 3263 3327 3328
f 3264 3328 3265
f 3329 3330 3266
f 3330 3331 3267
f 3267 3331 3332
f 3332 3333 3269
f 3269 3333 3334
f 3270 3334 3335
f 3335 3336 3272
f 3272 3336 3337
f 3337 3338 3274
f 3338 3339 3275
f 3275 3339 3340
f 3340 3341 3277
f 3341 3342 3278
f 3342 3343 3279
f 3279 3343 3344
f 3280 3344 3345
f 3345 3346 3282
f 3346 3347 3283
f 3283 3347 3348
f 3348 3349 3285
f 3285 3349 3350
f 3286 3350 3351
f 3287 3351 3352
f 3352 3353 3289
f 3289 3353 3354
f 3354 3355 3291
f 3355 3356 3292
f 3356 3357 3293
f 3357 3358 3294
f 3358 3359 3295
f 3295 3359 3360
f 3360 3361 3297
f 3361 3362 3298
f 3362 3363 3299
f 3363 3364 3300
f 3364 3365 3301
f 3365 3366 3302
f 3302 3366 3367
f 3367 3368 3304
f 3368 3369 3305
f 3305 3369 3370
f 3306 3370 3371
f 3371 3372 3308
f 3372 3373 3309
f 3373 3374 3310
f 3374 3375 3311
f 3311 3375 3376
f 3376 3377 3313
f 3377 3378 3314
f 3378 3379 3315
f 3379 3380 3316
f 3380 3381 3317
f 3317 3381 3382
f 3382 3383 3319
f 3383 3384 3320
f 3320 3384 3385
f 3385 3386 3322
f 3322 3386 3387
f 3387 3388 3324
f 3324 3388 3389
f 3325 3389 3390
f 3390 3391 3327
f 3327 3391 3392
f 3392 3329 3265
f 3393 3394 3330
f 3394 3395 3331
f 3395 3396 3332
f 3396 3397 3333
f 3333 3397 3398
f 3334 3398 3399
f 3399 3400 3336
f 3336 3400 3401
f 3337 3401 3402
f 3338 3402 3403
f 3403 3404 3340
f 3404 3405 3341
f 3341 3405 3406
f 3406 3407 3343
f 3343 3407 3408
f 3408 3409 3345
f 3409 3410 3346
f 3346 3410 3411
f 3411 3412 3348
f 3412 3413 3349
f 3349 3413 3414
f 3414 3415 3351
f 3415 3416 3352
f 3416 3417 3353
f 3353 3417 3418
f 3418 3419 3355
f 3419 3420 3356
f 3420 3421 3357
f 3421 3422 3358
f 3422 3423 3359
f 3359 3423 3424
f 3424 3425 3361
f 3425 3426 3362
f 3426 3427 3363
f 3427 3428 3364
f 3364 3428 3429
f 3429 3430 3366
f 3366 3430 3431
f 3431 3432 3368
f 3432 3433 3369
f 3369 3433 3434
f 3370 3434 3435
f 3371 3435 3436
f 3436 3437 3373
f 3373 3437 3438
f 3374 3438 3439
f 3439 3440 3376
f 3440 3441 3377
f 3377 3441 3442
f 3442 3443 3379
f 3443 3444 3380
f 3444 3445 3381
f 3381 3445 3446
f 3446 3447 3383
f 3447 3448 3384
f 3448 3449 3385
f 3449 3450 3386
f 3386 3450 3451
f 3451 3452 3388
f 3452 3453 3389
f 3389 3453 3454
f 3454 3455 3391
f 3455 3456 3392
f 3392 3456 3393
f 3393 3457 3458
f 3394 3458 3459
f 3395 3459 3460
f 3460 3461 3397
f 3461 3462 3398
f 3462 3463 3399
f 3463 3464 3400
f 3400 3464 3465
f 3465 3466 3402
f 3402 3466 3467
f 3467 3468 3404
f 3468 3469 3405
f 3405 3469 3470
f 3470 3471 3407
f 3471 3472 3408
f 3472 3473 3409
f 3409 3473 3474
f 3410 3474 3475
f 3411 3475 3476
f 3412 3476 3477
f 3413 3477 3478
f 3478 3479 3415
f 3415 3479 3480
f 3480 3481 3417
f 3417 3481 3482
f 3482 3483 3419
f 3419 3483 3484
f 3484 3485 3421
f 3421 3485 3486
f 3486 3487 3423
f 3487 3488 3424
f 3488 3489 3425
f 3489 3490 3426
f 3426 3490 3491
f 3427 3491 3492
f 3492 3493 3429
f 3493 3494 3430
f 3494 3495 3431
f 3431 3495 3496
f 3496 3497 3433
f 3433 3497 3498
f 3498 3499 3435
f 3435 3499 3500
f 3500 3501 3437
f 3501 3502 3438
f 3502 3503 3439
f 3503 3504 3440
f 3504 3505 3441
f 3505 3506 3442
f 3442 3506 3507
f 3507 3508 3444
f 3508 3509 3445
f 3445 3509 3510
f 3446 3510 3511
f 3511 3512 3448
f 3512 3513 3449
f 3513 3514 3450
f 3450 3514 3515
f 3451 3515 3516
f 3516 3517 3453
f 3517 3518 3454
f 3518 3519 3455
f 3519 3520 3456
f 3520 3457 3393
f 3521 3522 3458
f 3458 3522 3523
f 3459 3523 3524
f 3524 3525 3461
f 3461 3525 3526
f 3526 3527 3463
f 3527 3528 3464
f 3464 3528 3529
f 3529 3530 3466
f 3466 3530 3531
f 3531 3532 3468
f 3468 3532 3533
f 3533 3534 3470
f 3470 3534 3535
f 3471 3535 3536
f 3536 3537 3473
f 3473 3537 3538
f 3474 3538 3539
f 3539 3540 3476
f 3540 3541 3477
f 3541 3542 3478
f 3478 3542 3543
f 3479 3543 3544
f 3480 3544 3545
f 3545 3546 3482
f 3482 3546 3547
f 3547 3548 3484
f 3548 3549 3485
f 3549 3550 3486
f 3486 3550 3551
f 3487 3551 3552
f 3552 3553 3489
f 3489 3553 3554
f 3554 3555 3491
f 3555 3556 3492
f 3492 3556 3557
f 3493 3557 3558
f 3494 3558 3559
f 3559 3560 3496
f 3560 3561 3497
f 3561 3562 3498
f 3562 3563 3499
f 3563 3564 3500
f 3564 3565 3501
f 3501 3565 3566
f 3502 3566 3567
f 3567 3568 3504
f 3568 3569 3505
f 3505 3569 3570
f 3570 3571 3507
f 3571 3572 3508
f 3572 3573 3509
f 3573 3574 3510
f 3510 3574 3575
f 3575 3576 3512
f 3576 3577 3513
f 3577 3578 3514
f 3514 3578 3579
f 3515 3579 3580
f 3580 3581 3517
f 3517 3581 3582
f 3582 3583 3519
f 3583 3584 3520
f 3520 3584 3521
f 3585 3586 3522
f 3586 3587 3523
f 3523 3587 3588
f 3524 3588 3589
f 3525 3589 3590
f 3590 3591 3527
f 3591 3592 3528
f 3528 3592 3593
f 3593 3594 3530
f 3594 3595 3531
f 3595 3596 3532
f 3532 3596 3597
f 3597 3598 3534
f 3598 3599 3535
f 3599 3600 3536
f 3600 3601 3537
f 3601 3602 3538
f 3602 3603 3539
f 3603 3604 3540
f 3604 3605 3541
f 3605 3606 3542
f 3606 3607 3543
f 3607 3608 3544
f 3608 3609 3545
f 3609 3610 3546
f 3610 3611 3547
f 3611 3612 3548
f 3612 3613 3549
f 3613 3614 3550
f 3550 3614 3615
f 3551 3615 3616
f 3616 3617 3553
f 3553 3617 3618
f 3618 3619 3555
f 3619 3620 3556
f 3556 3620 3621
f 3557 3621 3622
f 3558 3622 3623
f 3623 3624 3560
f 3560 3624 3625
f 3625 3626 3562
f 3562 3626 3627
f 3627 3628 3564
f 3564 3628 3629
f 3565 3629 3630
f 3566 3630 3631
f 3631 3632 3568
f 3568 3632 3633
f 3633 3634 3570
f 3570 3634 3635
f 3635 3636 3572
f 3572 3636 3637
f 3637 3638 3574
f 3574 3638 3639
f 3639 3640 3576
f 3576 3640 3641
f 3641 3642 3578
f 3578 3642 3643
f 3579 3643 3644
f 3644 3645 3581
f 3645 3646 3582
f 3646 3647 3583
f 3583 3647 3648
f 3584 3648 3585
f 3585 3649 3650
f 3586 3650 3651
f 3587 3651 3652
f 3588 3652 3653
f 3653 3654 3590
f 3654 3655 3591
f 3655 3656 3592
f 3656 3657 3593
f 3593 3657 3658
f 3594 3658 3659
f 3595 3659 3660
f 3596 3660 3661
f 3661 3662 3598
f 3662 3663 3599
f 3599 3663 3664
f 3600 3664 3665
f 3601 3665 3666
f 3602 3666 3667
f 3603 3667 3668
f 3604 3668 3669
f 3605 3669 3670
f 3606 3670 3671
f 3671 3672 3608
f 3608 3672 3673
f 3609 3673 3674
f 3610 3674 3675
f 3675 3676 3612
f 3612 3676 3677
f 3677 3678 3614
f 3614 3678 3679
f 3679 3680 3616
f 3616 3680 3681
f 3681 3682 3618
f 3682 3683 3619
f 3683 3684 3620
f 3620 3684 3685
f 3621 3685 3686
f 3622 3686 3687
f 3687 3688 3624
f 3688 3689 3625
f 3689 3690 3626
f 3626 3690 3691
f 3691 3692 3628
f 3628 3692 3693
f 3693 3694 3630
f 3694 3695 3631
f 3695 3696 3632
f 3696 3697 3633
f 3697 3698 3634
f 3634 3698 3699
f 3635 3699 3700
f 3700 3701 3637
f 3701 3702 3638
f 3702 3703 3639
f 3703 3704 3640
f 3704 3705 3641
f 3705 3706 3642
f 3706 3707 3643
f 3707 3708 3644
f 3708 3709 3645
f 3709 3710 3646
f 3710 3711 3647
f 3711 3712 3648
f 3712 3649 3585
f 3649 3713 3714
f 3714 3715 3651
f 3651 3715 3716
f 3716 3717 3653
f 3653 3717 3718
f 3718 3719 3655
f 3655 3719 3720
f 3720 3721 3657
f 3721 3722 3658
f 3722 3723 3659
f 3723 3724 3660
f 3724 3725 3661
f 3725 3726 3662
f 3726 3727 3663
f 3727 3728 3664
f 3728 3729 3665
f 3729 3730 3666
f 3730 3731 3667
f 3731 3732 3668
f 3732 3733 3669
f 3733 3734 3670
f 3734 3735 3671
f 3735 3736 3672
f 3736 3737 3673
f 3737 3738 3674
f 3738 3739 3675
f 3739 3740 3676
f 3676 3740 3741
f 3741 3742 3678
f 3742 3743 3679
f 3679 3743 3744
f 3744 3745 3681
f 3681 3745 3746
f 3746 3747 3683
f 3683 3747 3748
f 3748 3749 3685
f 3749 3750 3686
f 3686 3750 3751
f 3751 3752 3688
f 3688 3752 3753
f 3689 3753 3754
f 3690 3754 3755
f 3691 3755 3756
f 3692 3756 3757
f 3693 3757 3758
f 3758 3759 3695
f 3695 3759 3760
f 3696 3760 3761
f 3761 3762 3698
f 3698 3762 3763
f 3763 3764 3700
f 3700 3764 3765
f 3765 3766 3702
f 3702 3766 3767
f 3703 3767 3768
f 3704 3768 3769
f 3705 3769 3770
f 3706 3770 3771
f 3707 3771 3772
f 3772 3773 3709
f 3709 3773 3774
f 3774 3775 3711
f 3775 3776 3712
f 3776 3713 3649
f 3713 3777 3778
f 3778 3779 3715
f 3779 3780 3716
f 3716 3780 3781
f 3717 3781 3782
f 3782 3783 3719
f 3783 3784 3720
f 3784 3785 3721
f 3785 3786 3722
f 3786 3787 3723
f 3787 3788 3724
f 3724 3788 3789
f 3789 3790 3726
f 3726 3790 3791
f 3791 3792 3728
f 3792 3793 3729
f 3729 3793 3794
f 3730 3794 3795
f 3731 3795 3796
f 3796 3797 3733
f 3797 3798 3734
f 3734 3798 3799
f 3799 3800 3736
f 3800 3801 3737
f 3737 3801 3802
f 3738 3802 3803
f 3803 3804 3740
f 3804 3805 3741
f 3741 3805 3806
f 3742 3806 3807
f 3807 3808 3744
f 3808 3809 3745
f 3745 3809 3810
f 3746 3810 3811
f 3811 3812 3748
f 3748 3812 3813
f 3813 3814 3750
f 3814 3815 3751
f 3815 3816 3752
f 3816 3817 3753
f 3753 3817 3818
f 3754 3818 3819
f 3819 3820 3756
f 3820 3821 3757
f 3757 3821 3822
f 3822 3823 3759
f 3823 3824 3760
f 3824 3825 3761
f 3761 3825 3826
f 3762 3826 3827
f 3827 3828 3764
f 3764 3828 3829
f 3829 3830 3766
f 3830 3831 3767
f 3767 3831 3832
f 3768 3832 3833
f 3769 3833 3834
f 3834 3835 3771
f 3771 3835 3836
f 3836 3837 3773
f 3837 3838 3774
f 3774 3838 3839
f 3775 3839 3840
f 3840 3777 3713
f 3777 3841 3842
f 3842 3843 3779
f 3779 3843 3844
f 3780 3844 3845
f 3781 3845 3846
f 3782 3846 3847
f 3847 3848 3784
f 3784 3848 3849
f 3785 3849 3850
f 3786 3850 3851
f 3787 3851 3852
f 3788 3852 3853
f 3789 3853 3854
f 3790 3854 3855
f 3791 3855 3856
f 3792 3856 3857
f 3793 3857 3858
f 3858 3859 3795
f 3795 3859 3860
f 3796 3860 3861
f 3861 3862 3798
f 3862 3863 3799
f 3799 3863 3864
f 3800 3864 3865
f 3801 3865 3866
f 3802 3866 3867
f 3803 3867 3868
f 3868 3869 3805
f 3805 3869 3870
f 3870 3871 3807
f 3807 3871 3872
f 3872 3873 3809
f 3873 3874 3810
f 3874 3875 3811
f 3875 3876 3812
f 3876 3877 3813
f 3813 3877 3878
f 3878 3879 3815
f 3879 3880 3816
f 3880 3881 3817
f 3881 3882 3818
f 3882 3883 3819
f 3819 3883 3884
f 3820 3884 3885
f 3885 3886 3822
f 3886 3887 3823
f 3887 3888 3824
f 3888 3889 3825
f 3889 3890 3826
f 3890 3891 3827
f 3891 3892 3828
f 3892 3893 3829
f 3893 3894 3830
f 3894 3895 3831
f 3895 3896 3832
f 3832 3896 3897
f 3897 3898 3834
f 3834 3898 3899
f 3899 3900 3836
f 3900 3901 3837
f 3901 3902 3838
f 3902 3903 3839
f 3839 3903 3904
f 3904 3841 3777
f 3841 3905 3906
f 3906 3907 3843
f 3843 3907 3908
f 3908 3909 3845
f 3909 3910 3846
f 3846 3910 3911
f 3847 3911 3912
f 3848 3912 3913
f 3913 3914 3850
f 3914 3915 3851
f 3915 3916 3852
f 3916 3917 3853
f 3917 3918 3854
f 3918 3919 3855
f 3919 3920 3856
f 3920 3921 3857
f 3921 3922 3858
f 3922 3923 3859
f 3923 3924 3860
f 3924 3925 3861
f 3925 3926 3862
f 3926 3927 3863
f 3927 3928 3864
f 3864 3928 3929
f 3929 3930 3866
f 3930 3931 3867
f 3931 3932 3868
f 3932 3933 3869
f 3869 3933 3934
f 3934 3935 3871
f 3935 3936 3872
f 3936 3937 3873
f 3937 3938 3874
f 3874 3938 3939
f 3875 3939 3940
f 3940 3941 3877
f 3877 3941 3942
f 3942 3943 3879
f 3879 3943 3944
f 3880 3944 3945
f 3945 3946 3882
f 3882 3946 3947
f 3883 3947 3948
f 3948 3949 3885
f 3885 3949 3950
f 3886 3950 3951
f 3887 3951 3952
f 3888 3952 3953
f 3889 3953 3954
f 3890 3954 3955
f 3955 3956 3892
f 3956 3957 3893
f 3893 3957 3958
f 3894 3958 3959
f 3895 3959 3960
f 3960 3961 3897
f 3961 3962 3898
f 3962 3963 3899
f 3963 3964 3900
f 3900 3964 3965
f 3965 3966 3902
f 3966 3967 3903
f 3903 3967 3968
f 3968 3905 3841
f 3905 3969 3970
f 3970 3971 3907
f 3971 3972 3908
f 3908 3972 3973
f 3909 3973 3974
f 3910 3974 3975
f 3911 3975 3976
f 3976 3977 3913
f 3977 3978 3914
f 3914 3978 3979
f 3915 3979 3980
f 3916 3980 3981
f 3981 3982 3918
f 3918 3982 3983
f 3983 3984 3920
f 3920 3984 3985
f 3921 3985 3986
f 3986 3987 3923
f 3923 3987 3988
f 3924 3988 3989
f 3925 3989 3990
f 3926 3990 3991
f 3927 3991 3992
f 3928 3992 3993
f 3929 3993 3994
f 3930 3994 3995
f 3995 3996 3932
f 3932 3996 3997
f 3933 3997 3998
f 3998 3999 3935
f 3999 4000 3936
f 3936 4000 4001
f 4001 4002 3938
f 4002 4003 3939
f 4003 4004 3940
f 4004 4005 3941
f 4005 4006 3942
f 3942 4006 4007
f 4007 4008 3944
f 4008 4009 3945
f 4009 4010 3946
f 4010 4011 3947
f 4011 4012 3948
f 4012 4013 3949
f 4013 4014 3950
f 4014 4015 3951
f 3951 4015 4016
f 4016 4017 3953
f 4017 4018 3954
f 4018 4019 3955
f 4019 4020 3956
f 3956 4020 4021
f 4021 4022 3958
f 4022 4023 3959
f 4023 4024 3960
f 4024 4025 3961
f 4025 4026 3962
f 4026 4027 3963
f 4027 4028 3964
f 4028 4029 3965
f 4029 4030 3966
f 4030 4031 3967
f 3967 4031 4032
f 4032 3969 3905
f 4033 4034 3970
f 4034 4035 3971
f 4035 4036 3972
f 4036 4037 3973
f 3973 4037 4038
f 3974 4038 4039
f 4039 4040 3976
f 3976 4040 4041
f 4041 4042 3978
f 4042 4043 3979
f 4043 4044 3980
f 3980 4044 4045
f 4045 4046 3982
f 4046 4047 3983
f 3983 4047 4048
f 4048 4049 3985
f 4049 4050 3986
f 4050 4051 3987
f 3987 4051 4052
f 4052 4053 3989
f 4053 4054 3990
f 4054 4055 3991
f 4055 4056 3992
f 4056 4057 3993
f 4057 4058 3994
f 4058 4059 3995
f 4059 4060 3996
f 3996 4060 4061
f 4061 4062 3998
f 4062 4063 3999
f 4063 4064 4000
f 4064 4065 4001
f 4065 4066 4002
f 4066 4067 4003
f 4003 4067 4068
f 4068 4069 4005
f 4069 4070 4006
f 4006 4070 4071
f 4007 4071 4072
f 4008 4072 4073
f 4009 4073 4074
f 4010 4074 4075
f 4011 4075 4076
f 4012 4076 4077
f 4013 4077 4078
f 4078 4079 4015
f 4015 4079 4080
f 4016 4080 4081
f 4017 4081 4082
f 4082 4083 4019
f 4019 4083 4084
f 4020 4084 4085
f 4085 4086 4022
f 4022 4086 4087
f 4023 4087 4088
f 4024 4088 4089
f 4089 4090 4026
f 4026 4090 4091
f 4091 4092 4028
f 4092 4093 4029
f 4093 4094 4030
f 4094 4095 4031
f 4095 4096 4032
f 4096 4033 3969
f 4097 4098 4034
f 4098 4099 4035
f 4035 4099 4100
f 4100 4101 4037
f 4101 4102 4038
f 4102 4103 4039
f 4103 4104 4040
f 4104 4105 4041
f 4041 4105 4106
f 4106 4107 4043
f 4107 4108 4044
f 4108 4109 4045
f 4109 4110 4046
f 4110 4111 4047
f 4047 4111 4112
f 4048 4112 4113
f 4113 4114 4050
f 4114 4115 4051
f 4115 4116 4052
f 4116 4117 4053
f 4117 4118 4054
f 4054 4118 4119
f 4055 4119 4120
f 4056 4120 4121
f 4057 4121 4122
f 4122 4123 4059
f 4123 4124 4060
f 4124 4125 4061
f 4125 4126 4062
f 4126 4127 4063
f 4063 4127 4128
f 4128 4129 4065
f 4129 4130 4066
f 4130 4131 4067
f 4131 4132 4068
f 4068 4132 4133
f 4069 4133 4134
f 4134 4135 4071
f 4135 4136 4072
f 4136 4137 4073
f 4137 4138 4074
f 4138 4139 4075
f 4139 4140 4076
f 4140 4141 4077
f 4141 4142 4078
f 4078 4142 4143
f 4079 4143 4144
f 4144 4145 4081
f 4145 4146 4082
f 4146 4147 4083
f 4147 4148 4084
f 4084 4148 4149
f 4085 4149 4150
f 4086 4150 4151
f 4087 4151 4152
f 4152 4153 4089
f 4153 4154 4090
f 4154 4155 4091
f 4155 4156 4092
f 4156 4157 4093
f 4157 4158 4094
f 4094 4158 4159
f 4159 4160 4096
f 4160 4097 4033
f 4161 4162 4098
f 4162 4163 4099
f 4163 4164 4100
f 4100 4164 4165
f 4165 4166 4102
f 4166 4167 4103
f 4103 4167 4168
f 4168 4169 4105
f 4169 4170 4106
f 4170 4171 4107
f 4107 4171 4172
f 4172 4173 4109
f 4109 4173 4174
f 4174 4175 4111
f 4175 4176 4112
f 4176 4177 4113
f 4177 4178 4114
f 4178 4179 4115
f 4179 4180 4116
f 4180 4181 4117
f 4181 4182 4118
f 4182 4183 4119
f 4183 4184 4120
f 4184 4185 4121
f 4185 4186 4122
f 4186 4187 4123
f 4187 4188 4124
f 4124 4188 4189
f 4125 4189 4190
f 4126 4190 4191
f 4191 4192 4128
f 4128 4192 4193
f 4193 4194 4130
f 4130 4194 4195
f 4195 4196 4132
f 4196 4197 4133
f 4197 4198 4134
f 4134 4198 4199
f 4135 4199 4200
f 4136 4200 4201
f 4137 4201 4202
f 4138 4202 4203
f 4203 4204 4140
f 4140 4204 4205
f 4141 4205 4206
f 4206 4207 4143
f 4143 4207 4208
f 4144 4208 4209
f 4145 4209 4210
f 4210 4211 4147
f 4147 4211 4212
f 4212 4213 4149
f 4213 4214 4150
f 4214 4215 4151
f 4151 4215 4216
f 4152 4216 4217
f 4153 4217 4218
f 4218 4219 4155
f 4219 4220 4156
f 4156 4220 4221
f 4221 4222 4158
f 4222 4223 4159
f 4223 4224 4160
f 4224 4161 4097
f 4225 4226 4162
f 4226 4227 4163
f 4163 4227 4228
f 4228 4229 4165
f 4229 4230 4166
f 4166 4230 4231
f 4167 4231 4232
f 4232 4233 4169
f 4169 4233 4234
f 4170 4234 4235
f 4171 4235 4236
f 4172 4236 4237
f 4173 4237 4238
f 4174 4238 4239
f 4175 4239 4240
f 4176 4240 4241
f 4177 4241 4242
f 4178 4242 4243
f 4179 4243 4244
f 4180 4244 4245
f 4181 4245 4246
f 4182 4246 4247
f 4183 4247 4248
f 4184 4248 4249
f 4185 4249 4250
f 4186 4250 4251
f 4187 4251 4252
f 4252 4253 4189
f 4189 4253 4254
f 4254 4255 4191
f 4255 4256 4192
f 4256 4257 4193
f 4257 4258 4194
f 4194 4258 4259
f 4259 4260 4196
f 4260 4261 4197
f 4261 4262 4198
f 4262 4263 4199
f 4263 4264 4200
f 4264 4265 4201
f 4265 4266 4202
f 4266 4267 4203
f 4267 4268 4204
f 4268 4269 4205
f 4269 4270 4206
f 4270 4271 4207
f 4271 4272 4208
f 4272 4273 4209
f 4273 4274 4210
f 4274 4275 4211
f 4275 4276 4212
f 4276 4277 4213
f 4277 4278 4214
f 4278 4279 4215
f 4279 4280 4216
f 4280 4281 4217
f 4217 4281 4282
f 4282 4283 4219
f 4283 4284 4220
f 4220 4284 4285
f 4285 4286 4222
f 4286 4287 4223
f 4287 4288 4224
f 4288 4225 4161
f 4289 4290 4226
f 4226 4290 4291
f 4291 4292 4228
f 4292 4293 4229
f 4293 4294 4230
f 4294 4295 4231
f 4295 4296 4232
f 4296 4297 4233
f 4297 4298 4234
f 4298 4299 4235
f 4299 4300 4236
f 4300 4301 4237
f 4301 4302 4238
f 4302 4303 4239
f 4303 4304 4240
f 4304 4305 4241
f 4305 4306 4242
f 4242 4306 4307
f 4307 4308 4244
f 4308 4309 4245
f 4309 4310 4246
f 4310 4311 4247
f 4311 4312 4248
f 4312 4313 4249
f 4313 4314 4250
f 4314 4315 4251
f 4251 4315 4316
f 4316 4317 4253
f 4317 4318 4254
f 4254 4318 4319
f 4319 4320 4256
f 4320 4321 4257
f 4257 4321 4322
f 4322 4323 4259
f 4323 4324 4260
f 4324 4325 4261
f 4261 4325 4326
f 4326 4327 4263
f 4263 4327 4328
f 4264 4328 4329
f 4265 4329 4330
f 4266 4330 4331
f 4267 4331 4332
f 4268 4332 4333
f 4269 4333 4334
f 4270 4334 4335
f 4335 4336 4272
f 4272 4336 4337
f 4273 4337 4338
f 4274 4338 4339
f 4275 4339 4340
f 4276 4340 4341
f 4277 4341 4342
f 4278 4342 4343
f 4279 4343 4344
f 4344 4345 4281
f 4345 4346 4282
f 4282 4346 4347
f 4283 4347 4348
f 4284 4348 4349
f 4285 4349 4350
f 4350 4351 4287
f 4351 4352 4288
f 4288 4352 4289
f 4353 4354 4290
f 4290 4354 4355
f 4355 4356 4292
f 4356 4357 4293
f 4293 4357 4358
f 4358 4359 4295
f 4359 4360 4296
f 4360 4361 4297
f 4297 4361 4362
f 4298 4362 4363
f 4299 4363 4364
f 4300 4364 4365
f 4365 4366 4302
f 4366 4367 4303
f 4303 4367 4368
f 4304 4368 4369
f 4305 4369 4370
f 4306 4370 4371
f 4307 4371 4372
f 4308 4372 4373
f 4309 4373 4374
f 4310 4374 4375
f 4311 4375 4376
f 4376 4377 4313
f 4313 4377 4378
f 4314 4378 4379
f 4379 4380 4316
f 4380 4381 4317
f 4381 4382 4318
f 4318 4382 4383
f 4383 4384 4320
f 4384 4385 4321
f 4385 4386 4322
f 4386 4387 4323
f 4387 4388 4324
f 4388 4389 4325
f 4389 4390 4326
f 4390 4391 4327
f 4391 4392 4328
f 4392 4393 4329
f 4329 4393 4394
f 4394 4395 4331
f 4395 4396 4332
f 4396 4397 4333
f 4397 4398 4334
f 4398 4399 4335
f 4399 4400 4336
f 4400 4401 4337
f 4401 4402 4338
f 4402 4403 4339
f 4403 4404 4340
f 4404 4405 4341
f 4405 4406 4342
f 4406 4407 4343
f 4407 4408 4344
f 4408 4409 4345
f 4409 4410 4346
f 4346 4410 4411
f 4347 4411 4412
f 4412 4413 4349
f 4413 4414 4350
f 4350 4414 4415
f 4415 4416 4352
f 4352 4416 4353
f 4417 4418 4354
f 4354 4418 4419
f 4419 4420 4356
f 4420 4421 4357
f 4421 4422 4358
f 4422 4423 4359
f 4423 4424 4360
f 4424 4425 4361
f 4425 4426 4362
f 4426 4427 4363
f 4427 4428 4364
f 4428 4429 4365
f 4429 4430 4366
f 4430 4431 4367
f 4431 4432 4368
f 4432 4433 4369
f 4433 4434 4370
f 4434 4435 4371
f 4435 4436 4372
f 4436 4437 4373
f 4373 4437 4438
f 4374 4438 4439
f 4439 4440 4376
f 4440 4441 4377
f 4441 4442 4378
f 4442 4443 4379
f 4443 4444 4380
f 4380 4444 4445
f 4445 4446 4382
f 4446 4447 4383
f 4447 4448 4384
f 4448 4449 4385
f 4385 4449 4450
f 4386 4450 4451
f 4387 4451 4452
f 4388 4452 4453
f 4453 4454 4390
f 4390 4454 4455
f 4391 4455 4456
f 4456 4457 4393
f 4457 4458 4394
f 4394 4458 4459
f 4459 4460 4396
f 4460 4461 4397
f 4397 4461 4462
f 4398 4462 4463
f 4463 4464 4400
f 4400 4464 4465
f 4401 4465 4466
f 4402 4466 4467
f 4403 4467 4468
f 4404 4468 4469
f 4405 4469 4470
f 4406 4470 4471
f 4407 4471 4472
f 4472 4473 4409
f 4409 4473 4474
f 4410 4474 4475
f 4411 4475 4476
f 4412 4476 4477
f 4413 4477 4478
f 4414 4478 4479
f 4479 4480 4416
f 4416 4480 4417
f 4481 4482 4418
f 4418 4482 4483
f 4419 4483 4484
f 4484 4485 4421
f 4421 4485 4486
f 4486 4487 4423
f 4423 4487 4488
f 4424 4488 4489
f 4425 4489 4490
f 4426 4490 4491
f 4491 4492 4428
f 4428 4492 4493
f 4429 4493 4494
f 4430 4494 4495
f 4431 4495 4496
f 4432 4496 4497
f 4433 4497 4498
f 4498 4499 4435
f 4435 4499 4500
f 4436 4500 4501
f 4437 4501 4502
f 4438 4502 4503
f 4439 4503 4504
f 4504 4505 4441
f 4441 4505 4506
f 4442 4506 4507
f 4507 4508 4444
f 4444 4508 4509
f 4445 4509 4510
f 4510 4511 4447
f 4447 4511 4512
f 4512 4513 4449
f 4449 4513 4514
f 4514 4515 4451
f 4515 4516 4452
f 4516 4517 4453
f 4517 4518 4454
f 4518 4519 4455
f 4519 4520 4456
f 4520 4521 4457
f 4521 4522 4458
f 4522 4523 4459
f 4523 4524 4460
f 4524 4525 4461
f 4525 4526 4462
f 4526 4527 4463
f 4463 4527 4528
f 4528 4529 4465
f 4529 4530 4466
f 4530 4531 4467
f 4531 4532 4468
f 4532 4533 4469
f 4533 4534 4470
f 4470 4534 4535
f 4535 4536 4472
f 4536 4537 4473
f 4537 4538 4474
f 4538 4539 4475
f 4475 4539 4540
f 4540 4541 4477
f 4477 4541 4542
f 4542 4543 4479
f 4543 4544 4480
f 4544 4481 4417
f 4545 4546 4482
f 4482 4546 4547
f 4547 4548 4484
f 4484 4548 4549
f 4485 4549 4550
f 4550 4551 4487
f 4551 4552 4488
f 4488 4552 4553
f 4553 4554 4490
f 4490 4554 4555
f 4555 4556 4492
f 4492 4556 4557
f 4557 4558 4494
f 4558 4559 4495
f 4559 4560 4496
f 4560 4561 4497
f 4561 4562 4498
f 4498 4562 4563
f 4499 4563 4564
f 4564 4565 4501
f 4565 4566 4502
f 4566 4567 4503
f 4567 4568 4504
f 4504 4568 4569
f 4569 4570 4506
f 4570 4571 4507
f 4571 4572 4508
f 4572 4573 4509
f 4573 4574 4510
f 4510 4574 4575
f 4511 4575 4576
f 4576 4577 4513
f 4577 4578 4514
f 4578 4579 4515
f 4579 4580 4516
f 4580 4581 4517
f 4517 4581 4582
f 4582 4583 4519
f 4519 4583 4584
f 4584 4585 4521
f 4585 4586 4522
f 4522 4586 4587
f 4587 4588 4524
f 4524 4588 4589
f 4589 4590 4526
f 4590 4591 4527
f 4591 4592 4528
f 4528 4592 4593
f 4529 4593 4594
f 4594 4595 4531
f 4531 4595 4596
f 4596 4597 4533
f 4597 4598 4534
f 4534 4598 4599
f 4599 4600 4536
f 4600 4601 4537
f 4601 4602 4538
f 4602 4603 4539
f 4603 4604 4540
f 4604 4605 4541
f 4605 4606 4542
f 4542 4606 4607
f 4607 4608 4544
f 4544 4608 4545
f 4609 4610 4546
f 4546 4610 4611
f 4611 4612 4548
f 4612 4613 4549
f 4613 4614 4550
f 4614 4615 4551
f 4615 4616 4552
f 4552 4616 4617
f 4617 4618 4554
f 4554 4618 4619
f 4619 4620 4556
f 4620 4621 4557
f 4621 4622 4558
f 4622 4623 4559
f 4623 4624 4560
f 4624 4625 4561
f 4625 4626 4562
f 4626 4627 4563
f 4627 4628 4564
f 4564 4628 4629
f 4565 4629 4630
f 4630 4631 4567
f 4631 4632 4568
f 4632 4633 4569
f 4633 4634 4570
f 4634 4635 4571
f 4571 4635 4636
f 4572 4636 4637
f 4573 4637 4638
f 4638 4639 4575
f 4639 4640 4576
f 4576 4640 4641
f 4641 4642 4578
f 4578 4642 4643
f 4643 4644 4580
f 4644 4645 4581
f 4645 4646 4582
f 4646 4647 4583
f 4647 4648 4584
f 4584 4648 4649
f 4585 4649 4650
f 4650 4651 4587
f 4587 4651 4652
f 4652 4653 4589
f 4653 4654 4590
f 4590 4654 4655
f 4591 4655 4656
f 4592 4656 4657
f 4593 4657 4658
f 4658 4659 4595
f 4659 4660 4596
f 4660 4661 4597
f 4661 4662 4598
f 4598 4662 4663
f 4599 4663 4664
f 4600 4664 4665
f 4665 4666 4602
f 4602 4666 4667
f 4667 4668 4604
f 4668 4669 4605
f 4669 4670 4606
f 4606 4670 4671
f 4671 4672 4608
f 4608 4672 4609
f 4609 4673 4674
f 4610 4674 4675
f 4611 4675 4676
f 4612 4676 4677
f 4677 4678 4614
f 4614 4678 4679
f 4679 4680 4616
f 4616 4680 4681
f 4617 4681 4682
f 4682 4683 4619
f 4619 4683 4684
f 4684 4685 4621
f 4685 4686 4622
f 4686 4687 4623
f 4623 4687 4688
f 4624 4688 4689
f 4689 4690 4626
f 4626 4690 4691
f 4691 4692 4628
f 4628 4692 4693
f 4693 4694 4630
f 4630 4694 4695
f 4631 4695 4696
f 4696 4697 4633
f 4633 4697 4698
f 4698 4699 4635
f 4699 4700 4636
f 4700 4701 4637
f 4701 4702 4638
f 4638 4702 4703
f 4703 4704 4640
f 4640 4704 4705
f 4705 4706 4642
f 4642 4706 4707
f 4707 4708 4644
f 4644 4708 4709
f 4709 4710 4646
f 4710 4711 4647
f 4711 4712 4648
f 4712 4713 4649
f 4649 4713 4714
f 4714 4715 4651
f 4715 4716 4652
f 4716 4717 4653
f 4717 4718 4654
f 4718 4719 4655
f 4719 4720 4656
f 4720 4721 4657
f 4721 4722 4658
f 4722 4723 4659
f 4659 4723 4724
f 4660 4724 4725
f 4661 4725 4726
f 4726 4727 4663
f 4663 4727 4728
f 4728 4729 4665
f 4729 4730 4666
f 4666 4730 4731
f 4731 4732 4668
f 4732 4733 4669
f 4733 4734 4670
f 4734 4735 4671
f 4735 4736 4672
f 4736 4673 4609
f 4673 4737 4738
f 4738 4739 4675
f 4739 4740 4676
f 4676 4740 4741
f 4741 4742 4678
f 4678 4742 4743
f 4679 4743 4744
f 4744 4745 4681
f 4745 4746 4682
f 4746 4747 4683
f 4683 4747 4748
f 4748 4749 4685
f 4749 4750 4686
f 4750 4751 4687
f 4751 4752 4688
f 4688 4752 4753
f 4753 4754 4690
f 4754 4755 4691
f 4691 4755 4756
f 4692 4756 4757
f 4757 4758 4694
f 4758 4759 4695
f 4759 4760 4696
f 4760 4761 4697
f 4761 4762 4698
f 4762 4763 4699
f 4763 4764 4700
f 4700 4764 4765
f 4701 4765 4766
f 4766 4767 4703
f 4767 4768 4704
f 4704 4768 4769
f 4769 4770 4706
f 4706 4770 4771
f 4707 4771 4772
f 4772 4773 4709
f 4773 4774 4710
f 4710 4774 4775
f 4711 4775 4776
f 4776 4777 4713
f 4713 4777 4778
f 4714 4778 4779
f 4715 4779 4780
f 4780 4781 4717
f 4781 4782 4718
f 4782 4783 4719
f 4719 4783 4784
f 4720 4784 4785
f 4785 4786 4722
f 4722 4786 4787
f 4723 4787 4788
f 4788 4789 4725
f 4725 4789 4790
f 4790 4791 4727
f 4727 4791 4792
f 4792 4793 4729
f 4729 4793 4794
f 4794 4795 4731
f 4795 4796 4732
f 4796 4797 4733
f 4797 4798 4734
f 4734 4798 4799
f 4735 4799 4800
f 4800 4737 4673
f 4801 4802 4738
f 4802 4803 4739
f 4803 4804 4740
f 4804 4805 4741
f 4805 4806 4742
f 4742 4806 4807
f 4807 4808 4744
f 4808 4809 4745
f 4809 4810 4746
f 4810 4811 4747
f 4747 4811 4812
f 4748 4812 4813
f 4813 4814 4750
f 4814 4815 4751
f 4751 4815 4816
f 4816 4817 4753
f 4817 4818 4754
f 4818 4819 4755
f 4819 4820 4756
f 4820 4821 4757
f 4821 4822 4758
f 4758 4822 4823
f 4823 4824 4760
f 4760 4824 4825
f 4825 4826 4762
f 4762 4826 4827
f 4827 4828 4764
f 4828 4829 4765
f 4829 4830 4766
f 4766 4830 4831
f 4767 4831 4832
f 4832 4833 4769
f 4833 4834 4770
f 4834 4835 4771
f 4835 4836 4772
f 4772 4836 4837
f 4837 4838 4774
f 4774 4838 4839
f 4839 4840 4776
f 4776 4840 4841
f 4841 4842 4778
f 4778 4842 4843
f 4843 4844 4780
f 4780 4844 4845
f 4781 4845 4846
f 4782 4846 4847
f 4783 4847 4848
f 4784 4848 4849
f 4849 4850 4786
f 4850 4851 4787
f 4851 4852 4788
f 4852 4853 4789
f 4853 4854 4790
f 4854 4855 4791
f 4791 4855 4856
f 4856 4857 4793
f 4793 4857 4858
f 4858 4859 4795
f 4859 4860 4796
f 4860 4861 4797
f 4861 4862 4798
f 4798 4862 4863
f 4799 4863 4864
f 4864 4801 4737
f 4801 4865 4866
f 4866 4867 4803
f 4867 4868 4804
f 4804 4868 4869
f 4869 4870 4806
f 4870 4871 4807
f 4807 4871 4872
f 4872 4873 4809
f 4873 4874 4810
f 4874 4875 4811
f 4811 4875 4876
f 4812 4876 4877
f 4877 4878 4814
f 4878 4879 4815
f 4815 4879 4880
f 4816 4880 4881
f 4881 4882 4818
f 4882 4883 4819
f 4819 4883 4884
f 4820 4884 4885
f 4885 4886 4822
f 4822 4886 4887
f 4823 4887 4888
f 4824 4888 4889
f 4889 4890 4826
f 4890 4891 4827
f 4827 4891 4892
f 4892 4893 4829
f 4829 4893 4894
f 4894 4895 4831
f 4895 4896 4832
f 4896 4897 4833
f 4897 4898 4834
f 4834 4898 4899
f 4899 4900 4836
f 4900 4901 4837
f 4901 4902 4838
f 4902 4903 4839
f 4903 4904 4840
f 4840 4904 4905
f 4905 4906 4842
f 4906 4907 4843
f 4907 4908 4844
f 4844 4908 4909
f 4909 4910 4846
f 4910 4911 4847
f 4847 4911 4912
f 4912 4913 4849
f 4913 4914 4850
f 4914 4915 4851
f 4915 4916 4852
f 4852 4916 4917
f 4917 4918 4854
f 4918 4919 4855
f 4855 4919 4920
f 4856 4920 4921
f 4921 4922 4858
f 4922 4923 4859
f 4859 4923 4924
f 4860 4924 4925
f 4925 4926 4862
f 4926 4927 4863
f 4927 4928 4864
f 4928 4865 4801
f 4929 4930 4866
f 4930 4931 4867
f 4867 4931 4932
f 4932 4933 4869
f 4933 4934 4870
f 4934 4935 4871
f 4871 4935 4936
f 4872 4936 4937
f 4937 4938 4874
f 4938 4939 4875
f 4939 4940 4876
f 4940 4941 4877
f 4877 4941 4942
f 4942 4943 4879
f 4943 4944 4880
f 4944 4945 4881
f 4945 4946 4882
f 4946 4947 4883
f 4947 4948 4884
f 4948 4949 4885
f 4949 4950 4886
f 4950 4951 4887
f 4951 4952 4888
f 4888 4952 4953
f 4953 4954 4890
f 4954 4955 4891
f 4955 4956 4892
f 4956 4957 4893
f 4957 4958 4894
f 4894 4958 4959
f 4959 4960 4896
f 4960 4961 4897
f 4961 4962 4898
f 4898 4962 4963
f 4963 4964 4900
f 4900 4964 4965
f 4901 4965 4966
f 4902 4966 4967
f 4903 4967 4968
f 4904 4968 4969
f 4905 4969 4970
f 4906 4970 4971
f 4907 4971 4972
f 4908 4972 4973
f 4909 4973 4974
f 4910 4974 4975
f 4911 4975 4976
f 4912 4976 4977
f 4913 4977 4978
f 4978 4979 4915
f 4979 4980 4916
f 4980 4981 4917
f 4917 4981 4982
f 4982 4983 4919
f 4919 4983 4984
f 4920 4984 4985
f 4921 4985 4986
f 4986 4987 4923
f 4923 4987 4988
f 4924 4988 4989
f 4925 4989 4990
f 4990 4991 4927
f 4927 4991 4992
f 4928 4992 4929
f 4929 4993 4994
f 4994 4995 4931
f 4931 4995 4996
f 4996 4997 4933
f 4933 4997 4998
f 4998 4999 4935
f 4935 4999 5000
f 5000 5001 4937
f 5001 5002 4938
f 4938 5002 5003
f 5003 5004 4940
f 4940 5004 5005
f 4941 5005 5006
f 4942 5006 5007
f 5007 5008 4944
f 4944 5008 5009
f 5009 5010 4946
f 4946 5010 5011
f 4947 5011 5012
f 5012 5013 4949
f 4949 5013 5014
f 5014 5015 4951
f 4951 5015 5016
f 5016 5017 4953
f 5017 5018 4954
f 5018 5019 4955
f 4955 5019 5020
f 5020 5021 4957
f 5021 5022 4958
f 4958 5022 5023
f 5023 5024 4960
f 4960 5024 5025
f 5025 5026 4962
f 5026 5027 4963
f 5027 5028 4964
f 5028 5029 4965
f 4965 5029 5030
f 5030 5031 4967
f 4967 5031 5032
f 5032 5033 4969
f 4969 5033 5034
f 5034 5035 4971
f 4971 5035 5036
f 5036 5037 4973
f 4973 5037 5038
f 5038 5039 4975
f 5039 5040 4976
f 4976 5040 5041
f 5041 5042 4978
f 4978 5042 5043
f 5043 5044 4980
f 5044 5045 4981
f 5045 5046 4982
f 4982 5046 5047
f 5047 5048 4984
f 4984 5048 5049
f 5049 5050 4986
f 5050 5051 4987
f 4987 5051 5052
f 5052 5053 4989
f 5053 5054 4990
f 5054 5055 4991
f 4991 5055 5056
f 5056 4993 4929
f 5057 5058 4994
f 5058 5059 4995
f 4995 5059 5060
f 4996 5060 5061
f 5061 5062 4998
f 5062 5063 4999
f 4999 5063 5064
f 5064 5065 5001
f 5001 5065 5066
f 5002 5066 5067
f 5003 5067 5068
f 5068 5069 5005
f 5069 5070 5006
f 5070 5071 5007
f 5071 5072 5008
f 5072 5073 5009
f 5009 5073 5074
f 5010 5074 5075
f 5011 5075 5076
f 5076 5077 5013
f 5013 5077 5078
f 5078 5079 5015
f 5015 5079 5080
f 5080 5081 5017
f 5081 5082 5018
f 5018 5082 5083
f 5019 5083 5084
f 5020 5084 5085
f 5021 5085 5086
f 5022 5086 5087
f 5087 5088 5024
f 5088 5089 5025
f 5025 5089 5090
f 5026 5090 5091
f 5091 5092 5028
f 5092 5093 5029
f 5093 5094 5030
f 5094 5095 5031
f 5095 5096 5032
f 5096 5097 5033
f 5097 5098 5034
f 5098 5099 5035
f 5035 5099 5100
f 5100 5101 5037
f 5037 5101 5102
f 5102 5103 5039
f 5103 5104 5040
f 5104 5105 5041
f 5105 5106 5042
f 5042 5106 5107
f 5107 5108 5044
f 5044 5108 5109
f 5045 5109 5110
f 5110 5111 5047
f 5111 5112 5048
f 5112 5113 5049
f 5049 5113 5114
f 5114 5115 5051
f 5115 5116 5052
f 5052 5116 5117
f 5117 5118 5054
f 5118 5119 5055
f 5055 5119 5120
f 5120 5057 4993
f 5057 5121 5122
f 5122 5123 5059
f 5059 5123 5124
f 5124 5125 5061
f 5061 5125 5126
f 5126 5127 5063
f 5127 5128 5064
f 5064 5128 5129
f 5129 5130 5066
f 5130 5131 5067
f 5131 5132 5068
f 5132 5133 5069
f 5133 5134 5070
f 5134 5135 5071
f 5135 5136 5072
f 5136 5137 5073
f 5137 5138 5074
f 5138 5139 5075
f 5075 5139 5140
f 5140 5141 5077
f 5077 5141 5142
f 5142 5143 5079
f 5143 5144 5080
f 5144 5145 5081
f 5145 5146 5082
f 5082 5146 5147
f 5147 5148 5084
f 5148 5149 5085
f 5149 5150 5086
f 5086 5150 5151
f 5151 5152 5088
f 5152 5153 5089
f 5089 5153 5154
f 5154 5155 5091
f 5155 5156 5092
f 5092 5156 5157
f 5157 5158 5094
f 5158 5159 5095
f 5159 5160 5096
f 5096 5160 5161
f 5097 5161 5162
f 5098 5162 5163
f 5099 5163 5164
f 5164 5165 5101
f 5101 5165 5166
f 5166 5167 5103
f 5103 5167 5168
f 5104 5168 5169
f 5169 5170 5106
f 5170 5171 5107
f 5107 5171 5172
f 5108 5172 5173
f 5109 5173 5174
f 5174 5175 5111
f 5111 5175 5176
f 5176 5177 5113
f 5177 5178 5114
f 5178 5179 5115
f 5115 5179 5180
f 5180 5181 5117
f 5181 5182 5118
f 5182 5183 5119
f 5183 5184 5120
f 5120 5184 5121
f 5185 5186 5122
f 5186 5187 5123
f 5123 5187 5188
f 5124 5188 5189
f 5189 5190 5126
f 5126 5190 5191
f 5127 5191 5192
f 5128 5192 5193
f 5193 5194 5130
f 5130 5194 5195
f 5131 5195 5196
f 5196 5197 5133
f 5197 5198 5134
f 5134 5198 5199
f 5135 5199 5200
f 5200 5201 5137
f 5201 5202 5138
f 5138 5202 5203
f 5139 5203 5204
f 5204 5205 5141
f 5141 5205 5206
f 5142 5206 5207
f 5143 5207 5208
f 5208 5209 5145
f 5145 5209 5210
f 5210 5211 5147
f 5147 5211 5212
f 5212 5213 5149
f 5213 5214 5150
f 5214 5215 5151
f 5215 5216 5152
f 5216 5217 5153
f 5153 5217 5218
f 5218 5219 5155
f 5155 5219 5220
f 5220 5221 5157
f 5157 5221 5222
f 5222 5223 5159
f 5159 5223 5224
f 5224 5225 5161
f 5161 5225 5226
f 5226 5227 5163
f 5227 5228 5164
f 5228 5229 5165
f 5165 5229 5230
f 5230 5231 5167
f 5231 5232 5168
f 5168 5232 5233
f 5169 5233 5234
f 5234 5235 5171
f 5235 5236 5172
f 5172 5236 5237
f 5173 5237 5238
f 5238 5239 5175
f 5239 5240 5176
f 5240 5241 5177
f 5241 5242 5178
f 5242 5243 5179
f 5243 5244 5180
f 5244 5245 5181
f 5245 5246 5182
f 5246 5247 5183
f 5183 5247 5248
f 5248 5185 5121
f 5249 5250 5186
f 5250 5251 5187
f 5251 5252 5188
f 5252 5253 5189
f 5189 5253 5254
f 5190 5254 5255
f 5191 5255 5256
f 5192 5256 5257
f 5193 5257 5258
f 5258 5259 5195
f 5195 5259 5260
f 5196 5260 5261
f 5261 5262 5198
f 5262 5263 5199
f 5263 5264 5200
f 5200 5264 5265
f 5265 5266 5202
f 5202 5266 5267
f 5203 5267 5268
f 5268 5269 5205
f 5269 5270 5206
f 5270 5271 5207
f 5207 5271 5272
f 5272 5273 5209
f 5209 5273 5274
f 5274 5275 5211
f 5275 5276 5212
f 5276 5277 5213
f 5213 5277 5278
f 5278 5279 5215
f 5279 5280 5216
f 5280 5281 5217
f 5281 5282 5218
f 5282 5283 5219
f 5283 5284 5220
f 5284 5285 5221
f 5285 5286 5222
f 5222 5286 5287
f 5223 5287 5288
f 5288 5289 5225
f 5289 5290 5226
f 5290 5291 5227
f 5227 5291 5292
f 5228 5292 5293
f 5229 5293 5294
f 5294 5295 5231
f 5295 5296 5232
f 5296 5297 5233
f 5297 5298 5234
f 5298 5299 5235
f 5299 5300 5236
f 5236 5300 5301
f 5301 5302 5238
f 5302 5303 5239
f 5239 5303 5304
f 5304 5305 5241
f 5305 5306 5242
f 5306 5307 5243
f 5307 5308 5244
f 5308 5309 5245
f 5309 5310 5246
f 5246 5310 5311
f 5247 5311 5312
f 5248 5312 5249
f 5313 5314 5250
f 5314 5315 5251
f 5315 5316 5252
f 5316 5317 5253
f 5253 5317 5318
f 5254 5318 5319
f 5319 5320 5256
f 5256 5320 5321
f 5321 5322 5258
f 5322 5323 5259
f 5259 5323 5324
f 5260 5324 5325
f 5325 5326 5262
f 5262 5326 5327
f 5327 5328 5264
f 5328 5329 5265
f 5329 5330 5266
f 5330 5331 5267
f 5267 5331 5332
f 5268 5332 5333
f 5269 5333 5334
f 5270 5334 5335
f 5335 5336 5272
f 5272 5336 5337
f 5337 5338 5274
f 5338 5339 5275
f 5339 5340 5276
f 5340 5341 5277
f 5341 5342 5278
f 5342 5343 5279
f 5343 5344 5280
f 5280 5344 5345
f 5345 5346 5282
f 5346 5347 5283
f 5347 5348 5284
f 5348 5349 5285
f 5285 5349 5350
f 5350 5351 5287
f 5287 5351 5352
f 5288 5352 5353
f 5353 5354 5290
f 5290 5354 5355
f 5291 5355 5356
f 5356 5357 5293
f 5357 5358 5294
f 5358 5359 5295
f 5295 5359 5360
f 5296 5360 5361
f 5361 5362 5298
f 5298 5362 5363
f 5363 5364 5300
f 5364 5365 5301
f 5365 5366 5302
f 5366 5367 5303
f 5303 5367 5368
f 5304 5368 5369
f 5369 5370 5306
f 5306 5370 5371
f 5307 5371 5372
f 5372 5373 5309
f 5309 5373 5374
f 5374 5375 5311
f 5311 5375 5376
f 5312 5376 5313
f 5377 5378 5314
f 5314 5378 5379
f 5379 5380 5316
f 5316 5380 5381
f 5317 5381 5382
f 5318 5382 5383
f 5383 5384 5320
f 5320 5384 5385
f 5385 5386 5322
f 5386 5387 5323
f 5387 5388 5324
f 5388 5389 5325
f 5389 5390 5326
f 5390 5391 5327
f 5391 5392 5328
f 5328 5392 5393
f 5329 5393 5394
f 5394 5395 5331
f 5395 5396 5332
f 5332 5396 5397
f 5397 5398 5334
f 5334 5398 5399
f 5399 5400 5336
f 5336 5400 5401
f 5401 5402 5338
f 5402 5403 5339
f 5403 5404 5340
f 5404 5405 5341
f 5405 5406 5342
f 5406 5407 5343
f 5343 5407 5408
f 5408 5409 5345
f 5345 5409 5410
f 5410 5411 5347
f 5347 5411 5412
f 5412 5413 5349
f 5349 5413 5414
f 5414 5415 5351
f 5351 5415 5416
f 5416 5417 5353
f 5417 5418 5354
f 5354 5418 5419
f 5419 5420 5356
f 5420 5421 5357
f 5357 5421 5422
f 5358 5422 5423
f 5359 5423 5424
f 5424 5425 5361
f 5425 5426 5362
f 5362 5426 5427
f 5363 5427 5428
f 5364 5428 5429
f 5365 5429 5430
f 5430 5431 5367
f 5367 5431 5432
f 5368 5432 5433
f 5433 5434 5370
f 5370 5434 5435
f 5435 5436 5372
f 5436 5437 5373
f 5437 5438 5374
f 5374 5438 5439
f 5439 5440 5376
f 5376 5440 5377
f 5377 5441 5442
f 5378 5442 5443
f 5443 5444 5380
f 5380 5444 5445
f 5445 5446 5382
f 5446 5447 5383
f 5447 5448 5384
f 5448 5449 5385
f 5449 5450 5386
f 5386 5450 5451
f 5451 5452 5388
f 5452 5453 5389
f 5389 5453 5454
f 5454 5455 5391
f 5391 5455 5456
f 5392 5456 5457
f 5393 5457 5458
f 5394 5458 5459
f 5395 5459 5460
f 5396 5460 5461
f 5461 5462 5398
f 5398 5462 5463
f 5399 5463 5464
f 5400 5464 5465
f 5465 5466 5402
f 5466 5467 5403
f 5467 5468 5404
f 5404 5468 5469
f 5469 5470 5406
f 5470 5471 5407
f 5407 5471 5472
f 5472 5473 5409
f 5473 5474 5410
f 5474 5475 5411
f 5475 5476 5412
f 5412 5476 5477
f 5477 5478 5414
f 5414 5478 5479
f 5479 5480 5416
f 5416 5480 5481
f 5481 5482 5418
f 5482 5483 5419
f 5483 5484 5420
f 5484 5485 5421
f 5485 5486 5422
f 5486 5487 5423
f 5487 5488 5424
f 5488 5489 5425
f 5489 5490 5426
f 5490 5491 5427
f 5491 5492 5428
f 5492 5493 5429
f 5429 5493 5494
f 5430 5494 5495
f 5495 5496 5432
f 5432 5496 5497
f 5497 5498 5434
f 5498 5499 5435
f 5499 5500 5436
f 5436 5500 5501
f 5501 5502 5438
f 5438 5502 5503
f 5503 5504 5440
f 5504 5441 5377
f 5441 5505 5506
f 5506 5507 5443
f 5443 5507 5508
f 5444 5508 5509
f 5509 5510 5446
f 5446 5510 5511
f 5511 5512 5448
f 5512 5513 5449
f 5449 5513 5514
f 5450 5514 5515
f 5451 5515 5516
f 5452 5516 5517
f 5453 5517 5518
f 5518 5519 5455
f 5455 5519 5520
f 5520 5521 5457
f 5521 5522 5458
f 5458 5522 5523
f 5523 5524 5460
f 5524 5525 5461
f 5525 5526 5462
f 5526 5527 5463
f 5527 5528 5464
f 5464 5528 5529
f 5529 5530 5466
f 5530 5531 5467
f 5467 5531 5532
f 5532 5533 5469
f 5533 5534 5470
f 5470 5534 5535
f 5535 5536 5472
f 5536 5537 5473
f 5537 5538 5474
f 5538 5539 5475
f 5539 5540 5476
f 5540 5541 5477
f 5541 5542 5478
f 5542 5543 5479
f 5479 5543 5544
f 5480 5544 5545
f 5545 5546 5482
f 5482 5546 5547
f 5483 5547 5548
f 5484 5548 5549
f 5485 5549 5550
f 5486 5550 5551
f 5487 5551 5552
f 5552 5553 5489
f 5489 5553 5554
f 5554 5555 5491
f 5491 5555 5556
f 5556 5557 5493
f 5557 5558 5494
f 5558 5559 5495
f 5559 5560 5496
f 5560 5561 5497
f 5497 5561 5562
f 5498 5562 5563
f 5563 5564 5500
f 5500 5564 5565
f 5565 5566 5502
f 5566 5567 5503
f 5503 5567 5568
f 5568 5505 5441
f 5505 5569 5570
f 5506 5570 5571
f 5571 5572 5508
f 5508 5572 5573
f 5573 5574 5510
f 5510 5574 5575
f 5511 5575 5576
f 5512 5576 5577
f 5513 5577 5578
f 5578 5579 5515
f 5579 5580 5516
f 5580 5581 5517
f 5581 5582 5518
f 5518 5582 5583
f 5583 5584 5520
f 5520 5584 5585
f 5585 5586 5522
f 5586 5587 5523
f 5523 5587 5588
f 5524 5588 5589
f 5589 5590 5526
f 5526 5590 5591
f 5527 5591 5592
f 5592 5593 5529
f 5593 5594 5530
f 5594 5595 5531
f 5531 5595 5596
f 5596 5597 5533
f 5597 5598 5534
f 5598 5599 5535
f 5535 5599 5600
f 5600 5601 5537
f 5537 5601 5602
f 5602 5603 5539
f 5539 5603 5604
f 5540 5604 5605
f 5541 5605 5606
f 5606 5607 5543
f 5607 5608 5544
f 5608 5609 5545
f 5609 5610 5546
f 5610 5611 5547
f 5611 5612 5548
f 5612 5613 5549
f 5613 5614 5550
f 5614 5615 5551
f 5551 5615 5616
f 5552 5616 5617
f 5617 5618 5554
f 5554 5618 5619
f 5619 5620 5556
f 5556 5620 5621
f 5621 5622 5558
f 5558 5622 5623
f 5559 5623 5624
f 5624 5625 5561
f 5625 5626 5562
f 5626 5627 5563
f 5627 5628 5564
f 5564 5628 5629
f 5629 5630 5566
f 5566 5630 5631
f 5631 5632 5568
f 5632 5569 5505
f 5569 5633 5634
f 5570 5634 5635
f 5635 5636 5572
f 5572 5636 5637
f 5637 5638 5574
f 5638 5639 5575
f 5575 5639 5640
f 5576 5640 5641
f 5577 5641 5642
f 5642 5643 5579
f 5643 5644 5580
f 5644 5645 5581
f 5581 5645 5646
f 5582 5646 5647
f 5647 5648 5584
f 5584 5648 5649
f 5649 5650 5586
f 5650 5651 5587
f 5587 5651 5652
f 5588 5652 5653
f 5653 5654 5590
f 5590 5654 5655
f 5655 5656 5592
f 5592 5656 5657
f 5593 5657 5658
f 5658 5659 5595
f 5595 5659 5660
f 5660 5661 5597
f 5661 5662 5598
f 5662 5663 5599
f 5599 5663 5664
f 5600 5664 5665
f 5665 5666 5602
f 5666 5667 5603
f 5667 5668 5604
f 5604 5668 5669
f 5605 5669 5670
f 5670 5671 5607
f 5607 5671 5672
f 5672 5673 5609
f 5673 5674 5610
f 5610 5674 5675
f 5675 5676 5612
f 5676 5677 5613
f 5677 5678 5614
f 5678 5679 5615
f 5615 5679 5680
f 5680 5681 5617
f 5681 5682 5618
f 5682 5683 5619
f 5619 5683 5684
f 5684 5685 5621
f 5685 5686 5622
f 5622 5686 5687
f 5687 5688 5624
f 5688 5689 5625
f 5689 5690 5626
f 5626 5690 5691
f 5691 5692 5628
f 5692 5693 5629
f 5693 5694 5630
f 5630 5694 5695
f 5695 5696 5632
f 5696 5633 5569
f 5697 5698 5634
f 5698 5699 5635
f 5699 5700 5636
f 5636 5700 5701
f 5701 5702 5638
f 5702 5703 5639
f 5703 5704 5640
f 5704 5705 5641
f 5705 5706 5642
f 5706 5707 5643
f 5707 5708 5644
f 5644 5708 5709
f 5709 5710 5646
f 5710 5711 5647
f 5711 5712 5648
f 5648 5712 5713
f 5649 5713 5714
f 5714 5715 5651
f 5651 5715 5716
f 5652 5716 5717
f 5717 5718 5654
f 5718 5719 5655
f 5719 5720 5656
f 5720 5721 5657
f 5721 5722 5658
f 5722 5723 5659
f 5723 5724 5660
f 5724 5725 5661
f 5725 5726 5662
f 5726 5727 5663
f 5663 5727 5728
f 5728 5729 5665
f 5665 5729 5730
f 5730 5731 5667
f 5667 5731 5732
f 5732 5733 5669
f 5669 5733 5734
f 5734 5735 5671
f 5735 5736 5672
f 5672 5736 5737
f 5737 5738 5674
f 5674 5738 5739
f 5739 5740 5676
f 5740 5741 5677
f 5741 5742 5678
f 5742 5743 5679
f 5743 5744 5680
f 5744 5745 5681
f 5745 5746 5682
f 5682 5746 5747
f 5683 5747 5748
f 5684 5748 5749
f 5749 5750 5686
f 5750 5751 5687
f 5687 5751 5752
f 5688 5752 5753
f 5689 5753 5754
f 5690 5754 5755
f 5691 5755 5756
f 5692 5756 5757
f 5757 5758 5694
f 5758 5759 5695
f 5695 5759 5760
f 5760 5697 5633
f 5697 5761 5762
f 5762 5763 5699
f 5699 5763 5764
f 5764 5765 5701
f 5701 5765 5766
f 5766 5767 5703
f 5703 5767 5768
f 5768 5769 5705
f 5705 5769 5770
f 5706 5770 5771
f 5707 5771 5772
f 5708 5772 5773
f 5709 5773 5774
f 5710 5774 5775
f 5711 5775 5776
f 5712 5776 5777
f 5777 5778 5714
f 5714 5778 5779
f 5779 5780 5716
f 5780 5781 5717
f 5717 5781 5782
f 5718 5782 5783
f 5719 5783 5784
f 5720 5784 5785
f 5721 5785 5786
f 5722 5786 5787
f 5723 5787 5788
f 5724 5788 5789
f 5789 5790 5726
f 5790 5791 5727
f 5791 5792 5728
f 5792 5793 5729
f 5729 5793 5794
f 5794 5795 5731
f 5795 5796 5732
f 5796 5797 5733
f 5797 5798 5734
f 5798 5799 5735
f 5799 5800 5736
f 5800 5801 5737
f 5801 5802 5738
f 5802 5803 5739
f 5803 5804 5740
f 5804 5805 5741
f 5741 5805 5806
f 5806 5807 5743
f 5807 5808 5744
f 5808 5809 5745
f 5809 5810 5746
f 5810 5811 5747
f 5811 5812 5748
f 5748 5812 5813
f 5813 5814 5750
f 5814 5815 5751
f 5815 5816 5752
f 5816 5817 5753
f 5817 5818 5754
f 5818 5819 5755
f 5819 5820 5756
f 5820 5821 5757
f 5757 5821 5822
f 5822 5823 5759
f 5759 5823 5824
f 5824 5761 5697
f 5761 5825 5826
f 5826 5827 5763
f 5763 5827 5828
f 5828 5829 5765
f 5829 5830 5766
f 5766 5830 5831
f 5831 5832 5768
f 5832 5833 5769
f 5833 5834 5770
f 5834 5835 5771
f 5835 5836 5772
f 5836 5837 5773
f 5837 5838 5774
f 5838 5839 5775
f 5839 5840 5776
f 5840 5841 5777
f 5841 5842 5778
f 5842 5843 5779
f 5843 5844 5780
f 5844 5845 5781
f 5845 5846 5782
f 5846 5847 5783
f 5847 5848 5784
f 5848 5849 5785
f 5849 5850 5786
f 5850 5851 5787
f 5851 5852 5788
f 5852 5853 5789
f 5789 5853 5854
f 5854 5855 5791
f 5855 5856 5792
f 5856 5857 5793
f 5793 5857 5858
f 5858 5859 5795
f 5795 5859 5860
f 5860 5861 5797
f 5797 5861 5862
f 5862 5863 5799
f 5799 5863 5864
f 5800 5864 5865
f 5801 5865 5866
f 5802 5866 5867
f 5803 5867 5868
f 5868 5869 5805
f 5805 5869 5870
f 5806 5870 5871
f 5807 5871 5872
f 5808 5872 5873
f 5809 5873 5874
f 5810 5874 5875
f 5811 5875 5876
f 5812 5876 5877
f 5813 5877 5878
f 5814 5878 5879
f 5815 5879 5880
f 5816 5880 5881
f 5817 5881 5882
f 5818 5882 5883
f 5883 5884 5820
f 5884 5885 5821
f 5821 5885 5886
f 5886 5887 5823
f 5823 5887 5888
f 5888 5825 5761
f 5825 5889 5890
f 5890 5891 5827
f 5827 5891 5892
f 5892 5893 5829
f 5829 5893 5894
f 5894 5895 5831
f 5831 5895 5896
f 5832 5896 5897
f 5833 5897 5898
f 5834 5898 5899
f 5835 5899 5900
f 5836 5900 5901
f 5837 5901 5902
f 5838 5902 5903
f 5839 5903 5904
f 5840 5904 5905
f 5905 5906 5842
f 5906 5907 5843
f 5843 5907 5908
f 5908 5909 5845
f 5909 5910 5846
f 5846 5910 5911
f 5911 5912 5848
f 5848 5912 5913
f 5849 5913 5914
f 5914 5915 5851
f 5851 5915 5916
f 5916 5917 5853
f 5917 5918 5854
f 5854 5918 5919
f 5919 5920 5856
f 5920 5921 5857
f 5921 5922 5858
f 5858 5922 5923
f 5923 5924 5860
f 5860 5924 5925
f 5861 5925 5926
f 5926 5927 5863
f 5863 5927 5928
f 5928 5929 5865
f 5929 5930 5866
f 5930 5931 5867
f 5931 5932 5868
f 5868 5932 5933
f 5869 5933 5934
f 5934 5935 5871
f 5871 5935 5936
f 5936 5937 5873
f 5937 5938 5874
f 5938 5939 5875
f 5939 5940 5876
f 5940 5941 5877
f 5941 5942 5878
f 5942 5943 5879
f 5943 5944 5880
f 5944 5945 5881
f 5945 5946 5882
f 5946 5947 5883
f 5947 5948 5884
f 5948 5949 5885
f 5885 5949 5950
f 5950 5951 5887
f 5887 5951 5952
f 5952 5889 5825
f 5889 5953 5954
f 5954 5955 5891
f 5891 5955 5956
f 5956 5957 5893
f 5957 5958 5894
f 5958 5959 5895
f 5959 5960 5896
f 5960 5961 5897
f 5961 5962 5898
f 5898 5962 5963
f 5963 5964 5900
f 5964 5965 5901
f 5965 5966 5902
f 5966 5967 5903
f 5967 5968 5904
f 5904 5968 5969
f 5969 5970 5906
f 5906 5970 5971
f 5971 5972 5908
f 5908 5972 5973
f 5909 5973 5974
f 5974 5975 5911
f 5911 5975 5976
f 5976 5977 5913
f 5977 5978 5914
f 5914 5978 5979
f 5979 5980 5916
f 5980 5981 5917
f 5981 5982 5918
f 5982 5983 5919
f 5983 5984 5920
f 5920 5984 5985
f 5985 5986 5922
f 5922 5986 5987
f 5987 5988 5924
f 5988 5989 5925
f 5925 5989 5990
f 5990 5991 5927
f 5991 5992 5928
f 5928 5992 5993
f 5929 5993 5994
f 5930 5994 5995
f 5931 5995 5996
f 5996 5997 5933
f 5997 5998 5934
f 5934 5998 5999
f 5999 6000 5936
f 6000 6001 5937
f 6001 6002 5938
f 5938 6002 6003
f 5939 6003 6004
f 5940 6004 6005
f 5941 6005 6006
f 6006 6007 5943
f 5943 6007 6008
f 6008 6009 5945
f 5945 6009 6010
f 5946 6010 6011
f 5947 6011 6012
f 5948 6012 6013
f 5949 6013 6014
f 6014 6015 5951
f 6015 6016 5952
f 6016 5953 5889
f 5953 6017 6018
f 5954 6018 6019
f 5955 6019 6020
f 5956 6020 6021
f 6021 6022 5958
f 5958 6022 6023
f 6023 6024 5960
f 5960 6024 6025
f 6025 6026 5962
f 6026 6027 5963
f 5963 6027 6028
f 5964 6028 6029
f 5965 6029 6030
f 5966 6030 6031
f 6031 6032 5968
f 5968 6032 6033
f 5969 6033 6034
f 6034 6035 5971
f 6035 6036 5972
f 5972 6036 6037
f 5973 6037 6038
f 5974 6038 6039
f 5975 6039 6040
f 5976 6040 6041
f 6041 6042 5978
f 5978 6042 6043
f 5979 6043 6044
f 6044 6045 5981
f 6045 6046 5982
f 6046 6047 5983
f 5983 6047 6048
f 6048 6049 5985
f 6049 6050 5986
f 6050 6051 5987
f 6051 6052 5988
f 5988 6052 6053
f 5989 6053 6054
f 5990 6054 6055
f 6055 6056 5992
f 5992 6056 6057
f 6057 6058 5994
f 6058 6059 5995
f 6059 6060 5996
f 6060 6061 5997
f 6061 6062 5998
f 5998 6062 6063
f 5999 6063 6064
f 6064 6065 6001
f 6065 6066 6002
f 6066 6067 6003
f 6067 6068 6004
f 6068 6069 6005
f 6069 6070 6006
f 6070 6071 6007
f 6007 6071 6072
f 6072 6073 6009
f 6073 6074 6010
f 6010 6074 6075
f 6075 6076 6012
f 6012 6076 6077
f 6077 6078 6014
f 6078 6079 6015
f 6079 6080 6016
f 6080 6017 5953
f 6081 6082 6018
f 6082 6083 6019
f 6083 6084 6020
f 6084 6085 6021
f 6085 6086 6022
f 6022 6086 6087
f 6087 6088 6024
f 6088 6089 6025
f 6089 6090 6026
f 6090 6091 6027
f 6091 6092 6028
f 6092 6093 6029
f 6093 6094 6030
f 6030 6094 6095
f 6031 6095 6096
f 6096 6097 6033
f 6097 6098 6034
f 6098 6099 6035
f 6035 6099 6100
f 6036 6100 6101
f 6037 6101 6102
f 6102 6103 6039
f 6103 6104 6040
f 6104 6105 6041
f 6105 6106 6042
f 6106 6107 6043
f 6107 6108 6044
f 6108 6109 6045
f 6109 6110 6046
f 6110 6111 6047
f 6111 6112 6048
f 6112 6113 6049
f 6113 6114 6050
f 6114 6115 6051
f 6115 6116 6052
f 6116 6117 6053
f 6117 6118 6054
f 6118 6119 6055
f 6119 6120 6056
f 6056 6120 6121
f 6057 6121 6122
f 6058 6122 6123
f 6123 6124 6060
f 6124 6125 6061
f 6125 6126 6062
f 6126 6127 6063
f 6127 6128 6064
f 6064 6128 6129
f 6065 6129 6130
f 6130 6131 6067
f 6131 6132 6068
f 6132 6133 6069
f 6133 6134 6070
f 6134 6135 6071
f 6135 6136 6072
f 6136 6137 6073
f 6073 6137 6138
f 6138 6139 6075
f 6075 6139 6140
f 6140 6141 6077
f 6141 6142 6078
f 6078 6142 6143
f 6143 6144 6080
f 6080 6144 6081
f 6145 6146 6082
f 6146 6147 6083
f 6147 6148 6084
f 6148 6149 6085
f 6149 6150 6086
f 6150 6151 6087
f 6151 6152 6088
f 6088 6152 6153
f 6089 6153 6154
f 6154 6155 6091
f 6155 6156 6092
f 6156 6157 6093
f 6157 6158 6094
f 6158 6159 6095
f 6159 6160 6096
f 6160 6161 6097
f 6161 6162 6098
f 6098 6162 6163
f 6163 6164 6100
f 6100 6164 6165
f 6101 6165 6166
f 6166 6167 6103
f 6103 6167 6168
f 6104 6168 6169
f 6105 6169 6170
f 6170 6171 6107
f 6171 6172 6108
f 6172 6173 6109
f 6173 6174 6110
f 6174 6175 6111
f 6175 6176 6112
f 6176 6177 6113
f 6177 6178 6114
f 6178 6179 6115
f 6179 6180 6116
f 6180 6181 6117
f 6117 6181 6182
f 6182 6183 6119
f 6183 6184 6120
f 6184 6185 6121
f 6185 6186 6122
f 6186 6187 6123
f 6187 6188 6124
f 6188 6189 6125
f 6189 6190 6126
f 6126 6190 6191
f 6191 6192 6128
f 6192 6193 6129
f 6193 6194 6130
f 6130 6194 6195
f 6131 6195 6196
f 6132 6196 6197
f 6133 6197 6198
f 6134 6198 6199
f 6135 6199 6200
f 6200 6201 6137
f 6201 6202 6138
f 6202 6203 6139
f 6203 6204 6140
f 6204 6205 6141
f 6205 6206 6142
f 6206 6207 6143
f 6143 6207 6208
f 6208 6145 6081
f 6209 6210 6146
f 6146 6210 6211
f 6211 6212 6148
f 6148 6212 6213
f 6149 6213 6214
f 6150 6214 6215
f 6151 6215 6216
f 6216 6217 6153
f 6217 6218 6154
f 6218 6219 6155
f 6155 6219 6220
f 6156 6220 6221
f 6157 6221 6222
f 6222 6223 6159
f 6159 6223 6224
f 6224 6225 6161
f 6225 6226 6162
f 6226 6227 6163
f 6163 6227 6228
f 6164 6228 6229
f 6229 6230 6166
f 6230 6231 6167
f 6231 6232 6168
f 6232 6233 6169
f 6233 6234 6170
f 6234 6235 6171
f 6235 6236 6172
f 6236 6237 6173
f 6173 6237 6238
f 6238 6239 6175
f 6239 6240 6176
f 6240 6241 6177
f 6241 6242 6178
f 6178 6242 6243
f 6243 6244 6180
f 6244 6245 6181
f 6245 6246 6182
f 6246 6247 6183
f 6247 6248 6184
f 6184 6248 6249
f 6185 6249 6250
f 6250 6251 6187
f 6187 6251 6252
f 6252 6253 6189
f 6253 6254 6190
f 6254 6255 6191
f 6191 6255 6256
f 6256 6257 6193
f 6193 6257 6258
f 6258 6259 6195
f 6259 6260 6196
f 6260 6261 6197
f 6261 6262 6198
f 6262 6263 6199
f 6263 6264 6200
f 6200 6264 6265
f 6201 6265 6266
f 6266 6267 6203
f 6267 6268 6204
f 6268 6269 6205
f 6269 6270 6206
f 6270 6271 6207
f 6271 6272 6208
f 6208 6272 6209
f 6273 6274 6210
f 6274 6275 6211
f 6211 6275 6276
f 6276 6277 6213
f 6277 6278 6214
f 6278 6279 6215
f 6279 6280 6216
f 6280 6281 6217
f 6281 6282 6218
f 6218 6282 6283
f 6283 6284 6220
f 6284 6285 6221
f 6221 6285 6286
f 6222 6286 6287
f 6287 6288 6224
f 6288 6289 6225
f 6289 6290 6226
f 6290 6291 6227
f 6291 6292 6228
f 6292 6293 6229
f 6229 6293 6294
f 6294 6295 6231
f 6295 6296 6232
f 6232 6296 6297
f 6233 6297 6298
f 6298 6299 6235
f 6299 6300 6236
f 6300 6301 6237
f 6237 6301 6302
f 6302 6303 6239
f 6303 6304 6240
f 6304 6305 6241
f 6305 6306 6242
f 6306 6307 6243
f 6307 6308 6244
f 6308 6309 6245
f 6245 6309 6310
f 6246 6310 6311
f 6311 6312 6248
f 6312 6313 6249
f 6313 6314 6250
f 6250 6314 6315
f 6315 6316 6252
f 6316 6317 6253
f 6253 6317 6318
f 6318 6319 6255
f 6255 6319 6320
f 6256 6320 6321
f 6321 6322 6258
f 6258 6322 6323
f 6323 6324 6260
f 6324 6325 6261
f 6325 6326 6262
f 6262 6326 6327
f 6327 6328 6264
f 6328 6329 6265
f 6329 6330 6266
f 6330 6331 6267
f 6331 6332 6268
f 6268 6332 6333
f 6269 6333 6334
f 6334 6335 6271
f 6271 6335 6336
f 6272 6336 6273
f 6337 6338 6274
f 6338 6339 6275
f 6275 6339 6340
f 6340 6341 6277
f 6277 6341 6342
f 6342 6343 6279
f 6343 6344 6280
f 6344 6345 6281
f 6281 6345 6346
f 6346 6347 6283
f 6283 6347 6348
f 6348 6349 6285
f 6349 6350 6286
f 6350 6351 6287
f 6351 6352 6288
f 6288 6352 6353
f 6289 6353 6354
f 6354 6355 6291
f 6355 6356 6292
f 6292 6356 6357
f 6293 6357 6358
f 6358 6359 6295
f 6359 6360 6296
f 6360 6361 6297
f 6297 6361 6362
f 6298 6362 6363
f 6363 6364 6300
f 6364 6365 6301
f 6365 6366 6302
f 6366 6367 6303
f 6367 6368 6304
f 6304 6368 6369
f 6369 6370 6306
f 6370 6371 6307
f 6371 6372 6308
f 6372 6373 6309
f 6309 6373 6374
f 6310 6374 6375
f 6375 6376 6312
f 6376 6377 6313
f 6313 6377 6378
f 6314 6378 6379
f 6379 6380 6316
f 6380 6381 6317
f 6381 6382 6318
f 6318 6382 6383
f 6319 6383 6384
f 6384 6385 6321
f 6385 6386 6322
f 6386 6387 6323
f 6323 6387 6388
f 6324 6388 6389
f 6325 6389 6390
f 6390 6391 6327
f 6327 6391 6392
f 6392 6393 6329
f 6393 6394 6330
f 6330 6394 6395
f 6331 6395 6396
f 6396 6397 6333
f 6333 6397 6398
f 6398 6399 6335
f 6399 6400 6336
f 6336 6400 6337
f 6401 6402 6338
f 6402 6403 6339
f 6403 6404 6340
f 6404 6405 6341
f 6405 6406 6342
f 6342 6406 6407
f 6343 6407 6408
f 6344 6408 6409
f 6409 6410 6346
f 6346 6410 6411
f 6411 6412 6348
f 6412 6413 6349
f 6349 6413 6414
f 6414 6415 6351
f 6351 6415 6416
f 6416 6417 6353
f 6353 6417 6418
f 6354 6418 6419
f 6355 6419 6420
f 6356 6420 6421
f 6357 6421 6422
f 6358 6422 6423
f 6359 6423 6424
f 6360 6424 6425
f 6361 6425 6426
f 6362 6426 6427
f 6363 6427 6428
f 6428 6429 6365
f 6365 6429 6430
f 6430 6431 6367
f 6431 6432 6368
f 6432 6433 6369
f 6433 6434 6370
f 6434 6435 6371
f 6435 6436 6372
f 6436 6437 6373
f 6373 6437 6438
f 6438 6439 6375
f 6439 6440 6376
f 6440 6441 6377
f 6441 6442 6378
f 6442 6443 6379
f 6443 6444 6380
f 6444 6445 6381
f 6445 6446 6382
f 6446 6447 6383
f 6447 6448 6384
f 6448 6449 6385
f 6449 6450 6386
f 6450 6451 6387
f 6451 6452 6388
f 6452 6453 6389
f 6389 6453 6454
f 6454 6455 6391
f 6455 6456 6392
f 6392 6456 6457
f 6457 6458 6394
f 6458 6459 6395
f 6459 6460 6396
f 6396 6460 6461
f 6461 6462 6398
f 6462 6463 6399
f 6463 6464 6400
f 6400 6464 6401
f 6465 6466 6402
f 6466 6467 6403
f 6403 6467 6468
f 6404 6468 6469
f 6405 6469 6470
f 6406 6470 6471
f 6471 6472 6408
f 6472 6473 6409
f 6409 6473 6474
f 6410 6474 6475
f 6475 6476 6412
f 6476 6477 6413
f 6477 6478 6414
f 6478 6479 6415
f 6479 6480 6416
f 6480 6481 6417
f 6417 6481 6482
f 6482 6483 6419
f 6483 6484 6420
f 6420 6484 6485
f 6485 6486 6422
f 6486 6487 6423
f 6487 6488 6424
f 6424 6488 6489
f 6425 6489 6490
f 6426 6490 6491
f 6491 6492 6428
f 6492 6493 6429
f 6429 6493 6494
f 6494 6495 6431
f 6495 6496 6432
f 6496 6497 6433
f 6433 6497 6498
f 6498 6499 6435
f 6499 6500 6436
f 6500 6501 6437
f 6501 6502 6438
f 6502 6503 6439
f 6503 6504 6440
f 6504 6505 6441
f 6505 6506 6442
f 6442 6506 6507
f 6507 6508 6444
f 6508 6509 6445
f 6509 6510 6446
f 6446 6510 6511
f 6447 6511 6512
f 6512 6513 6449
f 6513 6514 6450
f 6450 6514 6515
f 6451 6515 6516
f 6452 6516 6517
f 6453 6517 6518
f 6518 6519 6455
f 6519 6520 6456
f 6520 6521 6457
f 6521 6522 6458
f 6522 6523 6459
f 6523 6524 6460
f 6524 6525 6461
f 6525 6526 6462
f 6526 6527 6463
f 6527 6528 6464
f 6464 6528 6465
f 6529 6530 6466
f 6466 6530 6531
f 6531 6532 6468
f 6468 6532 6533
f 6469 6533 6534
f 6534 6535 6471
f 6535 6536 6472
f 6536 6537 6473
f 6537 6538 6474
f 6538 6539 6475
f 6539 6540 6476
f 6540 6541 6477
f 6541 6542 6478
f 6542 6543 6479
f 6479 6543 6544
f 6544 6545 6481
f 6545 6546 6482
f 6546 6547 6483
f 6483 6547 6548
f 6548 6549 6485
f 6549 6550 6486
f 6550 6551 6487
f 6551 6552 6488
f 6552 6553 6489
f 6553 6554 6490
f 6554 6555 6491
f 6555 6556 6492
f 6556 6557 6493
f 6557 6558 6494
f 6494 6558 6559
f 6559 6560 6496
f 6496 6560 6561
f 6561 6562 6498
f 6498 6562 6563
f 6563 6564 6500
f 6564 6565 6501
f 6501 6565 6566
f 6566 6567 6503
f 6503 6567 6568
f 6504 6568 6569
f 6505 6569 6570
f 6506 6570 6571
f 6571 6572 6508
f 6508 6572 6573
f 6509 6573 6574
f 6574 6575 6511
f 6511 6575 6576
f 6576 6577 6513
f 6577 6578 6514
f 6578 6579 6515
f 6515 6579 6580
f 6580 6581 6517
f 6517 6581 6582
f 6518 6582 6583
f 6519 6583 6584
f 6520 6584 6585
f 6521 6585 6586
f 6522 6586 6587
f 6523 6587 6588
f 6588 6589 6525
f 6589 6590 6526
f 6526 6590 6591
f 6591 6592 6528
f 6528 6592 6529
f 6593 6594 6530
f 6530 6594 6595
f 6595 6596 6532
f 6532 6596 6597
f 6597 6598 6534
f 6598 6599 6535
f 6535 6599 6600
f 6536 6600 6601
f 6601 6602 6538
f 6538 6602 6603
f 6539 6603 6604
f 6540 6604 6605
f 6541 6605 6606
f 6606 6607 6543
f 6607 6608 6544
f 6608 6609 6545
f 6545 6609 6610
f 6546 6610 6611
f 6547 6611 6612
f 6548 6612 6613
f 6613 6614 6550
f 6614 6615 6551
f 6551 6615 6616
f 6552 6616 6617
f 6553 6617 6618
f 6618 6619 6555
f 6555 6619 6620
f 6620 6621 6557
f 6557 6621 6622
f 6622 6623 6559
f 6623 6624 6560
f 6624 6625 6561
f 6625 6626 6562
f 6626 6627 6563
f 6627 6628 6564
f 6628 6629 6565
f 6629 6630 6566
f 6630 6631 6567
f 6567 6631 6632
f 6632 6633 6569
f 6633 6634 6570
f 6634 6635 6571
f 6571 6635 6636
f 6636 6637 6573
f 6637 6638 6574
f 6638 6639 6575
f 6639 6640 6576
f 6640 6641 6577
f 6577 6641 6642
f 6642 6643 6579
f 6643 6644 6580
f 6644 6645 6581
f 6645 6646 6582
f 6646 6647 6583
f 6647 6648 6584
f 6648 6649 6585
f 6649 6650 6586
f 6650 6651 6587
f 6587 6651 6652
f 6652 6653 6589
f 6653 6654 6590
f 6590 6654 6655
f 6655 6656 6592
f 6656 6593 6529
f 6657 6658 6594
f 6658 6659 6595
f 6595 6659 6660
f 6660 6661 6597
f 6661 6662 6598
f 6662 6663 6599
f 6663 6664 6600
f 6664 6665 6601
f 6601 6665 6666
f 6666 6667 6603
f 6667 6668 6604
f 6668 6669 6605
f 6669 6670 6606
f 6670 6671 6607
f 6607 6671 6672
f 6672 6673 6609
f 6673 6674 6610
f 6610 6674 6675
f 6675 6676 6612
f 6676 6677 6613
f 6677 6678 6614
f 6678 6679 6615
f 6615 6679 6680
f 6680 6681 6617
f 6681 6682 6618
f 6618 6682 6683
f 6683 6684 6620
f 6684 6685 6621
f 6685 6686 6622
f 6686 6687 6623
f 6687 6688 6624
f 6688 6689 6625
f 6689 6690 6626
f 6690 6691 6627
f 6627 6691 6692
f 6692 6693 6629
f 6693 6694 6630
f 6630 6694 6695
f 6695 6696 6632
f 6632 6696 6697
f 6697 6698 6634
f 6698 6699 6635
f 6635 6699 6700
f 6700 6701 6637
f 6637 6701 6702
f 6638 6702 6703
f 6703 6704 6640
f 6704 6705 6641
f 6705 6706 6642
f 6706 6707 6643
f 6643 6707 6708
f 6708 6709 6645
f 6645 6709 6710
f 6646 6710 6711
f 6711 6712 6648
f 6712 6713 6649
f 6713 6714 6650
f 6650 6714 6715
f 6715 6716 6652
f 6652 6716 6717
f 6653 6717 6718
f 6718 6719 6655
f 6655 6719 6720
f 6656 6720 6657
f 6721 6722 6658
f 6722 6723 6659
f 6659 6723 6724
f 6724 6725 6661
f 6725 6726 6662
f 6662 6726 6727
f 6663 6727 6728
f 6664 6728 6729
f 6665 6729 6730
f 6666 6730 6731
f 6667 6731 6732
f 6668 6732 6733
f 6733 6734 6670
f 6670 6734 6735
f 6671 6735 6736
f 6736 6737 6673
f 6737 6738 6674
f 6738 6739 6675
f 6739 6740 6676
f 6740 6741 6677
f 6741 6742 6678
f 6742 6743 6679
f 6743 6744 6680
f 6680 6744 6745
f 6745 6746 6682
f 6746 6747 6683
f 6747 6748 6684
f 6684 6748 6749
f 6685 6749 6750
f 6686 6750 6751
f 6751 6752 6688
f 6752 6753 6689
f 6753 6754 6690
f 6754 6755 6691
f 6755 6756 6692
f 6756 6757 6693
f 6757 6758 6694
f 6694 6758 6759
f 6759 6760 6696
f 6760 6761 6697
f 6761 6762 6698
f 6698 6762 6763
f 6699 6763 6764
f 6764 6765 6701
f 6701 6765 6766
f 6702 6766 6767
f 6703 6767 6768
f 6704 6768 6769
f 6769 6770 6706
f 6770 6771 6707
f 6771 6772 6708
f 6708 6772 6773
f 6773 6774 6710
f 6774 6775 6711
f 6775 6776 6712
f 6776 6777 6713
f 6777 6778 6714
f 6778 6779 6715
f 6779 6780 6716
f 6716 6780 6781
f 6717 6781 6782
f 6782 6783 6719
f 6719 6783 6784
f 6784 6721 6657
f 6785 6786 6722
f 6786 6787 6723
f 6723 6787 6788
f 6788 6789 6725
f 6789 6790 6726
f 6790 6791 6727
f 6791 6792 6728
f 6792 6793 6729
f 6729 6793 6794
f 6794 6795 6731
f 6795 6796 6732
f 6796 6797 6733
f 6797 6798 6734
f 6798 6799 6735
f 6799 6800 6736
f 6800 6801 6737
f 6737 6801 6802
f 6738 6802 6803
f 6739 6803 6804
f 6740 6804 6805
f 6741 6805 6806
f 6806 6807 6743
f 6743 6807 6808
f 6744 6808 6809
f 6809 6810 6746
f 6810 6811 6747
f 6747 6811 6812
f 6812 6813 6749
f 6749 6813 6814
f 6814 6815 6751
f 6815 6816 6752
f 6816 6817 6753
f 6817 6818 6754
f 6818 6819 6755
f 6819 6820 6756
f 6820 6821 6757
f 6757 6821 6822
f 6822 6823 6759
f 6759 6823 6824
f 6760 6824 6825
f 6825 6826 6762
f 6762 6826 6827
f 6763 6827 6828
f 6828 6829 6765
f 6829 6830 6766
f 6830 6831 6767
f 6831 6832 6768
f 6832 6833 6769
f 6833 6834 6770
f 6770 6834 6835
f 6771 6835 6836
f 6836 6837 6773
f 6773 6837 6838
f 6774 6838 6839
f 6775 6839 6840
f 6840 6841 6777
f 6841 6842 6778
f 6778 6842 6843
f 6843 6844 6780
f 6844 6845 6781
f 6781 6845 6846
f 6846 6847 6783
f 6783 6847 6848
f 6784 6848 6785
f 6849 6850 6786
f 6786 6850 6851
f 6851 6852 6788
f 6852 6853 6789
f 6853 6854 6790
f 6854 6855 6791
f 6855 6856 6792
f 6792 6856 6857
f 6857 6858 6794
f 6858 6859 6795
f 6859 6860 6796
f 6860 6861 6797
f 6797 6861 6862
f 6862 6863 6799
f 6863 6864 6800
f 6800 6864 6865
f 6865 6866 6802
f 6866 6867 6803
f 6867 6868 6804
f 6868 6869 6805
f 6805 6869 6870
f 6806 6870 6871
f 6807 6871 6872
f 6872 6873 6809
f 6873 6874 6810
f 6874 6875 6811
f 6811 6875 6876
f 6812 6876 6877
f 6813 6877 6878
f 6878 6879 6815
f 6879 6880 6816
f 6816 6880 6881
f 6881 6882 6818
f 6882 6883 6819
f 6819 6883 6884
f 6884 6885 6821
f 6885 6886 6822
f 6886 6887 6823
f 6823 6887 6888
f 6888 6889 6825
f 6889 6890 6826
f 6890 6891 6827
f 6891 6892 6828
f 6892 6893 6829
f 6829 6893 6894
f 6830 6894 6895
f 6895 6896 6832
f 6832 6896 6897
f 6897 6898 6834
f 6898 6899 6835
f 6835 6899 6900
f 6900 6901 6837
f 6901 6902 6838
f 6838 6902 6903
f 6839 6903 6904
f 6840 6904 6905
f 6905 6906 6842
f 6842 6906 6907
f 6907 6908 6844
f 6844 6908 6909
f 6909 6910 6846
f 6910 6911 6847
f 6911 6912 6848
f 6912 6849 6785
f 6913 6914 6850
f 6850 6914 6915
f 6915 6916 6852
f 6916 6917 6853
f 6917 6918 6854
f 6854 6918 6919
f 6919 6920 6856
f 6856 6920 6921
f 6921 6922 6858
f 6858 6922 6923
f 6859 6923 6924
f 6924 6925 6861
f 6861 6925 6926
f 6862 6926 6927
f 6863 6927 6928
f 6864 6928 6929
f 6865 6929 6930
f 6930 6931 6867
f 6867 6931 6932
f 6932 6933 6869
f 6869 6933 6934
f 6934 6935 6871
f 6871 6935 6936
f 6936 6937 6873
f 6873 6937 6938
f 6938 6939 6875
f 6875 6939 6940
f 6940 6941 6877
f 6877 6941 6942
f 6942 6943 6879
f 6943 6944 6880
f 6880 6944 6945
f 6945 6946 6882
f 6882 6946 6947
f 6883 6947 6948
f 6948 6949 6885
f 6885 6949 6950
f 6950 6951 6887
f 6887 6951 6952
f 6952 6953 6889
f 6953 6954 6890
f 6954 6955 6891
f 6955 6956 6892
f 6956 6957 6893
f 6957 6958 6894
f 6958 6959 6895
f 6895 6959 6960
f 6960 6961 6897
f 6961 6962 6898
f 6962 6963 6899
f 6963 6964 6900
f 6964 6965 6901
f 6901 6965 6966
f 6966 6967 6903
f 6967 6968 6904
f 6904 6968 6969
f 6969 6970 6906
f 6906 6970 6971
f 6971 6972 6908
f 6972 6973 6909
f 6909 6973 6974
f 6910 6974 6975
f 6975 6976 6912
f 6976 6913 6849
f 6977 6978 6914
f 6978 6979 6915
f 6979 6980 6916
f 6980 6981 6917
f 6917 6981 6982
f 6982 6983 6919
f 6983 6984 6920
f 6984 6985 6921
f 6985 6986 6922
f 6986 6987 6923
f 6987 6988 6924
f 6988 6989 6925
f 6989 6990 6926
f 6990 6991 6927
f 6991 6992 6928
f 6992 6993 6929
f 6993 6994 6930
f 6930 6994 6995
f 6931 6995 6996
f 6932 6996 6997
f 6997 6998 6934
f 6998 6999 6935
f 6999 7000 6936
f 6936 7000 7001
f 7001 7002 6938
f 7002 7003 6939
f 7003 7004 6940
f 7004 7005 6941
f 6941 7005 7006
f 7006 7007 6943
f 7007 7008 6944
f 6944 7008 7009
f 7009 7010 6946
f 6946 7010 7011
f 6947 7011 7012
f 7012 7013 6949
f 6949 7013 7014
f 6950 7014 7015
f 6951 7015 7016
f 6952 7016 7017
f 7017 7018 6954
f 6954 7018 7019
f 6955 7019 7020
f 6956 7020 7021
f 7021 7022 6958
f 7022 7023 6959
f 7023 7024 6960
f 6960 7024 7025
f 6961 7025 7026
f 7026 7027 6963
f 6963 7027 7028
f 6964 7028 7029
f 6965 7029 7030
f 6966 7030 7031
f 6967 7031 7032
f 6968 7032 7033
f 6969 7033 7034
f 7034 7035 6971
f 6971 7035 7036
f 7036 7037 6973
f 7037 7038 6974
f 6974 7038 7039
f 7039 7040 6976
f 7040 6977 6913
f 7041 7042 6978
f 6978 7042 7043
f 7043 7044 6980
f 7044 7045 6981
f 6981 7045 7046
f 7046 7047 6983
f 7047 7048 6984
f 6984 7048 7049
f 6985 7049 7050
f 7050 7051 6987
f 7051 7052 6988
f 6988 7052 7053
f 6989 7053 7054
f 7054 7055 6991
f 7055 7056 6992
f 7056 7057 6993
f 7057 7058 6994
f 6994 7058 7059
f 7059 7060 6996
f 7060 7061 6997
f 7061 7062 6998
f 6998 7062 7063
f 6999 7063 7064
f 7064 7065 7001
f 7001 7065 7066
f 7066 7067 7003
f 7003 7067 7068
f 7068 7069 7005
f 7069 7070 7006
f 7070 7071 7007
f 7071 7072 7008
f 7008 7072 7073
f 7073 7074 7010
f 7010 7074 7075
f 7075 7076 7012
f 7076 7077 7013
f 7077 7078 7014
f 7078 7079 7015
f 7079 7080 7016
f 7080 7081 7017
f 7081 7082 7018
f 7082 7083 7019
f 7083 7084 7020
f 7084 7085 7021
f 7085 7086 7022
f 7022 7086 7087
f 7087 7088 7024
f 7024 7088 7089
f 7025 7089 7090
f 7026 7090 7091
f 7027 7091 7092
f 7092 7093 7029
f 7093 7094 7030
f 7094 7095 7031
f 7031 7095 7096
f 7096 7097 7033
f 7097 7098 7034
f 7034 7098 7099
f 7035 7099 7100
f 7100 7101 7037
f 7037 7101 7102
f 7038 7102 7103
f 7103 7104 7040
f 7040 7104 7041
f 7105 7106 7042
f 7042 7106 7107
f 7107 7108 7044
f 7044 7108 7109
f 7045 7109 7110
f 7110 7111 7047
f 7111 7112 7048
f 7112 7113 7049
f 7113 7114 7050
f 7050 7114 7115
f 7115 7116 7052
f 7052 7116 7117
f 7053 7117 7118
f 7118 7119 7055
f 7119 7120 7056
f 7056 7120 7121
f 7121 7122 7058
f 7058 7122 7123
f 7059 7123 7124
f 7060 7124 7125
f 7061 7125 7126
f 7126 7127 7063
f 7063 7127 7128
f 7128 7129 7065
f 7129 7130 7066
f 7130 7131 7067
f 7131 7132 7068
f 7132 7133 7069
f 7133 7134 7070
f 7070 7134 7135
f 7071 7135 7136
f 7072 7136 7137
f 7137 7138 7074
f 7138 7139 7075
f 7139 7140 7076
f 7076 7140 7141
f 7141 7142 7078
f 7078 7142 7143
f 7079 7143 7144
f 7080 7144 7145
f 7145 7146 7082
f 7146 7147 7083
f 7147 7148 7084
f 7148 7149 7085
f 7149 7150 7086
f 7150 7151 7087
f 7151 7152 7088
f 7152 7153 7089
f 7153 7154 7090
f 7090 7154 7155
f 7155 7156 7092
f 7156 7157 7093
f 7157 7158 7094
f 7158 7159 7095
f 7159 7160 7096
f 7160 7161 7097
f 7097 7161 7162
f 7162 7163 7099
f 7099 7163 7164
f 7164 7165 7101
f 7165 7166 7102
f 7102 7166 7167
f 7167 7168 7104
f 7104 7168 7105
f 7105 7169 7170
f 7170 7171 7107
f 7171 7172 7108
f 7108 7172 7173
f 7109 7173 7174
f 7174 7175 7111
f 7175 7176 7112
f 7176 7177 7113
f 7177 7178 7114
f 7178 7179 7115
f 7115 7179 7180
f 7116 7180 7181
f 7181 7182 7118
f 7118 7182 7183
f 7119 7183 7184
f 7184 7185 7121
f 7185 7186 7122
f 7186 7187 7123
f 7187 7188 7124
f 7124 7188 7189
f 7125 7189 7190
f 7126 7190 7191
f 7127 7191 7192
f 7192 7193 7129
f 7129 7193 7194
f 7130 7194 7195
f 7195 7196 7132
f 7132 7196 7197
f 7133 7197 7198
f 7134 7198 7199
f 7135 7199 7200
f 7200 7201 7137
f 7201 7202 7138
f 7202 7203 7139
f 7203 7204 7140
f 7204 7205 7141
f 7205 7206 7142
f 7206 7207 7143
f 7207 7208 7144
f 7208 7209 7145
f 7209 7210 7146
f 7146 7210 7211
f 7211 7212 7148
f 7212 7213 7149
f 7213 7214 7150
f 7150 7214 7215
f 7215 7216 7152
f 7152 7216 7217
f 7153 7217 7218
f 7218 7219 7155
f 7219 7220 7156
f 7156 7220 7221
f 7221 7222 7158
f 7222 7223 7159
f 7159 7223 7224
f 7160 7224 7225
f 7225 7226 7162
f 7162 7226 7227
f 7163 7227 7228
f 7228 7229 7165
f 7229 7230 7166
f 7166 7230 7231
f 7231 7232 7168
f 7232 7169 7105
f 7169 7233 7234
f 7170 7234 7235
f 7235 7236 7172
f 7172 7236 7237
f 7173 7237 7238
f 7238 7239 7175
f 7239 7240 7176
f 7240 7241 7177
f 7241 7242 7178
f 7242 7243 7179
f 7243 7244 7180
f 7244 7245 7181
f 7245 7246 7182
f 7246 7247 7183
f 7183 7247 7248
f 7248 7249 7185
f 7249 7250 7186
f 7186 7250 7251
f 7251 7252 7188
f 7252 7253 7189
f 7253 7254 7190
f 7254 7255 7191
f 7191 7255 7256
f 7256 7257 7193
f 7257 7258 7194
f 7258 7259 7195
f 7259 7260 7196
f 7260 7261 7197
f 7197 7261 7262
f 7198 7262 7263
f 7199 7263 7264
f 7264 7265 7201
f 7265 7266 7202
f 7266 7267 7203
f 7267 7268 7204
f 7268 7269 7205
f 7205 7269 7270
f 7206 7270 7271
f 7207 7271 7272
f 7208 7272 7273
f 7209 7273 7274
f 7274 7275 7211
f 7211 7275 7276
f 7212 7276 7277
f 7213 7277 7278
f 7214 7278 7279
f 7279 7280 7216
f 7280 7281 7217
f 7217 7281 7282
f 7282 7283 7219
f 7219 7283 7284
f 7220 7284 7285
f 7285 7286 7222
f 7286 7287 7223
f 7223 7287 7288
f 7224 7288 7289
f 7225 7289 7290
f 7226 7290 7291
f 7227 7291 7292
f 7292 7293 7229
f 7293 7294 7230
f 7230 7294 7295
f 7295 7296 7232
f 7296 7233 7169
f 7233 7297 7298
f 7298 7299 7235
f 7235 7299 7300
f 7300 7301 7237
f 7237 7301 7302
f 7302 7303 7239
f 7303 7304 7240
f 7304 7305 7241
f 7305 7306 7242
f 7242 7306 7307
f 7307 7308 7244
f 7308 7309 7245
f 7245 7309 7310
f 7310 7311 7247
f 7311 7312 7248
f 7248 7312 7313
f 7313 7314 7250
f 7250 7314 7315
f 7315 7316 7252
f 7252 7316 7317
f 7253 7317 7318
f 7318 7319 7255
f 7255 7319 7320
f 7320 7321 7257
f 7321 7322 7258
f 7322 7323 7259
f 7323 7324 7260
f 7260 7324 7325
f 7261 7325 7326
f 7262 7326 7327
f 7327 7328 7264
f 7328 7329 7265
f 7265 7329 7330
f 7330 7331 7267
f 7331 7332 7268
f 7332 7333 7269
f 7333 7334 7270
f 7270 7334 7335
f 7335 7336 7272
f 7336 7337 7273
f 7337 7338 7274
f 7338 7339 7275
f 7275 7339 7340
f 7340 7341 7277
f 7341 7342 7278
f 7342 7343 7279
f 7343 7344 7280
f 7280 7344 7345
f 7345 7346 7282
f 7346 7347 7283
f 7347 7348 7284
f 7348 7349 7285
f 7349 7350 7286
f 7286 7350 7351
f 7351 7352 7288
f 7288 7352 7353
f 7289 7353 7354
f 7290 7354 7355
f 7291 7355 7356
f 7356 7357 7293
f 7293 7357 7358
f 7358 7359 7295
f 7295 7359 7360
f 7360 7297 7233
f 7361 7362 7298
f 7362 7363 7299
f 7299 7363 7364
f 7364 7365 7301
f 7301 7365 7366
f 7366 7367 7303
f 7367 7368 7304
f 7368 7369 7305
f 7369 7370 7306
f 7306 7370 7371
f 7371 7372 7308
f 7372 7373 7309
f 7309 7373 7374
f 7310 7374 7375
f 7375 7376 7312
f 7312 7376 7377
f 7313 7377 7378
f 7314 7378 7379
f 7379 7380 7316
f 7380 7381 7317
f 7381 7382 7318
f 7382 7383 7319
f 7319 7383 7384
f 7384 7385 7321
f 7321 7385 7386
f 7322 7386 7387
f 7387 7388 7324
f 7324 7388 7389
f 7325 7389 7390
f 7326 7390 7391
f 7327 7391 7392
f 7392 7393 7329
f 7329 7393 7394
f 7394 7395 7331
f 7395 7396 7332
f 7396 7397 7333
f 7397 7398 7334
f 7334 7398 7399
f 7399 7400 7336
f 7400 7401 7337
f 7337 7401 7402
f 7402 7403 7339
f 7403 7404 7340
f 7340 7404 7405
f 7405 7406 7342
f 7342 7406 7407
f 7407 7408 7344
f 7408 7409 7345
f 7409 7410 7346
f 7410 7411 7347
f 7411 7412 7348
f 7412 7413 7349
f 7349 7413 7414
f 7350 7414 7415
f 7415 7416 7352
f 7352 7416 7417
f 7417 7418 7354
f 7418 7419 7355
f 7355 7419 7420
f 7420 7421 7357
f 7357 7421 7422
f 7422 7423 7359
f 7359 7423 7424
f 7424 7361 7297
f 7361 7425 7426
f 7426 7427 7363
f 7363 7427 7428
f 7428 7429 7365
f 7365 7429 7430
f 7366 7430 7431
f 7431 7432 7368
f 7432 7433 7369
f 7433 7434 7370
f 7434 7435 7371
f 7371 7435 7436
f 7372 7436 7437
f 7373 7437 7438
f 7438 7439 7375
f 7439 7440 7376
f 7440 7441 7377
f 7377 7441 7442
f 7442 7443 7379
f 7443 7444 7380
f 7444 7445 7381
f 7445 7446 7382
f 7446 7447 7383
f 7383 7447 7448
f 7384 7448 7449
f 7449 7450 7386
f 7450 7451 7387
f 7451 7452 7388
f 7452 7453 7389
f 7389 7453 7454
f 7454 7455 7391
f 7391 7455 7456
f 7456 7457 7393
f 7393 7457 7458
f 7458 7459 7395
f 7395 7459 7460
f 7460 7461 7397
f 7461 7462 7398
f 7398 7462 7463
f 7399 7463 7464
f 7400 7464 7465
f 7465 7466 7402
f 7466 7467 7403
f 7467 7468 7404
f 7404 7468 7469
f 7405 7469 7470
f 7470 7471 7407
f 7407 7471 7472
f 7472 7473 7409
f 7409 7473 7474
f 7410 7474 7475
f 7411 7475 7476
f 7476 7477 7413
f 7477 7478 7414
f 7414 7478 7479
f 7415 7479 7480
f 7416 7480 7481
f 7417 7481 7482
f 7482 7483 7419
f 7483 7484 7420
f 7484 7485 7421
f 7421 7485 7486
f 7486 7487 7423
f 7423 7487 7488
f 7488 7425 7361
f 7425 7489 7490
f 7426 7490 7491
f 7427 7491 7492
f 7492 7493 7429
f 7429 7493 7494
f 7494 7495 7431
f 7495 7496 7432
f 7432 7496 7497
f 7497 7498 7434
f 7498 7499 7435
f 7499 7500 7436
f 7436 7500 7501
f 7501 7502 7438
f 7502 7503 7439
f 7503 7504 7440
f 7504 7505 7441
f 7505 7506 7442
f 7442 7506 7507
f 7507 7508 7444
f 7508 7509 7445
f 7509 7510 7446
f 7510 7511 7447
f 7511 7512 7448
f 7512 7513 7449
f 7449 7513 7514
f 7514 7515 7451
f 7515 7516 7452
f 7452 7516 7517
f 7453 7517 7518
f 7518 7519 7455
f 7455 7519 7520
f 7456 7520 7521
f 7521 7522 7458
f 7522 7523 7459
f 7523 7524 7460
f 7524 7525 7461
f 7525 7526 7462
f 7462 7526 7527
f 7527 7528 7464
f 7528 7529 7465
f 7529 7530 7466
f 7530 7531 7467
f 7467 7531 7532
f 7468 7532 7533
f 7469 7533 7534
f 7470 7534 7535
f 7535 7536 7472
f 7472 7536 7537
f 7473 7537 7538
f 7538 7539 7475
f 7539 7540 7476
f 7540 7541 7477
f 7541 7542 7478
f 7478 7542 7543
f 7543 7544 7480
f 7544 7545 7481
f 7545 7546 7482
f 7482 7546 7547
f 7547 7548 7484
f 7484 7548 7549
f 7485 7549 7550
f 7550 7551 7487
f 7551 7552 7488
f 7552 7489 7425
f 7553 7554 7490
f 7490 7554 7555
f 7491 7555 7556
f 7556 7557 7493
f 7493 7557 7558
f 7494 7558 7559
f 7495 7559 7560
f 7560 7561 7497
f 7497 7561 7562
f 7562 7563 7499
f 7499 7563 7564
f 7500 7564 7565
f 7501 7565 7566
f 7566 7567 7503
f 7503 7567 7568
f 7568 7569 7505
f 7505 7569 7570
f 7506 7570 7571
f 7507 7571 7572
f 7508 7572 7573
f 7509 7573 7574
f 7510 7574 7575
f 7511 7575 7576
f 7512 7576 7577
f 7513 7577 7578
f 7578 7579 7515
f 7515 7579 7580
f 7516 7580 7581
f 7517 7581 7582
f 7582 7583 7519
f 7583 7584 7520
f 7584 7585 7521
f 7585 7586 7522
f 7522 7586 7587
f 7587 7588 7524
f 7588 7589 7525
f 7589 7590 7526
f 7590 7591 7527
f 7527 7591 7592
f 7592 7593 7529
f 7593 7594 7530
f 7594 7595 7531
f 7595 7596 7532
f 7596 7597 7533
f 7597 7598 7534
f 7598 7599 7535
f 7599 7600 7536
f 7600 7601 7537
f 7537 7601 7602
f 7602 7603 7539
f 7603 7604 7540
f 7604 7605 7541
f 7605 7606 7542
f 7606 7607 7543
f 7543 7607 7608
f 7608 7609 7545
f 7545 7609 7610
f 7610 7611 7547
f 7611 7612 7548
f 7612 7613 7549
f 7549 7613 7614
f 7614 7615 7551
f 7615 7616 7552
f 7552 7616 7553
f 7617 7618 7554
f 7554 7618 7619
f 7619 7620 7556
f 7620 7621 7557
f 7621 7622 7558
f 7558 7622 7623
f 7559 7623 7624
f 7624 7625 7561
f 7625 7626 7562
f 7626 7627 7563
f 7627 7628 7564
f 7628 7629 7565
f 7565 7629 7630
f 7630 7631 7567
f 7631 7632 7568
f 7568 7632 7633
f 7569 7633 7634
f 7634 7635 7571
f 7635 7636 7572
f 7636 7637 7573
f 7573 7637 7638
f 7638 7639 7575
f 7575 7639 7640
f 7576 7640 7641
f 7577 7641 7642
f 7642 7643 7579
f 7643 7644 7580
f 7580 7644 7645
f 7581 7645 7646
f 7582 7646 7647
f 7647 7648 7584
f 7584 7648 7649
f 7649 7650 7586
f 7586 7650 7651
f 7651 7652 7588
f 7652 7653 7589
f 7653 7654 7590
f 7590 7654 7655
f 7591 7655 7656
f 7656 7657 7593
f 7657 7658 7594
f 7658 7659 7595
f 7659 7660 7596
f 7660 7661 7597
f 7597 7661 7662
f 7598 7662 7663
f 7599 7663 7664
f 7664 7665 7601
f 7665 7666 7602
f 7602 7666 7667
f 7667 7668 7604
f 7668 7669 7605
f 7605 7669 7670
f 7670 7671 7607
f 7607 7671 7672
f 7608 7672 7673
f 7673 7674 7610
f 7674 7675 7611
f 7675 7676 7612
f 7612 7676 7677
f 7613 7677 7678
f 7678 7679 7615
f 7679 7680 7616
f 7616 7680 7617
f 7617 7681 7682
f 7682 7683 7619
f 7619 7683 7684
f 7684 7685 7621
f 7685 7686 7622
f 7622 7686 7687
f 7687 7688 7624
f 7688 7689 7625
f 7625 7689 7690
f 7626 7690 7691
f 7627 7691 7692
f 7692 7693 7629
f 7629 7693 7694
f 7630 7694 7695
f 7695 7696 7632
f 7632 7696 7697
f 7633 7697 7698
f 7698 7699 7635
f 7635 7699 7700
f 7636 7700 7701
f 7701 7702 7638
f 7702 7703 7639
f 7639 7703 7704
f 7704 7705 7641
f 7705 7706 7642
f 7706 7707 7643
f 7707 7708 7644
f 7644 7708 7709
f 7709 7710 7646
f 7710 7711 7647
f 7711 7712 7648
f 7648 7712 7713
f 7713 7714 7650
f 7714 7715 7651
f 7651 7715 7716
f 7716 7717 7653
f 7717 7718 7654
f 7718 7719 7655
f 7719 7720 7656
f 7656 7720 7721
f 7657 7721 7722
f 7722 7723 7659
f 7723 7724 7660
f 7724 7725 7661
f 7725 7726 7662
f 7726 7727 7663
f 7663 7727 7728
f 7728 7729 7665
f 7729 7730 7666
f 7666 7730 7731
f 7731 7732 7668
f 7732 7733 7669
f 7669 7733 7734
f 7734 7735 7671
f 7735 7736 7672
f 7736 7737 7673
f 7737 7738 7674
f 7674 7738 7739
f 7739 7740 7676
f 7676 7740 7741
f 7677 7741 7742
f 7742 7743 7679
f 7743 7744 7680
f 7744 7681 7617
f 7745 7746 7682
f 7746 7747 7683
f 7683 7747 7748
f 7748 7749 7685
f 7749 7750 7686
f 7750 7751 7687
f 7687 7751 7752
f 7752 7753 7689
f 7753 7754 7690
f 7690 7754 7755
f 7755 7756 7692
f 7756 7757 7693
f 7693 7757 7758
f 7694 7758 7759
f 7759 7760 7696
f 7760 7761 7697
f 7761 7762 7698
f 7762 7763 7699
f 7699 7763 7764
f 7764 7765 7701
f 7701 7765 7766
f 7766 7767 7703
f 7703 7767 7768
f 7704 7768 7769
f 7769 7770 7706
f 7706 7770 7771
f 7771 7772 7708
f 7772 7773 7709
f 7709 7773 7774
f 7710 7774 7775
f 7775 7776 7712
f 7712 7776 7777
f 7777 7778 7714
f 7778 7779 7715
f 7779 7780 7716
f 7780 7781 7717
f 7717 7781 7782
f 7782 7783 7719
f 7783 7784 7720
f 7720 7784 7785
f 7785 7786 7722
f 7786 7787 7723
f 7787 7788 7724
f 7724 7788 7789
f 7725 7789 7790
f 7790 7791 7727
f 7727 7791 7792
f 7792 7793 7729
f 7793 7794 7730
f 7730 7794 7795
f 7795 7796 7732
f 7796 7797 7733
f 7733 7797 7798
f 7798 7799 7735
f 7735 7799 7800
f 7736 7800 7801
f 7801 7802 7738
f 7802 7803 7739
f 7803 7804 7740
f 7804 7805 7741
f 7805 7806 7742
f 7806 7807 7743
f 7807 7808 7744
f 7744 7808 7745
f 7809 7810 7746
f 7810 7811 7747
f 7811 7812 7748
f 7812 7813 7749
f 7813 7814 7750
f 7814 7815 7751
f 7751 7815 7816
f 7816 7817 7753
f 7817 7818 7754
f 7818 7819 7755
f 7819 7820 7756
f 7756 7820 7821
f 7757 7821 7822
f 7822 7823 7759
f 7759 7823 7824
f 7760 7824 7825
f 7825 7826 7762
f 7826 7827 7763
f 7827 7828 7764
f 7828 7829 7765
f 7829 7830 7766
f 7830 7831 7767
f 7831 7832 7768
f 7832 7833 7769
f 7833 7834 7770
f 7834 7835 7771
f 7835 7836 7772
f 7772 7836 7837
f 7837 7838 7774
f 7838 7839 7775
f 7839 7840 7776
f 7776 7840 7841
f 7841 7842 7778
f 7842 7843 7779
f 7779 7843 7844
f 7780 7844 7845
f 7845 7846 7782
f 7846 7847 7783
f 7783 7847 7848
f 7784 7848 7849
f 7785 7849 7850
f 7786 7850 7851
f 7787 7851 7852
f 7852 7853 7789
f 7789 7853 7854
f 7790 7854 7855
f 7791 7855 7856
f 7856 7857 7793
f 7857 7858 7794
f 7858 7859 7795
f 7795 7859 7860
f 7860 7861 7797
f 7861 7862 7798
f 7798 7862 7863
f 7799 7863 7864
f 7800 7864 7865
f 7801 7865 7866
f 7866 7867 7803
f 7803 7867 7868
f 7868 7869 7805
f 7805 7869 7870
f 7806 7870 7871
f 7871 7872 7808
f 7808 7872 7809
f 7873 7874 7810
f 7810 7874 7875
f 7811 7875 7876
f 7812 7876 7877
f 7877 7878 7814
f 7878 7879 7815
f 7815 7879 7880
f 7816 7880 7881
f 7881 7882 7818
f 7818 7882 7883
f 7819 7883 7884
f 7884 7885 7821
f 7821 7885 7886
f 7886 7887 7823
f 7887 7888 7824
f 7888 7889 7825
f 7825 7889 7890
f 7826 7890 7891
f 7891 7892 7828
f 7892 7893 7829
f 7829 7893 7894
f 7830 7894 7895
f 7895 7896 7832
f 7832 7896 7897
f 7897 7898 7834
f 7898 7899 7835
f 7899 7900 7836
f 7900 7901 7837
f 7837 7901 7902
f 7902 7903 7839
f 7903 7904 7840
f 7904 7905 7841
f 7905 7906 7842
f 7842 7906 7907
f 7907 7908 7844
f 7908 7909 7845
f 7909 7910 7846
f 7910 7911 7847
f 7847 7911 7912
f 7848 7912 7913
f 7913 7914 7850
f 7850 7914 7915
f 7915 7916 7852
f 7916 7917 7853
f 7853 7917 7918
f 7854 7918 7919
f 7919 7920 7856
f 7920 7921 7857
f 7921 7922 7858
f 7922 7923 7859
f 7923 7924 7860
f 7924 7925 7861
f 7861 7925 7926
f 7926 7927 7863
f 7927 7928 7864
f 7864 7928 7929
f 7929 7930 7866
f 7930 7931 7867
f 7867 7931 7932
f 7932 7933 7869
f 7933 7934 7870
f 7934 7935 7871
f 7935 7936 7872
f 7872 7936 7873
f 7937 7938 7874
f 7874 7938 7939
f 7875 7939 7940
f 7940 7941 7877
f 7877 7941 7942
f 7942 7943 7879
f 7943 7944 7880
f 7944 7945 7881
f 7945 7946 7882
f 7946 7947 7883
f 7947 7948 7884
f 7948 7949 7885
f 7885 7949 7950
f 7950 7951 7887
f 7887 7951 7952
f 7952 7953 7889
f 7889 7953 7954
f 7954 7955 7891
f 7891 7955 7956
f 7956 7957 7893
f 7957 7958 7894
f 7894 7958 7959
f 7895 7959 7960
f 7960 7961 7897
f 7961 7962 7898
f 7962 7963 7899
f 7963 7964 7900
f 7964 7965 7901
f 7965 7966 7902
f 7966 7967 7903
f 7967 7968 7904
f 7904 7968 7969
f 7969 7970 7906
f 7906 7970 7971
f 7907 7971 7972
f 7972 7973 7909
f 7973 7974 7910
f 7910 7974 7975
f 7911 7975 7976
f 7976 7977 7913
f 7913 7977 7978
f 7978 7979 7915
f 7979 7980 7916
f 7980 7981 7917
f 7917 7981 7982
f 7982 7983 7919
f 7983 7984 7920
f 7920 7984 7985
f 7985 7986 7922
f 7986 7987 7923
f 7923 7987 7988
f 7988 7989 7925
f 7925 7989 7990
f 7926 7990 7991
f 7927 7991 7992
f 7928 7992 7993
f 7929 7993 7994
f 7994 7995 7931
f 7931 7995 7996
f 7996 7997 7933
f 7933 7997 7998
f 7998 7999 7935
f 7999 8000 7936
f 7936 8000 7937
f 8001 8002 7938
f 8002 8003 7939
f 8003 8004 7940
f 7940 8004 8005
f 8005 8006 7942
f 8006 8007 7943
f 8007 8008 7944
f 8008 8009 7945
f 8009 8010 7946
f 7946 8010 8011
f 7947 8011 8012
f 7948 8012 8013
f 8013 8014 7950
f 7950 8014 8015
f 7951 8015 8016
f 7952 8016 8017
f 7953 8017 8018
f 8018 8019 7955
f 8019 8020 7956
f 7956 8020 8021
f 7957 8021 8022
f 7958 8022 8023
f 7959 8023 8024
f 8024 8025 7961
f 7961 8025 8026
f 7962 8026 8027
f 8027 8028 7964
f 8028 8029 7965
f 8029 8030 7966
f 8030 8031 7967
f 7967 8031 8032
f 8032 8033 7969
f 8033 8034 7970
f 8034 8035 7971
f 8035 8036 7972
f 7972 8036 8037
f 8037 8038 7974
f 7974 8038 8039
f 8039 8040 7976
f 8040 8041 7977
f 8041 8042 7978
f 8042 8043 7979
f 8043 8044 7980
f 8044 8045 7981
f 8045 8046 7982
f 8046 8047 7983
f 7983 8047 8048
f 8048 8049 7985
f 8049 8050 7986
f 8050 8051 7987
f 8051 8052 7988
f 8052 8053 7989
f 8053 8054 7990
f 8054 8055 7991
f 8055 8056 7992
f 7992 8056 8057
f 7993 8057 8058
f 8058 8059 7995
f 7995 8059 8060
f 8060 8061 7997
f 8061 8062 7998
f 7998 8062 8063
f 7999 8063 8064
f 8064 8001 7937
f 8001 8065 8066
f 8066 8067 8003
f 8067 8068 8004
f 8068 8069 8005
f 8069 8070 8006
f 8070 8071 8007
f 8071 8072 8008
f 8072 8073 8009
f 8073 8074 8010
f 8010 8074 8075
f 8075 8076 8012
f 8076 8077 8013
f 8077 8078 8014
f 8014 8078 8079
f 8079 8080 8016
f 8080 8081 8017
f 8081 8082 8018
f 8082 8083 8019
f 8083 8084 8020
f 8084 8085 8021
f 8021 8085 8086
f 8086 8087 8023
f 8087 8088 8024
f 8088 8089 8025
f 8089 8090 8026
f 8090 8091 8027
f 8091 8092 8028
f 8092 8093 8029
f 8093 8094 8030
f 8094 8095 8031
f 8095 8096 8032
f 8096 8097 8033
f 8097 8098 8034
f 8098 8099 8035
f 8035 8099 8100
f 8036 8100 8101
f 8101 8102 8038
f 8038 8102 8103
f 8039 8103 8104
f 8040 8104 8105
f 8105 8106 8042
f 8042 8106 8107
f 8107 8108 8044
f 8044 8108 8109
f 8045 8109 8110
f 8110 8111 8047
f 8047 8111 8112
f 8048 8112 8113
f 8049 8113 8114
f 8050 8114 8115
f 8051 8115 8116
f 8052 8116 8117
f 8053 8117 8118
f 8054 8118 8119
f 8119 8120 8056
f 8056 8120 8121
f 8057 8121 8122
f 8058 8122 8123
f 8123 8124 8060
f 8060 8124 8125
f 8061 8125 8126
f 8062 8126 8127
f 8063 8127 8128
f 8128 8065 8001
f 8129 8130 8066
f 8130 8131 8067
f 8067 8131 8132
f 8068 8132 8133
f 8069 8133 8134
f 8070 8134 8135
f 8071 8135 8136
f 8072 8136 8137
f 8137 8138 8074
f 8138 8139 8075
f 8139 8140 8076
f 8140 8141 8077
f 8141 8142 8078
f 8142 8143 8079
f 8079 8143 8144
f 8080 8144 8145
f 8081 8145 8146
f 8082 8146 8147
f 8147 8148 8084
f 8084 8148 8149
f 8149 8150 8086
f 8086 8150 8151
f 8151 8152 8088
f 8152 8153 8089
f 8153 8154 8090
f 8154 8155 8091
f 8091 8155 8156
f 8092 8156 8157
f 8093 8157 8158
f 8094 8158 8159
f 8159 8160 8096
f 8160 8161 8097
f 8097 8161 8162
f 8162 8163 8099
f 8163 8164 8100
f 8164 8165 8101
f 8165 8166 8102
f 8166 8167 8103
f 8103 8167 8168
f 8104 8168 8169
f 8105 8169 8170
f 8106 8170 8171
f 8171 8172 8108
f 8108 8172 8173
f 8173 8174 8110
f 8174 8175 8111
f 8175 8176 8112
f 8176 8177 8113
f 8177 8178 8114
f 8178 8179 8115
f 8115 8179 8180
f 8116 8180 8181
f 8181 8182 8118
f 8118 8182 8183
f 8119 8183 8184
f 8120 8184 8185
f 8185 8186 8122
f 8186 8187 8123
f 8187 8188 8124
f 8188 8189 8125
f 8189 8190 8126
f 8190 8191 8127
f 8127 8191 8192
f 8192 8129 8065
f 8129 1 2
f 2 3 8131
f 3 4 8132
f 4 5 8133
f 5 6 8134
f 6 7 8135
f 7 8 8136
f 8136 8 9
f 8137 9 10
f 10 11 8139
f 11 12 8140
f 12 13 8141
f 13 14 8142
f 14 15 8143
f 15 16 8144
f 8144 16 17
f 17 18 8146
f 8146 18 19
f 19 20 8148
f 20 21 8149
f 21 22 8150
f 22 23 8151
f 8151 23 24
f 24 25 8153
f 8153 25 26
f 26 27 8155
f 27 28 8156
f 28 29 8157
f 29 30 8158
f 30 31 8159
f 31 32 8160
f 32 33 8161
f 33 34 8162
f 34 35 8163
f 35 36 8164
f 8164 36 37
f 8165 37 38
f 8166 38 39
f 39 40 8168
f 40 41 8169
f 41 42 8170
f 42 43 8171
f 43 44 8172
f 44 45 8173
f 8173 45 46
f 8174 46 47
f 8175 47 48
f 8176 48 49
f 49 50 8178
f 8178 50 51
f 8179 51 52
f 8180 52 53
f 8181 53 54
f 8182 54 55
f 8183 55 56
f 56 57 8185
f 57 58 8186
f 8186 58 59
f 8187 59 60
f 8188 60 61
f 61 62 8190
f 62 63 8191
f 63 64 8192
f 64 1 8129
